/*******************************************************************************
 * Size: 22 px
 * Bpp: 4
 * Opts: --bpp 4 --size 22 --font tools/fonts/ibmplexsans-bold.ttf -r 0x20-0x7F --font tools/fonts/symbols.woff -r 0xF001,0xF008,0xF00B,0xF00C,0xF00D,0xF011,0xF013,0xF015,0xF019,0xF01C,0xF021,0xF026,0xF027,0xF028,0xF03E,0xF048,0xF04B,0xF04C,0xF04D,0xF051,0xF052,0xF053,0xF054,0xF067,0xF068,0xF06E,0xF070,0xF071,0xF074,0xF077,0xF078,0xF079,0xF07B,0xF093,0xF095,0xF0C4,0xF0C5,0xF0C7,0xF0E7,0xF0EA,0xF0F3,0xF11C,0xF124,0xF158,0xF1EB,0xF240,0xF241,0xF242,0xF243,0xF244,0xF287,0xF293,0xF2ED,0xF304,0xF55A,0xF7C2,0xF8A2 --format lvgl --no-compress -o src/fonts/plex_bold_22.c
 ******************************************************************************/

#ifdef LV_LVGL_H_INCLUDE_SIMPLE
#include "lvgl.h"
#else
#include "lvgl/lvgl.h"
#endif

#ifndef PLEX_BOLD_22
#define PLEX_BOLD_22 1
#endif

#if PLEX_BOLD_22

/*-----------------
 *    BITMAPS
 *----------------*/

/*Store the image of the glyphs*/
static LV_ATTRIBUTE_LARGE_CONST const uint8_t glyph_bitmap[] = {
    /* U+0020 " " */

    /* U+0021 "!" */
    0x2f, 0xff, 0x42, 0xff, 0xf4, 0x2f, 0xff, 0x42,
    0xff, 0xf4, 0x2f, 0xff, 0x30, 0xff, 0xf1, 0xd,
    0xfe, 0x0, 0xaf, 0xc0, 0x7, 0xf9, 0x0, 0x5f,
    0x60, 0x2, 0xa3, 0x0, 0x0, 0x0, 0xb, 0xeb,
    0x16, 0xff, 0xf6, 0x6f, 0xff, 0x71, 0xcf, 0xc1,

    /* U+0022 "\"" */
    0x8f, 0xf6, 0x8, 0xff, 0x58, 0xff, 0x60, 0x8f,
    0xf5, 0x8f, 0xf6, 0x8, 0xff, 0x58, 0xff, 0x60,
    0x8f, 0xf5, 0x8f, 0xf6, 0x8, 0xff, 0x58, 0xff,
    0x60, 0x8f, 0xf5, 0x8f, 0xf6, 0x8, 0xff, 0x52,
    0x44, 0x10, 0x24, 0x41,

    /* U+0023 "#" */
    0x0, 0x0, 0x9f, 0x60, 0x0, 0xff, 0x0, 0x0,
    0x0, 0xcf, 0x40, 0x3, 0xfd, 0x0, 0x0, 0x0,
    0xff, 0x10, 0x6, 0xfa, 0x0, 0x0, 0x1, 0xff,
    0x0, 0x8, 0xf8, 0x0, 0xc, 0xff, 0xff, 0xff,
    0xff, 0xff, 0xfa, 0xc, 0xff, 0xff, 0xff, 0xff,
    0xff, 0xfa, 0x0, 0xa, 0xf7, 0x0, 0xf, 0xf0,
    0x0, 0x0, 0xc, 0xf4, 0x0, 0x3f, 0xd0, 0x0,
    0x0, 0xf, 0xf1, 0x0, 0x5f, 0xb0, 0x0, 0x0,
    0x1f, 0xf0, 0x0, 0x8f, 0x80, 0x0, 0xcf, 0xff,
    0xff, 0xff, 0xff, 0xff, 0xa0, 0xcf, 0xff, 0xff,
    0xff, 0xff, 0xff, 0xa0, 0x0, 0x9f, 0x70, 0x0,
    0xff, 0x0, 0x0, 0x0, 0xcf, 0x40, 0x3, 0xfd,
    0x0, 0x0, 0x0, 0xff, 0x10, 0x5, 0xfa, 0x0,
    0x0, 0x1, 0xff, 0x0, 0x8, 0xf8, 0x0, 0x0,

    /* U+0024 "$" */
    0x0, 0x0, 0x2, 0x44, 0x0, 0x0, 0x0, 0x0,
    0x0, 0x8f, 0xf0, 0x0, 0x0, 0x0, 0x0, 0x9,
    0xff, 0x10, 0x0, 0x0, 0x1, 0xaf, 0xff, 0xff,
    0xd6, 0x0, 0x1, 0xef, 0xff, 0xff, 0xff, 0xfa,
    0x0, 0x9f, 0xfe, 0x8f, 0xda, 0xff, 0x50, 0xc,
    0xff, 0x43, 0xfc, 0x4, 0x40, 0x0, 0xdf, 0xf5,
    0x3f, 0xc0, 0x0, 0x0, 0x9, 0xff, 0xea, 0xfc,
    0x0, 0x0, 0x0, 0x1e, 0xff, 0xff, 0xfb, 0x60,
    0x0, 0x0, 0x1a, 0xff, 0xff, 0xff, 0xd2, 0x0,
    0x0, 0x1, 0x7f, 0xff, 0xff, 0xd0, 0x0, 0x0,
    0x3, 0xfc, 0x3f, 0xff, 0x30, 0x1, 0x0, 0x3f,
    0xc0, 0xcf, 0xf4, 0x3, 0xe9, 0x3, 0xfc, 0x1f,
    0xff, 0x21, 0xef, 0xfe, 0xbf, 0xee, 0xff, 0xb0,
    0x5, 0xef, 0xff, 0xff, 0xff, 0xd1, 0x0, 0x1,
    0x7c, 0xff, 0xfb, 0x60, 0x0, 0x0, 0x0, 0x8,
    0xff, 0x0, 0x0, 0x0, 0x0, 0x0, 0x8f, 0xf0,
    0x0, 0x0,

    /* U+0025 "%" */
    0x3, 0xbf, 0xfc, 0x40, 0x0, 0x0, 0xb, 0xff,
    0x20, 0x0, 0x2f, 0xff, 0xff, 0xf4, 0x0, 0x0,
    0x6f, 0xf7, 0x0, 0x0, 0x9f, 0xf3, 0x2f, 0xfb,
    0x0, 0x1, 0xff, 0xc0, 0x0, 0x0, 0xdf, 0xf0,
    0xd, 0xff, 0x0, 0xb, 0xff, 0x20, 0x0, 0x0,
    0xef, 0xe0, 0xc, 0xff, 0x0, 0x6f, 0xf7, 0x0,
    0x0, 0x0, 0xdf, 0xf0, 0xd, 0xfe, 0x1, 0xff,
    0xc0, 0x0, 0x0, 0x0, 0x9f, 0xf4, 0x3f, 0xfb,
    0xb, 0xff, 0x20, 0x0, 0x0, 0x0, 0x2f, 0xff,
    0xff, 0xf3, 0x6f, 0xf7, 0x8, 0xde, 0xc6, 0x0,
    0x2, 0xae, 0xeb, 0x31, 0xff, 0xc0, 0xcf, 0xff,
    0xff, 0x80, 0x0, 0x0, 0x0, 0xb, 0xff, 0x24,
    0xff, 0x91, 0xcf, 0xf0, 0x0, 0x0, 0x0, 0x6f,
    0xf8, 0x8, 0xff, 0x40, 0x8f, 0xf3, 0x0, 0x0,
    0x1, 0xff, 0xd0, 0x9, 0xff, 0x30, 0x7f, 0xf4,
    0x0, 0x0, 0xb, 0xff, 0x30, 0x8, 0xff, 0x30,
    0x8f, 0xf4, 0x0, 0x0, 0x6f, 0xf8, 0x0, 0x4,
    0xff, 0x80, 0xcf, 0xf1, 0x0, 0x1, 0xff, 0xd0,
    0x0, 0x0, 0xdf, 0xff, 0xff, 0x90, 0x0, 0xb,
    0xff, 0x30, 0x0, 0x0, 0x19, 0xef, 0xd7, 0x0,

    /* U+0026 "&" */
    0x0, 0x5, 0xcf, 0xfc, 0x60, 0x0, 0x0, 0x0,
    0xb, 0xff, 0xff, 0xff, 0xb0, 0x0, 0x0, 0x4,
    0xff, 0xfa, 0xaf, 0xff, 0x50, 0x0, 0x0, 0x8f,
    0xfa, 0x0, 0xbf, 0xf7, 0x0, 0x0, 0x6, 0xff,
    0xc0, 0xc, 0xff, 0x40, 0x0, 0x0, 0x1f, 0xff,
    0x9a, 0xff, 0xc0, 0x0, 0x0, 0x0, 0x6f, 0xff,
    0xff, 0xb0, 0x0, 0x0, 0x0, 0x5, 0xff, 0xff,
    0xb0, 0xa, 0xff, 0xf1, 0x8, 0xff, 0xff, 0xff,
    0x50, 0xcf, 0xff, 0x15, 0xff, 0xe3, 0xbf, 0xff,
    0x4f, 0xfe, 0xc1, 0xbf, 0xf8, 0x0, 0xcf, 0xff,
    0xff, 0x70, 0xd, 0xff, 0x70, 0x1, 0xdf, 0xff,
    0xf2, 0x0, 0xcf, 0xfd, 0x10, 0x4, 0xff, 0xfe,
    0x0, 0x7, 0xff, 0xff, 0xcd, 0xff, 0xff, 0xfb,
    0x0, 0xb, 0xff, 0xff, 0xff, 0xfe, 0xff, 0xf8,
    0x0, 0x6, 0xcf, 0xfe, 0xc6, 0x9, 0xff, 0xf6,

    /* U+0027 "'" */
    0x8f, 0xf6, 0x8f, 0xf6, 0x8f, 0xf6, 0x8f, 0xf6,
    0x8f, 0xf6, 0x8f, 0xf6, 0x8f, 0xf6, 0x24, 0x41,

    /* U+0028 "(" */
    0x0, 0x0, 0xcf, 0xf4, 0x0, 0xa, 0xff, 0x60,
    0x0, 0x3f, 0xfc, 0x0, 0x0, 0xcf, 0xf3, 0x0,
    0x3, 0xff, 0xb0, 0x0, 0x7, 0xff, 0x60, 0x0,
    0xc, 0xff, 0x20, 0x0, 0xf, 0xff, 0x0, 0x0,
    0x1f, 0xfe, 0x0, 0x0, 0x2f, 0xfe, 0x0, 0x0,
    0x2f, 0xfe, 0x0, 0x0, 0x1f, 0xfe, 0x0, 0x0,
    0xf, 0xff, 0x0, 0x0, 0xc, 0xff, 0x20, 0x0,
    0x8, 0xff, 0x50, 0x0, 0x3, 0xff, 0xb0, 0x0,
    0x0, 0xdf, 0xf2, 0x0, 0x0, 0x5f, 0xfb, 0x0,
    0x0, 0xb, 0xff, 0x50, 0x0, 0x1, 0xdf, 0xf4,
    0x0, 0x0, 0x1, 0x10,

    /* U+0029 ")" */
    0xc, 0xff, 0x40, 0x0, 0x1, 0xef, 0xf2, 0x0,
    0x0, 0x5f, 0xfa, 0x0, 0x0, 0xc, 0xff, 0x30,
    0x0, 0x5, 0xff, 0x90, 0x0, 0x0, 0xff, 0xe0,
    0x0, 0x0, 0xbf, 0xf3, 0x0, 0x0, 0x9f, 0xf6,
    0x0, 0x0, 0x7f, 0xf8, 0x0, 0x0, 0x7f, 0xf9,
    0x0, 0x0, 0x7f, 0xf9, 0x0, 0x0, 0x7f, 0xf8,
    0x0, 0x0, 0x8f, 0xf6, 0x0, 0x0, 0xbf, 0xf3,
    0x0, 0x0, 0xef, 0xe0, 0x0, 0x4, 0xff, 0xa0,
    0x0, 0xb, 0xff, 0x40, 0x0, 0x4f, 0xfc, 0x0,
    0x1, 0xdf, 0xf2, 0x0, 0xc, 0xff, 0x50, 0x0,
    0x1, 0x10, 0x0, 0x0,

    /* U+002A "*" */
    0x0, 0x0, 0xc, 0xff, 0x0, 0x0, 0x0, 0x0,
    0x0, 0xbf, 0xf0, 0x0, 0x0, 0x2, 0x0, 0xb,
    0xfe, 0x0, 0x3, 0x0, 0xbf, 0x92, 0xaf, 0xd1,
    0x7e, 0xe0, 0x1f, 0xff, 0xff, 0xff, 0xff, 0xff,
    0x40, 0x6b, 0xff, 0xff, 0xff, 0xfc, 0x71, 0x0,
    0x0, 0x9f, 0xff, 0xc1, 0x0, 0x0, 0x0, 0x3f,
    0xff, 0xff, 0x60, 0x0, 0x0, 0x1e, 0xff, 0x2d,
    0xff, 0x30, 0x0, 0xc, 0xff, 0x60, 0x3f, 0xfe,
    0x10, 0x0, 0x3d, 0xc0, 0x0, 0x9e, 0x50, 0x0,
    0x0, 0x1, 0x0, 0x0, 0x10, 0x0,

    /* U+002B "+" */
    0x0, 0x0, 0xbd, 0xd0, 0x0, 0x0, 0x0, 0xd,
    0xff, 0x0, 0x0, 0x0, 0x0, 0xdf, 0xf0, 0x0,
    0x0, 0x0, 0xd, 0xff, 0x0, 0x0, 0x5a, 0xaa,
    0xef, 0xfa, 0xaa, 0x78, 0xff, 0xff, 0xff, 0xff,
    0xfb, 0x8f, 0xff, 0xff, 0xff, 0xff, 0xb0, 0x0,
    0xd, 0xff, 0x0, 0x0, 0x0, 0x0, 0xdf, 0xf0,
    0x0, 0x0, 0x0, 0xd, 0xff, 0x0, 0x0, 0x0,
    0x0, 0xdf, 0xf0, 0x0, 0x0,

    /* U+002C "," */
    0x0, 0x0, 0x0, 0x2, 0xdf, 0xc0, 0x7, 0xff,
    0xf4, 0x7, 0xff, 0xf4, 0x1, 0xcf, 0xf2, 0x0,
    0x5f, 0xd0, 0x0, 0xdf, 0x40, 0xb, 0xf7, 0x0,

    /* U+002D "-" */
    0x23, 0x33, 0x33, 0x2d, 0xff, 0xff, 0xfb, 0xdf,
    0xff, 0xff, 0xbd, 0xff, 0xff, 0xfb,

    /* U+002E "." */
    0x0, 0x0, 0x1, 0xdf, 0xb0, 0x7f, 0xff, 0x47,
    0xff, 0xf4, 0x1c, 0xfb, 0x0,

    /* U+002F "/" */
    0x0, 0x0, 0x0, 0x8f, 0xf2, 0x0, 0x0, 0x0,
    0xdf, 0xd0, 0x0, 0x0, 0x3, 0xff, 0x70, 0x0,
    0x0, 0x8, 0xff, 0x20, 0x0, 0x0, 0xd, 0xfd,
    0x0, 0x0, 0x0, 0x2f, 0xf8, 0x0, 0x0, 0x0,
    0x8f, 0xf2, 0x0, 0x0, 0x0, 0xdf, 0xd0, 0x0,
    0x0, 0x2, 0xff, 0x80, 0x0, 0x0, 0x7, 0xff,
    0x30, 0x0, 0x0, 0xd, 0xfd, 0x0, 0x0, 0x0,
    0x2f, 0xf8, 0x0, 0x0, 0x0, 0x7f, 0xf3, 0x0,
    0x0, 0x0, 0xcf, 0xe0, 0x0, 0x0, 0x2, 0xff,
    0x80, 0x0, 0x0, 0x7, 0xff, 0x30, 0x0, 0x0,
    0xc, 0xfe, 0x0, 0x0, 0x0, 0x1f, 0xf9, 0x0,
    0x0, 0x0, 0x7f, 0xf3, 0x0, 0x0, 0x0, 0xcf,
    0xe0, 0x0, 0x0, 0x0,

    /* U+0030 "0" */
    0x0, 0x2, 0xae, 0xfe, 0xb4, 0x0, 0x0, 0x5,
    0xff, 0xff, 0xff, 0xf8, 0x0, 0x1, 0xff, 0xff,
    0xef, 0xff, 0xf4, 0x0, 0x9f, 0xfe, 0x20, 0x1d,
    0xff, 0xc0, 0xe, 0xff, 0x80, 0x0, 0x5f, 0xff,
    0x11, 0xff, 0xf5, 0x0, 0x2, 0xff, 0xf4, 0x3f,
    0xff, 0x40, 0x0, 0x1f, 0xff, 0x64, 0xff, 0xf4,
    0x0, 0x1, 0xff, 0xf7, 0x4f, 0xff, 0x40, 0x0,
    0x1f, 0xff, 0x73, 0xff, 0xf4, 0x0, 0x1, 0xff,
    0xf6, 0x1f, 0xff, 0x50, 0x0, 0x2f, 0xff, 0x40,
    0xef, 0xf8, 0x0, 0x5, 0xff, 0xf1, 0x9, 0xff,
    0xe2, 0x1, 0xdf, 0xfc, 0x0, 0x1f, 0xff, 0xfe,
    0xff, 0xff, 0x40, 0x0, 0x5f, 0xff, 0xff, 0xff,
    0x80, 0x0, 0x0, 0x2a, 0xef, 0xeb, 0x40, 0x0,

    /* U+0031 "1" */
    0x0, 0x0, 0xdf, 0xff, 0xf8, 0x0, 0x0, 0x0,
    0xaf, 0xff, 0xff, 0x80, 0x0, 0x0, 0x6f, 0xfe,
    0xef, 0xf8, 0x0, 0x0, 0x2f, 0xff, 0x3c, 0xff,
    0x80, 0x0, 0xd, 0xff, 0x80, 0xcf, 0xf8, 0x0,
    0x0, 0x9f, 0xc0, 0xc, 0xff, 0x80, 0x0, 0x0,
    0x61, 0x0, 0xcf, 0xf8, 0x0, 0x0, 0x0, 0x0,
    0xc, 0xff, 0x80, 0x0, 0x0, 0x0, 0x0, 0xcf,
    0xf8, 0x0, 0x0, 0x0, 0x0, 0xc, 0xff, 0x80,
    0x0, 0x0, 0x0, 0x0, 0xcf, 0xf8, 0x0, 0x0,
    0x0, 0x0, 0xc, 0xff, 0x80, 0x0, 0x0, 0x0,
    0x0, 0xcf, 0xf8, 0x0, 0x0, 0xa, 0xbb, 0xbf,
    0xff, 0xdb, 0xb8, 0x0, 0xff, 0xff, 0xff, 0xff,
    0xff, 0xc0, 0xf, 0xff, 0xff, 0xff, 0xff, 0xfc,

    /* U+0032 "2" */
    0x0, 0x3, 0xae, 0xfe, 0xb4, 0x0, 0x0, 0x7,
    0xff, 0xff, 0xff, 0xf8, 0x0, 0x5, 0xff, 0xff,
    0xff, 0xff, 0xf4, 0x0, 0xdf, 0xfb, 0x10, 0x5f,
    0xff, 0xa0, 0x3, 0x9e, 0x10, 0x0, 0xcf, 0xfc,
    0x0, 0x0, 0x0, 0x0, 0xc, 0xff, 0xb0, 0x0,
    0x0, 0x0, 0x1, 0xff, 0xf7, 0x0, 0x0, 0x0,
    0x0, 0xbf, 0xfe, 0x0, 0x0, 0x0, 0x0, 0xbf,
    0xff, 0x40, 0x0, 0x0, 0x1, 0xcf, 0xff, 0x50,
    0x0, 0x0, 0x2, 0xdf, 0xfe, 0x30, 0x0, 0x0,
    0x3, 0xef, 0xfd, 0x20, 0x0, 0x0, 0x4, 0xff,
    0xfa, 0x0, 0x0, 0x0, 0x0, 0xcf, 0xff, 0xdd,
    0xdd, 0xdd, 0xd1, 0xc, 0xff, 0xff, 0xff, 0xff,
    0xff, 0x20, 0xcf, 0xff, 0xff, 0xff, 0xff, 0xf2,

    /* U+0033 "3" */
    0x0, 0x7, 0xce, 0xfe, 0xa3, 0x0, 0x3, 0xef,
    0xff, 0xff, 0xff, 0x80, 0xd, 0xff, 0xfc, 0xcf,
    0xff, 0xf3, 0x3, 0xec, 0x20, 0x4, 0xff, 0xf8,
    0x0, 0x20, 0x0, 0x0, 0xef, 0xf8, 0x0, 0x0,
    0x0, 0x4, 0xff, 0xf3, 0x0, 0x0, 0x8c, 0xef,
    0xff, 0x70, 0x0, 0x0, 0xaf, 0xff, 0xe4, 0x0,
    0x0, 0x0, 0xaf, 0xff, 0xff, 0x90, 0x0, 0x0,
    0x0, 0x17, 0xff, 0xf6, 0x0, 0x0, 0x0, 0x0,
    0xbf, 0xfb, 0x1, 0xa2, 0x0, 0x0, 0xaf, 0xfd,
    0x2d, 0xfd, 0x10, 0x2, 0xff, 0xfa, 0x4f, 0xff,
    0xfc, 0xcf, 0xff, 0xf4, 0x6, 0xff, 0xff, 0xff,
    0xff, 0x70, 0x0, 0x29, 0xdf, 0xfd, 0x93, 0x0,

    /* U+0034 "4" */
    0x0, 0x0, 0x0, 0xaf, 0xff, 0x90, 0x0, 0x0,
    0x0, 0x3f, 0xff, 0xf9, 0x0, 0x0, 0x0, 0xd,
    0xff, 0xff, 0x90, 0x0, 0x0, 0x6, 0xff, 0xcf,
    0xf9, 0x0, 0x0, 0x1, 0xef, 0x99, 0xff, 0x90,
    0x0, 0x0, 0x9f, 0xf1, 0x9f, 0xf9, 0x0, 0x0,
    0x3f, 0xf7, 0x9, 0xff, 0x90, 0x0, 0xc, 0xfe,
    0x0, 0x9f, 0xf9, 0x0, 0x6, 0xff, 0x50, 0x9,
    0xff, 0x90, 0x0, 0xef, 0xc0, 0x0, 0x9f, 0xf9,
    0x0, 0x5f, 0xfc, 0x99, 0x9d, 0xff, 0xd9, 0x45,
    0xff, 0xff, 0xff, 0xff, 0xff, 0xf8, 0x5f, 0xff,
    0xff, 0xff, 0xff, 0xff, 0x80, 0x0, 0x0, 0x0,
    0x9f, 0xf9, 0x0, 0x0, 0x0, 0x0, 0x9, 0xff,
    0x90, 0x0, 0x0, 0x0, 0x0, 0x9f, 0xf9, 0x0,

    /* U+0035 "5" */
    0xf, 0xff, 0xff, 0xff, 0xff, 0x70, 0xf, 0xff,
    0xff, 0xff, 0xff, 0x70, 0x1f, 0xff, 0xee, 0xee,
    0xee, 0x70, 0x2f, 0xf7, 0x0, 0x0, 0x0, 0x0,
    0x3f, 0xf6, 0x0, 0x0, 0x0, 0x0, 0x4f, 0xf5,
    0x18, 0xba, 0x50, 0x0, 0x5f, 0xf5, 0xdf, 0xff,
    0xfc, 0x0, 0x6f, 0xfc, 0xff, 0xff, 0xff, 0xa0,
    0x5e, 0xfd, 0x30, 0x3d, 0xff, 0xf1, 0x0, 0x0,
    0x0, 0x4, 0xff, 0xf5, 0x0, 0x0, 0x0, 0x1,
    0xff, 0xf5, 0x4, 0xa0, 0x0, 0x3, 0xff, 0xf4,
    0x6f, 0xf8, 0x0, 0xb, 0xff, 0xf0, 0xaf, 0xff,
    0xec, 0xef, 0xff, 0x80, 0xb, 0xff, 0xff, 0xff,
    0xfa, 0x0, 0x0, 0x5b, 0xef, 0xeb, 0x50, 0x0,

    /* U+0036 "6" */
    0x0, 0x0, 0x4, 0xef, 0xff, 0x50, 0x0, 0x0,
    0x6, 0xff, 0xfd, 0x20, 0x0, 0x0, 0x4, 0xff,
    0xfb, 0x0, 0x0, 0x0, 0x1, 0xef, 0xfb, 0x0,
    0x0, 0x0, 0x0, 0xaf, 0xfd, 0x0, 0x0, 0x0,
    0x0, 0x2f, 0xff, 0x34, 0x88, 0x40, 0x0, 0x8,
    0xff, 0xb9, 0xff, 0xff, 0xb1, 0x0, 0xcf, 0xfc,
    0xff, 0xff, 0xff, 0xa0, 0xf, 0xff, 0xf5, 0x2,
    0xcf, 0xff, 0x20, 0xff, 0xf8, 0x0, 0x2, 0xff,
    0xf5, 0xf, 0xff, 0x60, 0x0, 0xf, 0xff, 0x60,
    0xef, 0xf7, 0x0, 0x1, 0xff, 0xf5, 0x9, 0xff,
    0xc0, 0x0, 0x7f, 0xff, 0x10, 0x2f, 0xff, 0xea,
    0xcf, 0xff, 0x90, 0x0, 0x5f, 0xff, 0xff, 0xff,
    0xb0, 0x0, 0x0, 0x2a, 0xef, 0xec, 0x60, 0x0,

    /* U+0037 "7" */
    0xcf, 0xff, 0xff, 0xff, 0xff, 0xf1, 0xcf, 0xff,
    0xff, 0xff, 0xff, 0xf1, 0xcf, 0xfb, 0xbb, 0xbc,
    0xff, 0xf1, 0xcf, 0xf0, 0x0, 0x8, 0xff, 0xd0,
    0xcf, 0xf0, 0x0, 0xe, 0xff, 0x70, 0x8a, 0xa0,
    0x0, 0x4f, 0xff, 0x10, 0x0, 0x0, 0x0, 0xaf,
    0xfb, 0x0, 0x0, 0x0, 0x1, 0xff, 0xf5, 0x0,
    0x0, 0x0, 0x7, 0xff, 0xe0, 0x0, 0x0, 0x0,
    0xd, 0xff, 0x90, 0x0, 0x0, 0x0, 0x3f, 0xff,
    0x30, 0x0, 0x0, 0x0, 0x9f, 0xfd, 0x0, 0x0,
    0x0, 0x0, 0xff, 0xf7, 0x0, 0x0, 0x0, 0x6,
    0xff, 0xf1, 0x0, 0x0, 0x0, 0xc, 0xff, 0xb0,
    0x0, 0x0, 0x0, 0x2f, 0xff, 0x50, 0x0, 0x0,

    /* U+0038 "8" */
    0x0, 0x5, 0xbe, 0xff, 0xc6, 0x0, 0x0, 0xa,
    0xff, 0xff, 0xff, 0xfc, 0x0, 0x5, 0xff, 0xfc,
    0x9b, 0xff, 0xf8, 0x0, 0x9f, 0xfb, 0x0, 0x8,
    0xff, 0xc0, 0x9, 0xff, 0x70, 0x0, 0x4f, 0xfc,
    0x0, 0x5f, 0xfa, 0x0, 0x7, 0xff, 0x80, 0x0,
    0xaf, 0xfa, 0x79, 0xff, 0xc0, 0x0, 0x0, 0x7f,
    0xff, 0xff, 0xa0, 0x0, 0x0, 0xaf, 0xff, 0xff,
    0xff, 0xc1, 0x0, 0x9f, 0xfe, 0x30, 0x2c, 0xff,
    0xc0, 0xf, 0xff, 0x60, 0x0, 0x3f, 0xff, 0x21,
    0xff, 0xf5, 0x0, 0x2, 0xff, 0xf4, 0xf, 0xff,
    0xa0, 0x0, 0x7f, 0xff, 0x20, 0x9f, 0xff, 0xc9,
    0xbf, 0xff, 0xc0, 0x0, 0xcf, 0xff, 0xff, 0xff,
    0xd2, 0x0, 0x0, 0x5b, 0xef, 0xfc, 0x70, 0x0,

    /* U+0039 "9" */
    0x0, 0x4, 0xae, 0xfe, 0xb4, 0x0, 0x0, 0x8,
    0xff, 0xff, 0xff, 0xf8, 0x0, 0x6, 0xff, 0xfd,
    0xad, 0xff, 0xf4, 0x0, 0xdf, 0xfa, 0x0, 0xa,
    0xff, 0xc0, 0x2f, 0xff, 0x40, 0x0, 0x3f, 0xff,
    0x13, 0xff, 0xf3, 0x0, 0x2, 0xff, 0xf3, 0x2f,
    0xff, 0x50, 0x0, 0x5f, 0xff, 0x40, 0xef, 0xfe,
    0x30, 0x3d, 0xff, 0xf2, 0x7, 0xff, 0xff, 0xff,
    0xcf, 0xff, 0x0, 0x9, 0xff, 0xff, 0xb9, 0xff,
    0xb0, 0x0, 0x3, 0x78, 0x51, 0xff, 0xf5, 0x0,
    0x0, 0x0, 0x0, 0xbf, 0xfc, 0x0, 0x0, 0x0,
    0x0, 0x8f, 0xff, 0x30, 0x0, 0x0, 0x0, 0x9f,
    0xff, 0x60, 0x0, 0x0, 0x1, 0xbf, 0xff, 0x80,
    0x0, 0x0, 0x3, 0xef, 0xff, 0x70, 0x0, 0x0,

    /* U+003A ":" */
    0xa, 0xfc, 0x14, 0xff, 0xf8, 0x4f, 0xff, 0x80,
    0xbf, 0xd2, 0x0, 0x0, 0x0, 0x0, 0x0, 0x0,
    0x0, 0x0, 0x0, 0x0, 0xb, 0xfd, 0x24, 0xff,
    0xf8, 0x4f, 0xff, 0x80, 0xaf, 0xd1,

    /* U+003B ";" */
    0xa, 0xfc, 0x14, 0xff, 0xf8, 0x4f, 0xff, 0x80,
    0xbf, 0xd2, 0x0, 0x0, 0x0, 0x0, 0x0, 0x0,
    0x0, 0x0, 0x0, 0x0, 0xa, 0xfc, 0x14, 0xff,
    0xf8, 0x4f, 0xff, 0x80, 0xbf, 0xf6, 0x1, 0xff,
    0x10, 0xaf, 0x80, 0x7f, 0xb0, 0x0, 0x10, 0x0,

    /* U+003C "<" */
    0x0, 0x0, 0x0, 0x0, 0x30, 0x0, 0x0, 0x0,
    0x8e, 0x0, 0x0, 0x3, 0xdf, 0xf0, 0x0, 0x8,
    0xff, 0xfe, 0x0, 0x3d, 0xff, 0xfb, 0x20, 0x8f,
    0xff, 0xe6, 0x0, 0xaf, 0xff, 0xa1, 0x0, 0xb,
    0xff, 0xe2, 0x0, 0x0, 0x5f, 0xff, 0xf8, 0x0,
    0x0, 0x1b, 0xff, 0xfd, 0x30, 0x0, 0x6, 0xff,
    0xff, 0x90, 0x0, 0x1, 0xbf, 0xff, 0x0, 0x0,
    0x0, 0x6f, 0xf0, 0x0, 0x0, 0x0, 0x2a, 0x0,
    0x0, 0x0, 0x0, 0x0,

    /* U+003D "=" */
    0x8f, 0xff, 0xff, 0xff, 0xff, 0xb8, 0xff, 0xff,
    0xff, 0xff, 0xfb, 0x5a, 0xaa, 0xaa, 0xaa, 0xaa,
    0x70, 0x0, 0x0, 0x0, 0x0, 0x0, 0x0, 0x0,
    0x0, 0x0, 0x0, 0x5, 0xaa, 0xaa, 0xaa, 0xaa,
    0xa7, 0x8f, 0xff, 0xff, 0xff, 0xff, 0xb8, 0xff,
    0xff, 0xff, 0xff, 0xfb,

    /* U+003E ">" */
    0x30, 0x0, 0x0, 0x0, 0xb, 0xa1, 0x0, 0x0,
    0x0, 0xbf, 0xe5, 0x0, 0x0, 0xb, 0xff, 0xfa,
    0x10, 0x0, 0x19, 0xff, 0xfe, 0x50, 0x0, 0x4,
    0xdf, 0xff, 0xb1, 0x0, 0x0, 0x8f, 0xff, 0xe0,
    0x0, 0x1, 0xcf, 0xff, 0x0, 0x6, 0xef, 0xff,
    0x80, 0x2b, 0xff, 0xfd, 0x30, 0x6f, 0xff, 0xf8,
    0x0, 0xb, 0xff, 0xd3, 0x0, 0x0, 0xbf, 0x80,
    0x0, 0x0, 0x9, 0x30, 0x0, 0x0, 0x0, 0x0,
    0x0, 0x0, 0x0, 0x0,

    /* U+003F "?" */
    0x0, 0x3b, 0xef, 0xd9, 0x20, 0x0, 0x7f, 0xff,
    0xff, 0xff, 0x40, 0x3f, 0xff, 0xfe, 0xff, 0xfe,
    0x6, 0xff, 0xa0, 0x6, 0xff, 0xf4, 0x1, 0x61,
    0x0, 0x1f, 0xff, 0x60, 0x0, 0x0, 0x3, 0xff,
    0xf4, 0x0, 0x0, 0x14, 0xdf, 0xfd, 0x0, 0x0,
    0x8f, 0xff, 0xfe, 0x30, 0x0, 0x8, 0xff, 0xe8,
    0x10, 0x0, 0x0, 0x8f, 0xf9, 0x0, 0x0, 0x0,
    0x3, 0x77, 0x40, 0x0, 0x0, 0x0, 0x0, 0x0,
    0x0, 0x0, 0x0, 0x5, 0xde, 0x60, 0x0, 0x0,
    0x0, 0xdf, 0xff, 0x0, 0x0, 0x0, 0xd, 0xff,
    0xf0, 0x0, 0x0, 0x0, 0x6e, 0xf7, 0x0, 0x0,

    /* U+0040 "@" */
    0x0, 0x0, 0x4, 0x9d, 0xff, 0xeb, 0x60, 0x0,
    0x0, 0x0, 0x1, 0xbf, 0xff, 0xff, 0xff, 0xfe,
    0x50, 0x0, 0x0, 0x2e, 0xfe, 0x72, 0x0, 0x15,
    0xbf, 0xf7, 0x0, 0x0, 0xdf, 0xb0, 0x0, 0x0,
    0x0, 0x6, 0xff, 0x40, 0x7, 0xfc, 0x0, 0x0,
    0x0, 0x0, 0x0, 0x7f, 0xc0, 0xe, 0xf3, 0x0,
    0x8f, 0xf8, 0x8f, 0xe0, 0xe, 0xf2, 0x3f, 0xc0,
    0x8, 0xff, 0xff, 0xdf, 0xe0, 0x9, 0xf6, 0x7f,
    0x80, 0xf, 0xfc, 0x11, 0xcf, 0xe0, 0x7, 0xf8,
    0x9f, 0x70, 0x3f, 0xf5, 0x0, 0x8f, 0xe0, 0x7,
    0xf9, 0xaf, 0x60, 0x4f, 0xf4, 0x0, 0x8f, 0xe0,
    0x8, 0xf8, 0x9f, 0x60, 0x3f, 0xf4, 0x0, 0x8f,
    0xe0, 0xa, 0xf5, 0x7f, 0x80, 0xf, 0xfb, 0x11,
    0xdf, 0xf1, 0x3f, 0xf1, 0x4f, 0xc0, 0x8, 0xff,
    0xff, 0x8f, 0xff, 0xff, 0x70, 0xf, 0xf2, 0x0,
    0x8e, 0xf9, 0x4, 0xdf, 0xd6, 0x0, 0x8, 0xfc,
    0x0, 0x0, 0x0, 0x0, 0x0, 0x0, 0x0, 0x1,
    0xef, 0xa0, 0x0, 0x0, 0x0, 0x0, 0x0, 0x0,
    0x0, 0x3e, 0xfe, 0x72, 0x0, 0x0, 0x0, 0x0,
    0x0, 0x0, 0x2, 0xcf, 0xff, 0xff, 0xff, 0xfc,
    0x0, 0x0, 0x0, 0x0, 0x4, 0x9d, 0xef, 0xff,
    0xfc, 0x0, 0x0,

    /* U+0041 "A" */
    0x0, 0x0, 0xa, 0xff, 0xfc, 0x0, 0x0, 0x0,
    0x0, 0x0, 0xff, 0xff, 0xf1, 0x0, 0x0, 0x0,
    0x0, 0x4f, 0xff, 0xff, 0x60, 0x0, 0x0, 0x0,
    0x9, 0xff, 0xbf, 0xfb, 0x0, 0x0, 0x0, 0x0,
    0xef, 0xf2, 0xff, 0xf0, 0x0, 0x0, 0x0, 0x3f,
    0xfb, 0xc, 0xff, 0x50, 0x0, 0x0, 0x8, 0xff,
    0x70, 0x8f, 0xfa, 0x0, 0x0, 0x0, 0xdf, 0xf2,
    0x3, 0xff, 0xf0, 0x0, 0x0, 0x3f, 0xfe, 0x0,
    0xe, 0xff, 0x40, 0x0, 0x8, 0xff, 0xfe, 0xee,
    0xff, 0xf9, 0x0, 0x0, 0xdf, 0xff, 0xff, 0xff,
    0xff, 0xe0, 0x0, 0x2f, 0xff, 0xff, 0xff, 0xff,
    0xff, 0x30, 0x7, 0xff, 0xc0, 0x0, 0x0, 0xdf,
    0xf8, 0x0, 0xcf, 0xf8, 0x0, 0x0, 0x8, 0xff,
    0xd0, 0x1f, 0xff, 0x30, 0x0, 0x0, 0x4f, 0xff,
    0x26, 0xff, 0xf0, 0x0, 0x0, 0x0, 0xff, 0xf7,

    /* U+0042 "B" */
    0x5f, 0xff, 0xff, 0xff, 0xfc, 0x50, 0x5, 0xff,
    0xff, 0xff, 0xff, 0xff, 0x50, 0x5f, 0xff, 0xdd,
    0xde, 0xff, 0xfe, 0x5, 0xff, 0xf0, 0x0, 0x8,
    0xff, 0xf2, 0x5f, 0xff, 0x0, 0x0, 0x4f, 0xff,
    0x25, 0xff, 0xf0, 0x0, 0x4, 0xff, 0xf1, 0x5f,
    0xff, 0x0, 0x0, 0xaf, 0xfa, 0x5, 0xff, 0xff,
    0xff, 0xff, 0xea, 0x10, 0x5f, 0xff, 0xff, 0xff,
    0xfe, 0xa2, 0x5, 0xff, 0xfc, 0xcc, 0xce, 0xff,
    0xf2, 0x5f, 0xff, 0x0, 0x0, 0xd, 0xff, 0x95,
    0xff, 0xf0, 0x0, 0x0, 0xbf, 0xfc, 0x5f, 0xff,
    0x0, 0x0, 0xd, 0xff, 0xb5, 0xff, 0xfd, 0xdd,
    0xdf, 0xff, 0xf6, 0x5f, 0xff, 0xff, 0xff, 0xff,
    0xfc, 0x5, 0xff, 0xff, 0xff, 0xff, 0xe9, 0x0,

    /* U+0043 "C" */
    0x0, 0x2, 0x9d, 0xfe, 0xc7, 0x10, 0x0, 0x6,
    0xff, 0xff, 0xff, 0xfe, 0x30, 0x5, 0xff, 0xff,
    0xff, 0xff, 0xfe, 0x10, 0xef, 0xfe, 0x51, 0x17,
    0xff, 0xf6, 0x5f, 0xff, 0x30, 0x0, 0x8, 0xc4,
    0x9, 0xff, 0xd0, 0x0, 0x0, 0x0, 0x0, 0xcf,
    0xfa, 0x0, 0x0, 0x0, 0x0, 0xd, 0xff, 0xa0,
    0x0, 0x0, 0x0, 0x0, 0xef, 0xfa, 0x0, 0x0,
    0x0, 0x0, 0xd, 0xff, 0xa0, 0x0, 0x0, 0x0,
    0x0, 0xaf, 0xfd, 0x0, 0x0, 0x0, 0x10, 0x6,
    0xff, 0xf3, 0x0, 0x0, 0x7e, 0x60, 0x1f, 0xff,
    0xe5, 0x11, 0x7f, 0xff, 0x70, 0x6f, 0xff, 0xff,
    0xff, 0xff, 0xe0, 0x0, 0x8f, 0xff, 0xff, 0xff,
    0xd2, 0x0, 0x0, 0x3a, 0xdf, 0xec, 0x70, 0x0,

    /* U+0044 "D" */
    0x5f, 0xff, 0xff, 0xfe, 0xb5, 0x0, 0x0, 0x5f,
    0xff, 0xff, 0xff, 0xff, 0xb0, 0x0, 0x5f, 0xff,
    0xff, 0xff, 0xff, 0xfb, 0x0, 0x5f, 0xff, 0x0,
    0x3, 0xbf, 0xff, 0x50, 0x5f, 0xff, 0x0, 0x0,
    0xc, 0xff, 0xb0, 0x5f, 0xff, 0x0, 0x0, 0x7,
    0xff, 0xf0, 0x5f, 0xff, 0x0, 0x0, 0x5, 0xff,
    0xf2, 0x5f, 0xff, 0x0, 0x0, 0x5, 0xff, 0xf3,
    0x5f, 0xff, 0x0, 0x0, 0x5, 0xff, 0xf3, 0x5f,
    0xff, 0x0, 0x0, 0x5, 0xff, 0xf2, 0x5f, 0xff,
    0x0, 0x0, 0x7, 0xff, 0xf0, 0x5f, 0xff, 0x0,
    0x0, 0xc, 0xff, 0xb0, 0x5f, 0xff, 0x0, 0x3,
    0xbf, 0xff, 0x50, 0x5f, 0xff, 0xff, 0xff, 0xff,
    0xfb, 0x0, 0x5f, 0xff, 0xff, 0xff, 0xff, 0xb0,
    0x0, 0x5f, 0xff, 0xff, 0xfe, 0xb5, 0x0, 0x0,

    /* U+0045 "E" */
    0x5f, 0xff, 0xff, 0xff, 0xff, 0xf2, 0x5f, 0xff,
    0xff, 0xff, 0xff, 0xf2, 0x5f, 0xff, 0xff, 0xff,
    0xff, 0xf2, 0x5f, 0xff, 0x0, 0x0, 0x0, 0x0,
    0x5f, 0xff, 0x0, 0x0, 0x0, 0x0, 0x5f, 0xff,
    0x0, 0x0, 0x0, 0x0, 0x5f, 0xff, 0x0, 0x0,
    0x0, 0x0, 0x5f, 0xff, 0xff, 0xff, 0xff, 0x20,
    0x5f, 0xff, 0xff, 0xff, 0xff, 0x20, 0x5f, 0xff,
    0xff, 0xff, 0xff, 0x20, 0x5f, 0xff, 0x0, 0x0,
    0x0, 0x0, 0x5f, 0xff, 0x0, 0x0, 0x0, 0x0,
    0x5f, 0xff, 0x0, 0x0, 0x0, 0x0, 0x5f, 0xff,
    0xff, 0xff, 0xff, 0xf2, 0x5f, 0xff, 0xff, 0xff,
    0xff, 0xf2, 0x5f, 0xff, 0xff, 0xff, 0xff, 0xf2,

    /* U+0046 "F" */
    0x5f, 0xff, 0xff, 0xff, 0xff, 0xe5, 0xff, 0xff,
    0xff, 0xff, 0xfe, 0x5f, 0xff, 0xff, 0xff, 0xff,
    0xe5, 0xff, 0xf0, 0x0, 0x0, 0x0, 0x5f, 0xff,
    0x0, 0x0, 0x0, 0x5, 0xff, 0xf0, 0x0, 0x0,
    0x0, 0x5f, 0xff, 0x0, 0x0, 0x0, 0x5, 0xff,
    0xff, 0xff, 0xff, 0xe0, 0x5f, 0xff, 0xff, 0xff,
    0xfe, 0x5, 0xff, 0xff, 0xff, 0xff, 0xe0, 0x5f,
    0xff, 0x0, 0x0, 0x0, 0x5, 0xff, 0xf0, 0x0,
    0x0, 0x0, 0x5f, 0xff, 0x0, 0x0, 0x0, 0x5,
    0xff, 0xf0, 0x0, 0x0, 0x0, 0x5f, 0xff, 0x0,
    0x0, 0x0, 0x5, 0xff, 0xf0, 0x0, 0x0, 0x0,

    /* U+0047 "G" */
    0x0, 0x1, 0x8d, 0xff, 0xd8, 0x20, 0x0, 0x0,
    0x5f, 0xff, 0xff, 0xff, 0xf5, 0x0, 0x4, 0xff,
    0xff, 0xff, 0xff, 0xff, 0x40, 0xe, 0xff, 0xe6,
    0x11, 0x5e, 0xff, 0xb0, 0x5f, 0xff, 0x20, 0x0,
    0x2, 0xe6, 0x0, 0x9f, 0xfc, 0x0, 0x0, 0x0,
    0x0, 0x0, 0xcf, 0xfa, 0x0, 0x0, 0x0, 0x0,
    0x0, 0xdf, 0xfa, 0x0, 0xc, 0xff, 0xff, 0xf4,
    0xef, 0xfa, 0x0, 0xc, 0xff, 0xff, 0xf4, 0xcf,
    0xfa, 0x0, 0xa, 0xdd, 0xff, 0xf4, 0xaf, 0xfd,
    0x0, 0x0, 0x0, 0xff, 0xf4, 0x6f, 0xff, 0x30,
    0x0, 0x2, 0xff, 0xf4, 0xf, 0xff, 0xe5, 0x11,
    0x4d, 0xff, 0xf4, 0x6, 0xff, 0xff, 0xff, 0xff,
    0xdf, 0xf4, 0x0, 0x8f, 0xff, 0xff, 0xfc, 0x9f,
    0xf4, 0x0, 0x4, 0xae, 0xfd, 0x81, 0x9f, 0xf4,

    /* U+0048 "H" */
    0x5f, 0xff, 0x0, 0x0, 0x1, 0xff, 0xf3, 0x5f,
    0xff, 0x0, 0x0, 0x1, 0xff, 0xf3, 0x5f, 0xff,
    0x0, 0x0, 0x1, 0xff, 0xf3, 0x5f, 0xff, 0x0,
    0x0, 0x1, 0xff, 0xf3, 0x5f, 0xff, 0x0, 0x0,
    0x1, 0xff, 0xf3, 0x5f, 0xff, 0x0, 0x0, 0x1,
    0xff, 0xf3, 0x5f, 0xff, 0x0, 0x0, 0x1, 0xff,
    0xf3, 0x5f, 0xff, 0xff, 0xff, 0xff, 0xff, 0xf3,
    0x5f, 0xff, 0xff, 0xff, 0xff, 0xff, 0xf3, 0x5f,
    0xff, 0xff, 0xff, 0xff, 0xff, 0xf3, 0x5f, 0xff,
    0x0, 0x0, 0x1, 0xff, 0xf3, 0x5f, 0xff, 0x0,
    0x0, 0x1, 0xff, 0xf3, 0x5f, 0xff, 0x0, 0x0,
    0x1, 0xff, 0xf3, 0x5f, 0xff, 0x0, 0x0, 0x1,
    0xff, 0xf3, 0x5f, 0xff, 0x0, 0x0, 0x1, 0xff,
    0xf3, 0x5f, 0xff, 0x0, 0x0, 0x1, 0xff, 0xf3,

    /* U+0049 "I" */
    0xef, 0xff, 0xff, 0xf6, 0xef, 0xff, 0xff, 0xf6,
    0xab, 0xff, 0xfd, 0xb4, 0x0, 0xef, 0xf6, 0x0,
    0x0, 0xef, 0xf6, 0x0, 0x0, 0xef, 0xf6, 0x0,
    0x0, 0xef, 0xf6, 0x0, 0x0, 0xef, 0xf6, 0x0,
    0x0, 0xef, 0xf6, 0x0, 0x0, 0xef, 0xf6, 0x0,
    0x0, 0xef, 0xf6, 0x0, 0x0, 0xef, 0xf6, 0x0,
    0x0, 0xef, 0xf6, 0x0, 0xab, 0xff, 0xfd, 0xb4,
    0xef, 0xff, 0xff, 0xf6, 0xef, 0xff, 0xff, 0xf6,

    /* U+004A "J" */
    0x0, 0x5f, 0xff, 0xff, 0xff, 0xb0, 0x5, 0xff,
    0xff, 0xff, 0xfb, 0x0, 0x3b, 0xbb, 0xbe, 0xff,
    0xb0, 0x0, 0x0, 0x0, 0xaf, 0xfb, 0x0, 0x0,
    0x0, 0xa, 0xff, 0xb0, 0x0, 0x0, 0x0, 0xaf,
    0xfb, 0x0, 0x0, 0x0, 0xa, 0xff, 0xb0, 0x0,
    0x0, 0x0, 0xaf, 0xfb, 0x0, 0x0, 0x0, 0xa,
    0xff, 0xb0, 0x0, 0x0, 0x0, 0xaf, 0xfb, 0x0,
    0x0, 0x0, 0xa, 0xff, 0xb2, 0x9c, 0xc0, 0x0,
    0xbf, 0xfa, 0x2f, 0xff, 0x70, 0x4f, 0xff, 0x80,
    0xcf, 0xff, 0xff, 0xff, 0xf2, 0x2, 0xef, 0xff,
    0xff, 0xf7, 0x0, 0x2, 0x9e, 0xfe, 0xb4, 0x0,

    /* U+004B "K" */
    0x5f, 0xff, 0x0, 0x0, 0x9, 0xff, 0xf3, 0x5,
    0xff, 0xf0, 0x0, 0x5, 0xff, 0xf6, 0x0, 0x5f,
    0xff, 0x0, 0x2, 0xff, 0xfa, 0x0, 0x5, 0xff,
    0xf0, 0x0, 0xdf, 0xfc, 0x0, 0x0, 0x5f, 0xff,
    0x0, 0xaf, 0xfe, 0x20, 0x0, 0x5, 0xff, 0xf0,
    0x5f, 0xff, 0x40, 0x0, 0x0, 0x5f, 0xff, 0x2e,
    0xff, 0x90, 0x0, 0x0, 0x5, 0xff, 0xfc, 0xff,
    0xfe, 0x0, 0x0, 0x0, 0x5f, 0xff, 0xff, 0xff,
    0xf9, 0x0, 0x0, 0x5, 0xff, 0xff, 0xbb, 0xff,
    0xf2, 0x0, 0x0, 0x5f, 0xff, 0xd0, 0x2f, 0xff,
    0xc0, 0x0, 0x5, 0xff, 0xf2, 0x0, 0x8f, 0xff,
    0x50, 0x0, 0x5f, 0xff, 0x0, 0x0, 0xef, 0xfe,
    0x0, 0x5, 0xff, 0xf0, 0x0, 0x5, 0xff, 0xf8,
    0x0, 0x5f, 0xff, 0x0, 0x0, 0xc, 0xff, 0xf2,
    0x5, 0xff, 0xf0, 0x0, 0x0, 0x3f, 0xff, 0xb0,

    /* U+004C "L" */
    0x5f, 0xff, 0x0, 0x0, 0x0, 0x5f, 0xff, 0x0,
    0x0, 0x0, 0x5f, 0xff, 0x0, 0x0, 0x0, 0x5f,
    0xff, 0x0, 0x0, 0x0, 0x5f, 0xff, 0x0, 0x0,
    0x0, 0x5f, 0xff, 0x0, 0x0, 0x0, 0x5f, 0xff,
    0x0, 0x0, 0x0, 0x5f, 0xff, 0x0, 0x0, 0x0,
    0x5f, 0xff, 0x0, 0x0, 0x0, 0x5f, 0xff, 0x0,
    0x0, 0x0, 0x5f, 0xff, 0x0, 0x0, 0x0, 0x5f,
    0xff, 0x0, 0x0, 0x0, 0x5f, 0xff, 0x0, 0x0,
    0x0, 0x5f, 0xff, 0xff, 0xff, 0xfe, 0x5f, 0xff,
    0xff, 0xff, 0xfe, 0x5f, 0xff, 0xff, 0xff, 0xfe,

    /* U+004D "M" */
    0x5f, 0xff, 0x70, 0x0, 0x0, 0x7, 0xff, 0xf5,
    0x5f, 0xff, 0xe0, 0x0, 0x0, 0xe, 0xff, 0xf5,
    0x5f, 0xff, 0xf7, 0x0, 0x0, 0x7f, 0xff, 0xf5,
    0x5f, 0xff, 0xfe, 0x0, 0x0, 0xef, 0xff, 0xf5,
    0x5f, 0xff, 0xff, 0x70, 0x7, 0xff, 0xff, 0xf5,
    0x5f, 0xfe, 0xff, 0xe0, 0xe, 0xff, 0xef, 0xf5,
    0x5f, 0xfd, 0x8f, 0xf7, 0x7f, 0xfa, 0xdf, 0xf5,
    0x5f, 0xfd, 0x1f, 0xfe, 0xef, 0xf2, 0xdf, 0xf5,
    0x5f, 0xfd, 0x9, 0xff, 0xff, 0xa0, 0xdf, 0xf5,
    0x5f, 0xfd, 0x1, 0xff, 0xff, 0x20, 0xdf, 0xf5,
    0x5f, 0xfd, 0x0, 0x8f, 0xf9, 0x0, 0xdf, 0xf5,
    0x5f, 0xfd, 0x0, 0x1f, 0xf1, 0x0, 0xdf, 0xf5,
    0x5f, 0xfd, 0x0, 0x8, 0x80, 0x0, 0xdf, 0xf5,
    0x5f, 0xfd, 0x0, 0x1, 0x10, 0x0, 0xdf, 0xf5,
    0x5f, 0xfd, 0x0, 0x0, 0x0, 0x0, 0xdf, 0xf5,
    0x5f, 0xfd, 0x0, 0x0, 0x0, 0x0, 0xdf, 0xf5,

    /* U+004E "N" */
    0x5f, 0xff, 0x90, 0x0, 0x0, 0xef, 0xf3, 0x5f,
    0xff, 0xf2, 0x0, 0x0, 0xef, 0xf3, 0x5f, 0xff,
    0xfb, 0x0, 0x0, 0xef, 0xf3, 0x5f, 0xff, 0xff,
    0x40, 0x0, 0xef, 0xf3, 0x5f, 0xff, 0xff, 0xd0,
    0x0, 0xef, 0xf3, 0x5f, 0xfe, 0xef, 0xf6, 0x0,
    0xef, 0xf3, 0x5f, 0xfd, 0x8f, 0xfe, 0x0, 0xef,
    0xf3, 0x5f, 0xfd, 0x1f, 0xff, 0x70, 0xef, 0xf3,
    0x5f, 0xfd, 0x9, 0xff, 0xe0, 0xef, 0xf3, 0x5f,
    0xfd, 0x1, 0xff, 0xf6, 0xef, 0xf3, 0x5f, 0xfd,
    0x0, 0x7f, 0xfd, 0xef, 0xf3, 0x5f, 0xfd, 0x0,
    0xe, 0xff, 0xff, 0xf3, 0x5f, 0xfd, 0x0, 0x5,
    0xff, 0xff, 0xf3, 0x5f, 0xfd, 0x0, 0x0, 0xcf,
    0xff, 0xf3, 0x5f, 0xfd, 0x0, 0x0, 0x4f, 0xff,
    0xf3, 0x5f, 0xfd, 0x0, 0x0, 0xb, 0xff, 0xf3,

    /* U+004F "O" */
    0x0, 0x2, 0x9d, 0xff, 0xc8, 0x10, 0x0, 0x0,
    0x7f, 0xff, 0xff, 0xff, 0xe3, 0x0, 0x6, 0xff,
    0xff, 0xff, 0xff, 0xff, 0x20, 0xe, 0xff, 0xe5,
    0x12, 0x8f, 0xff, 0xa0, 0x6f, 0xff, 0x30, 0x0,
    0x8, 0xff, 0xf1, 0xaf, 0xfd, 0x0, 0x0, 0x1,
    0xff, 0xf5, 0xcf, 0xfb, 0x0, 0x0, 0x0, 0xff,
    0xf8, 0xef, 0xfa, 0x0, 0x0, 0x0, 0xff, 0xf9,
    0xef, 0xfa, 0x0, 0x0, 0x0, 0xff, 0xf9, 0xcf,
    0xfb, 0x0, 0x0, 0x0, 0xff, 0xf8, 0xaf, 0xfd,
    0x0, 0x0, 0x1, 0xff, 0xf5, 0x6f, 0xff, 0x30,
    0x0, 0x8, 0xff, 0xf1, 0xf, 0xff, 0xe5, 0x12,
    0x7f, 0xff, 0xa0, 0x6, 0xff, 0xff, 0xff, 0xff,
    0xff, 0x20, 0x0, 0x7f, 0xff, 0xff, 0xff, 0xe3,
    0x0, 0x0, 0x3, 0x9d, 0xff, 0xc8, 0x10, 0x0,

    /* U+0050 "P" */
    0x5f, 0xff, 0xff, 0xff, 0xfb, 0x40, 0x5, 0xff,
    0xff, 0xff, 0xff, 0xff, 0x60, 0x5f, 0xff, 0xff,
    0xff, 0xff, 0xff, 0x15, 0xff, 0xf0, 0x0, 0x3,
    0xff, 0xf6, 0x5f, 0xff, 0x0, 0x0, 0xd, 0xff,
    0x95, 0xff, 0xf0, 0x0, 0x0, 0xdf, 0xf9, 0x5f,
    0xff, 0x0, 0x0, 0x4f, 0xff, 0x65, 0xff, 0xff,
    0xff, 0xff, 0xff, 0xf1, 0x5f, 0xff, 0xff, 0xff,
    0xff, 0xf6, 0x5, 0xff, 0xff, 0xff, 0xff, 0xb4,
    0x0, 0x5f, 0xff, 0x0, 0x0, 0x0, 0x0, 0x5,
    0xff, 0xf0, 0x0, 0x0, 0x0, 0x0, 0x5f, 0xff,
    0x0, 0x0, 0x0, 0x0, 0x5, 0xff, 0xf0, 0x0,
    0x0, 0x0, 0x0, 0x5f, 0xff, 0x0, 0x0, 0x0,
    0x0, 0x5, 0xff, 0xf0, 0x0, 0x0, 0x0, 0x0,

    /* U+0051 "Q" */
    0x0, 0x2, 0x9d, 0xff, 0xc8, 0x10, 0x0, 0x0,
    0x7f, 0xff, 0xff, 0xff, 0xe3, 0x0, 0x5, 0xff,
    0xff, 0xff, 0xff, 0xff, 0x10, 0xe, 0xff, 0xe5,
    0x12, 0x8f, 0xff, 0xa0, 0x5f, 0xff, 0x30, 0x0,
    0x8, 0xff, 0xf1, 0xaf, 0xfd, 0x0, 0x0, 0x2,
    0xff, 0xf5, 0xcf, 0xfb, 0x0, 0x0, 0x0, 0xff,
    0xf8, 0xdf, 0xfa, 0x0, 0x0, 0x0, 0xff, 0xf9,
    0xef, 0xfa, 0x0, 0x0, 0x0, 0xff, 0xf9, 0xdf,
    0xfa, 0x0, 0x0, 0x0, 0xff, 0xf8, 0xaf, 0xfc,
    0x0, 0x0, 0x1, 0xff, 0xf6, 0x7f, 0xff, 0x20,
    0x0, 0x7, 0xff, 0xf2, 0x1f, 0xff, 0xd2, 0x0,
    0x5f, 0xff, 0xc0, 0x7, 0xff, 0xff, 0xef, 0xff,
    0xff, 0x30, 0x0, 0x9f, 0xff, 0xff, 0xff, 0xf5,
    0x0, 0x0, 0x5, 0xcf, 0xff, 0xfa, 0x30, 0x0,
    0x0, 0x0, 0x8, 0xff, 0x90, 0x0, 0x0, 0x0,
    0x0, 0x6, 0xff, 0xec, 0xb0, 0x0, 0x0, 0x0,
    0x2, 0xff, 0xff, 0xe0, 0x0, 0x0, 0x0, 0x0,
    0x4c, 0xff, 0xe0, 0x0,

    /* U+0052 "R" */
    0x5f, 0xff, 0xff, 0xff, 0xfc, 0x40, 0x5, 0xff,
    0xff, 0xff, 0xff, 0xff, 0x60, 0x5f, 0xff, 0xff,
    0xff, 0xff, 0xff, 0x15, 0xff, 0xf0, 0x0, 0x3,
    0xff, 0xf6, 0x5f, 0xff, 0x0, 0x0, 0xd, 0xff,
    0x95, 0xff, 0xf0, 0x0, 0x0, 0xdf, 0xf9, 0x5f,
    0xff, 0x0, 0x0, 0x2f, 0xff, 0x65, 0xff, 0xfd,
    0xdd, 0xdf, 0xff, 0xf1, 0x5f, 0xff, 0xff, 0xff,
    0xff, 0xf6, 0x5, 0xff, 0xff, 0xff, 0xff, 0xf3,
    0x0, 0x5f, 0xff, 0x0, 0x5f, 0xff, 0x40, 0x5,
    0xff, 0xf0, 0x0, 0xef, 0xfb, 0x0, 0x5f, 0xff,
    0x0, 0x7, 0xff, 0xf3, 0x5, 0xff, 0xf0, 0x0,
    0xf, 0xff, 0xa0, 0x5f, 0xff, 0x0, 0x0, 0x8f,
    0xff, 0x25, 0xff, 0xf0, 0x0, 0x1, 0xff, 0xf9,

    /* U+0053 "S" */
    0x0, 0x2, 0x9d, 0xff, 0xd9, 0x30, 0x0, 0x5,
    0xff, 0xff, 0xff, 0xff, 0x90, 0x2, 0xff, 0xff,
    0xff, 0xff, 0xfe, 0x20, 0x8f, 0xff, 0x40, 0x4,
    0xde, 0x20, 0xa, 0xff, 0xa0, 0x0, 0x1, 0x20,
    0x0, 0xaf, 0xfe, 0x20, 0x0, 0x0, 0x0, 0x6,
    0xff, 0xff, 0xda, 0x73, 0x0, 0x0, 0xc, 0xff,
    0xff, 0xff, 0xfc, 0x20, 0x0, 0x9, 0xff, 0xff,
    0xff, 0xfe, 0x10, 0x0, 0x0, 0x35, 0x7c, 0xff,
    0xf7, 0x0, 0x0, 0x0, 0x0, 0xd, 0xff, 0x90,
    0x4, 0x50, 0x0, 0x0, 0xcf, 0xf9, 0x3, 0xff,
    0x93, 0x1, 0x6f, 0xff, 0x60, 0xdf, 0xff, 0xff,
    0xff, 0xff, 0xe0, 0x2, 0xdf, 0xff, 0xff, 0xff,
    0xe3, 0x0, 0x0, 0x6b, 0xef, 0xfc, 0x81, 0x0,

    /* U+0054 "T" */
    0x6f, 0xff, 0xff, 0xff, 0xff, 0xff, 0x46, 0xff,
    0xff, 0xff, 0xff, 0xff, 0xf4, 0x6f, 0xff, 0xff,
    0xff, 0xff, 0xff, 0x40, 0x0, 0x4, 0xff, 0xf1,
    0x0, 0x0, 0x0, 0x0, 0x4f, 0xff, 0x10, 0x0,
    0x0, 0x0, 0x4, 0xff, 0xf1, 0x0, 0x0, 0x0,
    0x0, 0x4f, 0xff, 0x10, 0x0, 0x0, 0x0, 0x4,
    0xff, 0xf1, 0x0, 0x0, 0x0, 0x0, 0x4f, 0xff,
    0x10, 0x0, 0x0, 0x0, 0x4, 0xff, 0xf1, 0x0,
    0x0, 0x0, 0x0, 0x4f, 0xff, 0x10, 0x0, 0x0,
    0x0, 0x4, 0xff, 0xf1, 0x0, 0x0, 0x0, 0x0,
    0x4f, 0xff, 0x10, 0x0, 0x0, 0x0, 0x4, 0xff,
    0xf1, 0x0, 0x0, 0x0, 0x0, 0x4f, 0xff, 0x10,
    0x0, 0x0, 0x0, 0x4, 0xff, 0xf1, 0x0, 0x0,

    /* U+0055 "U" */
    0x6f, 0xfd, 0x0, 0x0, 0x9, 0xff, 0xa6, 0xff,
    0xd0, 0x0, 0x0, 0x9f, 0xfa, 0x6f, 0xfd, 0x0,
    0x0, 0x9, 0xff, 0xa6, 0xff, 0xd0, 0x0, 0x0,
    0x9f, 0xfa, 0x6f, 0xfd, 0x0, 0x0, 0x9, 0xff,
    0xa6, 0xff, 0xd0, 0x0, 0x0, 0x9f, 0xfa, 0x6f,
    0xfd, 0x0, 0x0, 0x9, 0xff, 0xa6, 0xff, 0xd0,
    0x0, 0x0, 0x9f, 0xfa, 0x6f, 0xfd, 0x0, 0x0,
    0x9, 0xff, 0xa6, 0xff, 0xd0, 0x0, 0x0, 0x9f,
    0xfa, 0x5f, 0xff, 0x0, 0x0, 0xb, 0xff, 0x93,
    0xff, 0xf3, 0x0, 0x0, 0xef, 0xf7, 0xf, 0xff,
    0xd3, 0x2, 0xaf, 0xff, 0x40, 0x9f, 0xff, 0xff,
    0xff, 0xff, 0xd0, 0x1, 0xcf, 0xff, 0xff, 0xff,
    0xe3, 0x0, 0x0, 0x7c, 0xef, 0xfd, 0x81, 0x0,

    /* U+0056 "V" */
    0x8f, 0xfd, 0x0, 0x0, 0x0, 0x6f, 0xfd, 0x3f,
    0xff, 0x20, 0x0, 0x0, 0xbf, 0xf8, 0xe, 0xff,
    0x70, 0x0, 0x0, 0xff, 0xf3, 0x9, 0xff, 0xb0,
    0x0, 0x5, 0xff, 0xe0, 0x4, 0xff, 0xf0, 0x0,
    0xa, 0xff, 0x90, 0x0, 0xff, 0xf5, 0x0, 0xe,
    0xff, 0x40, 0x0, 0xaf, 0xfa, 0x0, 0x3f, 0xfe,
    0x0, 0x0, 0x5f, 0xfe, 0x0, 0x8f, 0xfa, 0x0,
    0x0, 0x1f, 0xff, 0x20, 0xcf, 0xf5, 0x0, 0x0,
    0xb, 0xff, 0x60, 0xff, 0xf0, 0x0, 0x0, 0x7,
    0xff, 0xa3, 0xff, 0xb0, 0x0, 0x0, 0x2, 0xff,
    0xe7, 0xff, 0x60, 0x0, 0x0, 0x0, 0xdf, 0xfd,
    0xff, 0x10, 0x0, 0x0, 0x0, 0x8f, 0xff, 0xfc,
    0x0, 0x0, 0x0, 0x0, 0x3f, 0xff, 0xf7, 0x0,
    0x0, 0x0, 0x0, 0xe, 0xff, 0xf2, 0x0, 0x0,

    /* U+0057 "W" */
    0x4f, 0xff, 0x0, 0x0, 0x2f, 0xff, 0xb0, 0x0,
    0x8, 0xff, 0xa0, 0xff, 0xf3, 0x0, 0x6, 0xff,
    0xfe, 0x0, 0x0, 0xbf, 0xf6, 0xd, 0xff, 0x60,
    0x0, 0x9f, 0xff, 0xf2, 0x0, 0xe, 0xff, 0x30,
    0x9f, 0xf9, 0x0, 0xd, 0xff, 0xff, 0x50, 0x1,
    0xff, 0xf0, 0x6, 0xff, 0xc0, 0x1, 0xff, 0xaf,
    0xf9, 0x0, 0x4f, 0xfc, 0x0, 0x2f, 0xff, 0x0,
    0x4f, 0xf4, 0xef, 0xc0, 0x7, 0xff, 0x80, 0x0,
    0xff, 0xf2, 0x8, 0xff, 0xb, 0xff, 0x0, 0xaf,
    0xf5, 0x0, 0xb, 0xff, 0x50, 0xbf, 0xd0, 0x7f,
    0xf4, 0xd, 0xff, 0x10, 0x0, 0x8f, 0xf8, 0xf,
    0xf9, 0x4, 0xff, 0x70, 0xff, 0xd0, 0x0, 0x4,
    0xff, 0xb2, 0xff, 0x60, 0xf, 0xfa, 0x3f, 0xfa,
    0x0, 0x0, 0x1f, 0xfe, 0x6f, 0xf2, 0x0, 0xdf,
    0xe6, 0xff, 0x60, 0x0, 0x0, 0xdf, 0xfb, 0xfe,
    0x0, 0x9, 0xff, 0xbf, 0xf3, 0x0, 0x0, 0xa,
    0xff, 0xff, 0xb0, 0x0, 0x6f, 0xff, 0xff, 0x0,
    0x0, 0x0, 0x6f, 0xff, 0xf7, 0x0, 0x2, 0xff,
    0xff, 0xc0, 0x0, 0x0, 0x3, 0xff, 0xff, 0x40,
    0x0, 0xe, 0xff, 0xf8, 0x0, 0x0, 0x0, 0xf,
    0xff, 0xf0, 0x0, 0x0, 0xbf, 0xff, 0x50, 0x0,

    /* U+0058 "X" */
    0x2f, 0xff, 0xc0, 0x0, 0x0, 0xbf, 0xfd, 0x0,
    0x7f, 0xff, 0x50, 0x0, 0x4f, 0xff, 0x40, 0x0,
    0xdf, 0xfd, 0x0, 0xd, 0xff, 0xa0, 0x0, 0x4,
    0xff, 0xf6, 0x6, 0xff, 0xf1, 0x0, 0x0, 0xa,
    0xff, 0xe1, 0xef, 0xf7, 0x0, 0x0, 0x0, 0x1f,
    0xff, 0xef, 0xfd, 0x0, 0x0, 0x0, 0x0, 0x7f,
    0xff, 0xff, 0x30, 0x0, 0x0, 0x0, 0x0, 0xef,
    0xff, 0xa0, 0x0, 0x0, 0x0, 0x0, 0x3f, 0xff,
    0xfd, 0x0, 0x0, 0x0, 0x0, 0xc, 0xff, 0xff,
    0xf7, 0x0, 0x0, 0x0, 0x6, 0xff, 0xe9, 0xff,
    0xf2, 0x0, 0x0, 0x0, 0xef, 0xf6, 0xe, 0xff,
    0xb0, 0x0, 0x0, 0x9f, 0xfd, 0x0, 0x6f, 0xff,
    0x50, 0x0, 0x2f, 0xff, 0x50, 0x0, 0xdf, 0xfe,
    0x0, 0xb, 0xff, 0xc0, 0x0, 0x4, 0xff, 0xf8,
    0x5, 0xff, 0xf3, 0x0, 0x0, 0xb, 0xff, 0xf2,

    /* U+0059 "Y" */
    0x8f, 0xff, 0x30, 0x0, 0x0, 0xcf, 0xfc, 0x0,
    0xef, 0xfb, 0x0, 0x0, 0x4f, 0xff, 0x40, 0x7,
    0xff, 0xf3, 0x0, 0xc, 0xff, 0xb0, 0x0, 0xe,
    0xff, 0xb0, 0x4, 0xff, 0xf3, 0x0, 0x0, 0x5f,
    0xff, 0x40, 0xcf, 0xfa, 0x0, 0x0, 0x0, 0xdf,
    0xfc, 0x4f, 0xff, 0x20, 0x0, 0x0, 0x4, 0xff,
    0xfe, 0xff, 0x90, 0x0, 0x0, 0x0, 0xc, 0xff,
    0xff, 0xf1, 0x0, 0x0, 0x0, 0x0, 0x3f, 0xff,
    0xf7, 0x0, 0x0, 0x0, 0x0, 0x0, 0xbf, 0xfe,
    0x0, 0x0, 0x0, 0x0, 0x0, 0x8, 0xff, 0xd0,
    0x0, 0x0, 0x0, 0x0, 0x0, 0x8f, 0xfd, 0x0,
    0x0, 0x0, 0x0, 0x0, 0x8, 0xff, 0xd0, 0x0,
    0x0, 0x0, 0x0, 0x0, 0x8f, 0xfd, 0x0, 0x0,
    0x0, 0x0, 0x0, 0x8, 0xff, 0xd0, 0x0, 0x0,
    0x0, 0x0, 0x0, 0x8f, 0xfd, 0x0, 0x0, 0x0,

    /* U+005A "Z" */
    0xc, 0xff, 0xff, 0xff, 0xff, 0xff, 0x50, 0xcf,
    0xff, 0xff, 0xff, 0xff, 0xf5, 0xc, 0xff, 0xff,
    0xff, 0xff, 0xff, 0x50, 0x0, 0x0, 0x0, 0x1e,
    0xff, 0xe1, 0x0, 0x0, 0x0, 0xb, 0xff, 0xf3,
    0x0, 0x0, 0x0, 0x7, 0xff, 0xf6, 0x0, 0x0,
    0x0, 0x3, 0xff, 0xfa, 0x0, 0x0, 0x0, 0x1,
    0xef, 0xfd, 0x0, 0x0, 0x0, 0x0, 0xbf, 0xff,
    0x20, 0x0, 0x0, 0x0, 0x8f, 0xff, 0x60, 0x0,
    0x0, 0x0, 0x4f, 0xff, 0x90, 0x0, 0x0, 0x0,
    0x1e, 0xff, 0xd0, 0x0, 0x0, 0x0, 0xc, 0xff,
    0xf2, 0x0, 0x0, 0x0, 0x2, 0xff, 0xff, 0xff,
    0xff, 0xff, 0xf8, 0x2f, 0xff, 0xff, 0xff, 0xff,
    0xff, 0x82, 0xff, 0xff, 0xff, 0xff, 0xff, 0xf8,

    /* U+005B "[" */
    0x5f, 0xff, 0xf4, 0x5f, 0xff, 0xf4, 0x5f, 0xfc,
    0x51, 0x5f, 0xfb, 0x0, 0x5f, 0xfb, 0x0, 0x5f,
    0xfb, 0x0, 0x5f, 0xfb, 0x0, 0x5f, 0xfb, 0x0,
    0x5f, 0xfb, 0x0, 0x5f, 0xfb, 0x0, 0x5f, 0xfb,
    0x0, 0x5f, 0xfb, 0x0, 0x5f, 0xfb, 0x0, 0x5f,
    0xfb, 0x0, 0x5f, 0xfb, 0x0, 0x5f, 0xfb, 0x0,
    0x5f, 0xfb, 0x0, 0x5f, 0xfc, 0x51, 0x5f, 0xff,
    0xf4, 0x5f, 0xff, 0xf4,

    /* U+005C "\\" */
    0x1f, 0xfa, 0x0, 0x0, 0x0, 0x0, 0xbf, 0xe0,
    0x0, 0x0, 0x0, 0x6, 0xff, 0x40, 0x0, 0x0,
    0x0, 0x1f, 0xf9, 0x0, 0x0, 0x0, 0x0, 0xbf,
    0xe0, 0x0, 0x0, 0x0, 0x6, 0xff, 0x40, 0x0,
    0x0, 0x0, 0x1f, 0xf9, 0x0, 0x0, 0x0, 0x0,
    0xcf, 0xe0, 0x0, 0x0, 0x0, 0x6, 0xff, 0x40,
    0x0, 0x0, 0x0, 0x1f, 0xf9, 0x0, 0x0, 0x0,
    0x0, 0xcf, 0xe0, 0x0, 0x0, 0x0, 0x7, 0xff,
    0x30, 0x0, 0x0, 0x0, 0x1f, 0xf9, 0x0, 0x0,
    0x0, 0x0, 0xcf, 0xe0, 0x0, 0x0, 0x0, 0x7,
    0xff, 0x30, 0x0, 0x0, 0x0, 0x2f, 0xf8, 0x0,
    0x0, 0x0, 0x0, 0xcf, 0xe0, 0x0, 0x0, 0x0,
    0x7, 0xff, 0x30, 0x0, 0x0, 0x0, 0x2f, 0xf8,
    0x0, 0x0, 0x0, 0x0, 0xdf, 0xd0,

    /* U+005D "]" */
    0xef, 0xff, 0xae, 0xff, 0xfa, 0x49, 0xff, 0xa0,
    0x5f, 0xfa, 0x5, 0xff, 0xa0, 0x5f, 0xfa, 0x5,
    0xff, 0xa0, 0x5f, 0xfa, 0x5, 0xff, 0xa0, 0x5f,
    0xfa, 0x5, 0xff, 0xa0, 0x5f, 0xfa, 0x5, 0xff,
    0xa0, 0x5f, 0xfa, 0x5, 0xff, 0xa0, 0x5f, 0xfa,
    0x5, 0xff, 0xa4, 0x8f, 0xfa, 0xef, 0xff, 0xae,
    0xff, 0xfa,

    /* U+005E "^" */
    0x0, 0x0, 0xe, 0xff, 0x30, 0x0, 0x0, 0x0,
    0x7, 0xff, 0xfc, 0x0, 0x0, 0x0, 0x1, 0xff,
    0xff, 0xf4, 0x0, 0x0, 0x0, 0x9f, 0xfd, 0xff,
    0xd0, 0x0, 0x0, 0x2f, 0xfe, 0x1e, 0xff, 0x50,
    0x0, 0xa, 0xff, 0x70, 0x6f, 0xfd, 0x0, 0x3,
    0xff, 0xe0, 0x0, 0xdf, 0xf6, 0x0, 0xbf, 0xf6,
    0x0, 0x5, 0xff, 0xe0, 0x6, 0xed, 0x0, 0x0,
    0xc, 0xf8, 0x0, 0x0, 0x20, 0x0, 0x0, 0x21,
    0x0,

    /* U+005F "_" */
    0x4c, 0xcc, 0xcc, 0xcc, 0xcc, 0xc6, 0x5f, 0xff,
    0xff, 0xff, 0xff, 0xf9, 0x5f, 0xff, 0xff, 0xff,
    0xff, 0xf9,

    /* U+0060 "`" */
    0x0, 0x0, 0x0, 0x7, 0xe5, 0x0, 0x6f, 0xfd,
    0x0, 0xa, 0xff, 0x60, 0x0, 0xdf, 0xd0, 0x0,
    0x3e, 0x70, 0x0, 0x0, 0x0,

    /* U+0061 "a" */
    0x0, 0x29, 0xdf, 0xfd, 0x80, 0x0, 0x3, 0xff,
    0xff, 0xff, 0xfd, 0x0, 0x7, 0xff, 0xca, 0xcf,
    0xff, 0x70, 0x0, 0x58, 0x0, 0xa, 0xff, 0xb0,
    0x0, 0x0, 0x0, 0x7, 0xff, 0xc0, 0x0, 0x4b,
    0xdf, 0xff, 0xff, 0xc0, 0x8, 0xff, 0xfe, 0xee,
    0xff, 0xc0, 0x1f, 0xff, 0x50, 0x7, 0xff, 0xc0,
    0x3f, 0xff, 0x0, 0x8, 0xff, 0xc0, 0x1f, 0xff,
    0xa5, 0x7e, 0xff, 0xe7, 0xb, 0xff, 0xff, 0xf5,
    0xef, 0xfd, 0x0, 0x9e, 0xfd, 0x60, 0x4e, 0xfd,

    /* U+0062 "b" */
    0x7f, 0xfc, 0x0, 0x0, 0x0, 0x0, 0x7f, 0xfc,
    0x0, 0x0, 0x0, 0x0, 0x7f, 0xfc, 0x0, 0x0,
    0x0, 0x0, 0x7f, 0xfc, 0x0, 0x0, 0x0, 0x0,
    0x7f, 0xfc, 0x0, 0x0, 0x0, 0x0, 0x7f, 0xfc,
    0x1a, 0xef, 0xb3, 0x0, 0x7f, 0xfc, 0xcf, 0xff,
    0xff, 0x40, 0x7f, 0xff, 0xfb, 0xdf, 0xff, 0xd0,
    0x7f, 0xff, 0x20, 0x7, 0xff, 0xf2, 0x7f, 0xfc,
    0x0, 0x0, 0xff, 0xf5, 0x7f, 0xfc, 0x0, 0x0,
    0xff, 0xf6, 0x7f, 0xfc, 0x0, 0x0, 0xff, 0xf6,
    0x7f, 0xfc, 0x0, 0x0, 0xff, 0xf5, 0x7f, 0xff,
    0x20, 0x7, 0xff, 0xf2, 0x7f, 0xff, 0xfb, 0xcf,
    0xff, 0xd0, 0x7f, 0xfc, 0xcf, 0xff, 0xff, 0x40,
    0x7f, 0xfc, 0x1a, 0xef, 0xb3, 0x0,

    /* U+0063 "c" */
    0x0, 0x5, 0xcf, 0xfd, 0x70, 0x0, 0xa, 0xff,
    0xff, 0xff, 0xc0, 0x6, 0xff, 0xfc, 0xaf, 0xff,
    0x80, 0xdf, 0xf9, 0x0, 0x2f, 0x92, 0x1f, 0xff,
    0x30, 0x0, 0x0, 0x2, 0xff, 0xf3, 0x0, 0x0,
    0x0, 0x2f, 0xff, 0x30, 0x0, 0x0, 0x1, 0xff,
    0xf3, 0x0, 0x1, 0x0, 0xd, 0xff, 0x90, 0x2,
    0xfc, 0x50, 0x6f, 0xff, 0xca, 0xff, 0xf8, 0x0,
    0xaf, 0xff, 0xff, 0xfc, 0x0, 0x0, 0x5c, 0xff,
    0xd7, 0x0,

    /* U+0064 "d" */
    0x0, 0x0, 0x0, 0x0, 0x6f, 0xfd, 0x0, 0x0,
    0x0, 0x0, 0x6f, 0xfd, 0x0, 0x0, 0x0, 0x0,
    0x6f, 0xfd, 0x0, 0x0, 0x0, 0x0, 0x6f, 0xfd,
    0x0, 0x0, 0x0, 0x0, 0x6f, 0xfd, 0x0, 0x19,
    0xef, 0xc3, 0x6f, 0xfd, 0x0, 0xdf, 0xff, 0xff,
    0x8f, 0xfd, 0x7, 0xff, 0xfe, 0xbe, 0xff, 0xfd,
    0xc, 0xff, 0xd0, 0x0, 0xbf, 0xfd, 0xf, 0xff,
    0x60, 0x0, 0x6f, 0xfd, 0xf, 0xff, 0x50, 0x0,
    0x6f, 0xfd, 0xf, 0xff, 0x50, 0x0, 0x6f, 0xfd,
    0xf, 0xff, 0x60, 0x0, 0x6f, 0xfd, 0xc, 0xff,
    0xc0, 0x0, 0xbf, 0xfd, 0x7, 0xff, 0xfe, 0xbd,
    0xff, 0xfd, 0x0, 0xdf, 0xff, 0xff, 0x8f, 0xfd,
    0x0, 0x19, 0xef, 0xc4, 0x6f, 0xfd,

    /* U+0065 "e" */
    0x0, 0x5, 0xbe, 0xfd, 0x81, 0x0, 0x0, 0x9f,
    0xff, 0xff, 0xfe, 0x10, 0x6, 0xff, 0xfa, 0x7d,
    0xff, 0xb0, 0xd, 0xff, 0x80, 0x1, 0xff, 0xf2,
    0x1f, 0xff, 0x30, 0x0, 0xdf, 0xf6, 0x2f, 0xff,
    0xff, 0xff, 0xff, 0xf8, 0x2f, 0xff, 0xff, 0xff,
    0xff, 0xf9, 0x1f, 0xff, 0x30, 0x0, 0x0, 0x0,
    0xd, 0xff, 0x90, 0x0, 0x29, 0x0, 0x5, 0xff,
    0xfd, 0xab, 0xff, 0xa0, 0x0, 0x9f, 0xff, 0xff,
    0xff, 0xa0, 0x0, 0x5, 0xbe, 0xfe, 0xa4, 0x0,

    /* U+0066 "f" */
    0x0, 0x6, 0xdf, 0xfa, 0x0, 0x6f, 0xff, 0xfa,
    0x0, 0xcf, 0xfb, 0x95, 0x0, 0xef, 0xf5, 0x0,
    0x0, 0xef, 0xf5, 0x0, 0x8f, 0xff, 0xff, 0xfa,
    0x8f, 0xff, 0xff, 0xfa, 0x49, 0xff, 0xfb, 0x96,
    0x0, 0xef, 0xf5, 0x0, 0x0, 0xef, 0xf5, 0x0,
    0x0, 0xef, 0xf5, 0x0, 0x0, 0xef, 0xf5, 0x0,
    0x0, 0xef, 0xf5, 0x0, 0x0, 0xef, 0xf5, 0x0,
    0x0, 0xef, 0xf5, 0x0, 0x0, 0xef, 0xf5, 0x0,
    0x0, 0xef, 0xf5, 0x0,

    /* U+0067 "g" */
    0x0, 0x0, 0x0, 0x0, 0x16, 0x73, 0x0, 0x0,
    0x0, 0x0, 0xd, 0xff, 0x80, 0x0, 0x0, 0x0,
    0x0, 0xff, 0xf8, 0x0, 0x2, 0xae, 0xff, 0xff,
    0x80, 0x0, 0x3, 0xff, 0xff, 0xff, 0xff, 0x70,
    0x0, 0xcf, 0xfa, 0x33, 0xaf, 0xfd, 0x0, 0xe,
    0xff, 0x20, 0x1, 0xff, 0xe0, 0x0, 0xcf, 0xf7,
    0x0, 0x7f, 0xfc, 0x0, 0x5, 0xff, 0xff, 0xff,
    0xff, 0x40, 0x0, 0x5, 0xff, 0xff, 0xfc, 0x40,
    0x0, 0x5, 0xf9, 0x1, 0x20, 0x0, 0x0, 0x0,
    0xef, 0x90, 0x0, 0x0, 0x0, 0x0, 0xf, 0xff,
    0xdd, 0xdd, 0xcb, 0x60, 0x0, 0x8f, 0xff, 0xff,
    0xff, 0xff, 0x90, 0x2, 0xbf, 0xff, 0xff, 0xff,
    0xff, 0x3, 0xff, 0x10, 0x0, 0x2, 0xff, 0xf2,
    0x7f, 0xf8, 0x33, 0x33, 0x7f, 0xff, 0x3, 0xff,
    0xff, 0xff, 0xff, 0xff, 0x70, 0x3, 0x9d, 0xff,
    0xfe, 0xd9, 0x30, 0x0,

    /* U+0068 "h" */
    0x7f, 0xfc, 0x0, 0x0, 0x0, 0x7, 0xff, 0xc0,
    0x0, 0x0, 0x0, 0x7f, 0xfc, 0x0, 0x0, 0x0,
    0x7, 0xff, 0xc0, 0x0, 0x0, 0x0, 0x7f, 0xfc,
    0x0, 0x0, 0x0, 0x7, 0xff, 0xc0, 0x9e, 0xfb,
    0x20, 0x7f, 0xfc, 0xaf, 0xff, 0xfe, 0x17, 0xff,
    0xff, 0xbd, 0xff, 0xf6, 0x7f, 0xff, 0x20, 0xc,
    0xff, 0xa7, 0xff, 0xc0, 0x0, 0x9f, 0xfb, 0x7f,
    0xfc, 0x0, 0x8, 0xff, 0xb7, 0xff, 0xc0, 0x0,
    0x8f, 0xfb, 0x7f, 0xfc, 0x0, 0x8, 0xff, 0xb7,
    0xff, 0xc0, 0x0, 0x8f, 0xfb, 0x7f, 0xfc, 0x0,
    0x8, 0xff, 0xb7, 0xff, 0xc0, 0x0, 0x8f, 0xfb,
    0x7f, 0xfc, 0x0, 0x8, 0xff, 0xb0,

    /* U+0069 "i" */
    0x4e, 0xf8, 0xb, 0xff, 0xf0, 0xaf, 0xff, 0x2,
    0xab, 0x40, 0x0, 0x0, 0x7, 0xff, 0xc0, 0x7f,
    0xfc, 0x7, 0xff, 0xc0, 0x7f, 0xfc, 0x7, 0xff,
    0xc0, 0x7f, 0xfc, 0x7, 0xff, 0xc0, 0x7f, 0xfc,
    0x7, 0xff, 0xc0, 0x7f, 0xfc, 0x7, 0xff, 0xc0,
    0x7f, 0xfc, 0x0,

    /* U+006A "j" */
    0x0, 0x4e, 0xf8, 0x0, 0xb, 0xff, 0xf0, 0x0,
    0xaf, 0xff, 0x0, 0x2, 0xab, 0x40, 0x0, 0x0,
    0x0, 0x0, 0x7, 0xff, 0xc0, 0x0, 0x7f, 0xfc,
    0x0, 0x7, 0xff, 0xc0, 0x0, 0x7f, 0xfc, 0x0,
    0x7, 0xff, 0xc0, 0x0, 0x7f, 0xfc, 0x0, 0x7,
    0xff, 0xc0, 0x0, 0x7f, 0xfc, 0x0, 0x7, 0xff,
    0xc0, 0x0, 0x7f, 0xfc, 0x0, 0x7, 0xff, 0xc0,
    0x0, 0x7f, 0xfc, 0x0, 0x7, 0xff, 0xc0, 0x19,
    0xcf, 0xfa, 0x3, 0xff, 0xff, 0x60, 0x3f, 0xfd,
    0x70, 0x0,

    /* U+006B "k" */
    0x7f, 0xfc, 0x0, 0x0, 0x0, 0x0, 0x7f, 0xfc,
    0x0, 0x0, 0x0, 0x0, 0x7f, 0xfc, 0x0, 0x0,
    0x0, 0x0, 0x7f, 0xfc, 0x0, 0x0, 0x0, 0x0,
    0x7f, 0xfc, 0x0, 0x0, 0x0, 0x0, 0x7f, 0xfc,
    0x0, 0xb, 0xff, 0xc0, 0x7f, 0xfc, 0x0, 0x9f,
    0xfe, 0x10, 0x7f, 0xfc, 0x5, 0xff, 0xf3, 0x0,
    0x7f, 0xfc, 0x1f, 0xff, 0x50, 0x0, 0x7f, 0xfc,
    0xbf, 0xf9, 0x0, 0x0, 0x7f, 0xff, 0xff, 0xfe,
    0x0, 0x0, 0x7f, 0xff, 0xff, 0xff, 0x80, 0x0,
    0x7f, 0xff, 0xb7, 0xff, 0xf1, 0x0, 0x7f, 0xfe,
    0x0, 0xef, 0xfa, 0x0, 0x7f, 0xfc, 0x0, 0x7f,
    0xff, 0x30, 0x7f, 0xfc, 0x0, 0xe, 0xff, 0xc0,
    0x7f, 0xfc, 0x0, 0x6, 0xff, 0xf6,

    /* U+006C "l" */
    0x7f, 0xfc, 0x0, 0x7f, 0xfc, 0x0, 0x7f, 0xfc,
    0x0, 0x7f, 0xfc, 0x0, 0x7f, 0xfc, 0x0, 0x7f,
    0xfc, 0x0, 0x7f, 0xfc, 0x0, 0x7f, 0xfc, 0x0,
    0x7f, 0xfc, 0x0, 0x7f, 0xfc, 0x0, 0x7f, 0xfc,
    0x0, 0x7f, 0xfc, 0x0, 0x7f, 0xfc, 0x0, 0x7f,
    0xfc, 0x0, 0x6f, 0xfe, 0x91, 0x1f, 0xff, 0xf3,
    0x4, 0xcf, 0xf3,

    /* U+006D "m" */
    0x7f, 0xfc, 0x1a, 0xee, 0xa1, 0x3, 0xbf, 0xe8,
    0x0, 0x7f, 0xfc, 0xbf, 0xff, 0xfc, 0x3f, 0xff,
    0xff, 0x80, 0x7f, 0xff, 0xfb, 0xef, 0xff, 0xee,
    0xbf, 0xff, 0xf0, 0x7f, 0xff, 0x20, 0x1f, 0xff,
    0xc0, 0x4, 0xff, 0xf3, 0x7f, 0xfc, 0x0, 0xc,
    0xff, 0x80, 0x0, 0xff, 0xf4, 0x7f, 0xfc, 0x0,
    0xb, 0xff, 0x80, 0x0, 0xff, 0xf4, 0x7f, 0xfc,
    0x0, 0xb, 0xff, 0x80, 0x0, 0xff, 0xf4, 0x7f,
    0xfc, 0x0, 0xb, 0xff, 0x80, 0x0, 0xff, 0xf4,
    0x7f, 0xfc, 0x0, 0xb, 0xff, 0x80, 0x0, 0xff,
    0xf4, 0x7f, 0xfc, 0x0, 0xb, 0xff, 0x80, 0x0,
    0xff, 0xf4, 0x7f, 0xfc, 0x0, 0xb, 0xff, 0x80,
    0x0, 0xff, 0xf4, 0x7f, 0xfc, 0x0, 0xb, 0xff,
    0x80, 0x0, 0xff, 0xf4,

    /* U+006E "n" */
    0x7f, 0xfc, 0x9, 0xef, 0xb2, 0x7, 0xff, 0xcb,
    0xff, 0xff, 0xe1, 0x7f, 0xff, 0xfb, 0xdf, 0xff,
    0x67, 0xff, 0xf2, 0x0, 0xcf, 0xfa, 0x7f, 0xfc,
    0x0, 0x9, 0xff, 0xb7, 0xff, 0xc0, 0x0, 0x8f,
    0xfb, 0x7f, 0xfc, 0x0, 0x8, 0xff, 0xb7, 0xff,
    0xc0, 0x0, 0x8f, 0xfb, 0x7f, 0xfc, 0x0, 0x8,
    0xff, 0xb7, 0xff, 0xc0, 0x0, 0x8f, 0xfb, 0x7f,
    0xfc, 0x0, 0x8, 0xff, 0xb7, 0xff, 0xc0, 0x0,
    0x8f, 0xfb,

    /* U+006F "o" */
    0x0, 0x5, 0xbf, 0xfd, 0x81, 0x0, 0x0, 0x9f,
    0xff, 0xff, 0xfe, 0x20, 0x5, 0xff, 0xfc, 0xaf,
    0xff, 0xc0, 0xc, 0xff, 0x80, 0x2, 0xff, 0xf3,
    0x1f, 0xff, 0x30, 0x0, 0xdf, 0xf7, 0x2f, 0xff,
    0x30, 0x0, 0xcf, 0xf9, 0x2f, 0xff, 0x30, 0x0,
    0xcf, 0xf9, 0x1f, 0xff, 0x30, 0x0, 0xdf, 0xf7,
    0xc, 0xff, 0x80, 0x2, 0xff, 0xf3, 0x5, 0xff,
    0xfc, 0xaf, 0xff, 0xc0, 0x0, 0x9f, 0xff, 0xff,
    0xfe, 0x20, 0x0, 0x5, 0xcf, 0xfd, 0x81, 0x0,

    /* U+0070 "p" */
    0x7f, 0xfc, 0x1a, 0xef, 0xb3, 0x0, 0x7f, 0xfc,
    0xcf, 0xff, 0xff, 0x40, 0x7f, 0xff, 0xfb, 0xdf,
    0xff, 0xd0, 0x7f, 0xff, 0x20, 0x7, 0xff, 0xf2,
    0x7f, 0xfc, 0x0, 0x0, 0xff, 0xf5, 0x7f, 0xfc,
    0x0, 0x0, 0xff, 0xf6, 0x7f, 0xfc, 0x0, 0x0,
    0xff, 0xf6, 0x7f, 0xfc, 0x0, 0x0, 0xff, 0xf5,
    0x7f, 0xff, 0x20, 0x7, 0xff, 0xf2, 0x7f, 0xff,
    0xfb, 0xcf, 0xff, 0xd0, 0x7f, 0xfc, 0xbf, 0xff,
    0xff, 0x40, 0x7f, 0xfc, 0x1a, 0xef, 0xb3, 0x0,
    0x7f, 0xfc, 0x0, 0x0, 0x0, 0x0, 0x7f, 0xfc,
    0x0, 0x0, 0x0, 0x0, 0x7f, 0xfc, 0x0, 0x0,
    0x0, 0x0, 0x7f, 0xfc, 0x0, 0x0, 0x0, 0x0,

    /* U+0071 "q" */
    0x0, 0x19, 0xef, 0xc4, 0x6f, 0xfd, 0x0, 0xdf,
    0xff, 0xff, 0x9f, 0xfd, 0x7, 0xff, 0xfe, 0xbe,
    0xff, 0xfd, 0xc, 0xff, 0xd0, 0x0, 0xbf, 0xfd,
    0xf, 0xff, 0x60, 0x0, 0x6f, 0xfd, 0xf, 0xff,
    0x50, 0x0, 0x6f, 0xfd, 0xf, 0xff, 0x50, 0x0,
    0x6f, 0xfd, 0xf, 0xff, 0x60, 0x0, 0x6f, 0xfd,
    0xc, 0xff, 0xc0, 0x0, 0xbf, 0xfd, 0x7, 0xff,
    0xfe, 0xbd, 0xff, 0xfd, 0x0, 0xdf, 0xff, 0xff,
    0x8f, 0xfd, 0x0, 0x19, 0xef, 0xc3, 0x6f, 0xfd,
    0x0, 0x0, 0x0, 0x0, 0x6f, 0xfd, 0x0, 0x0,
    0x0, 0x0, 0x6f, 0xfd, 0x0, 0x0, 0x0, 0x0,
    0x6f, 0xfd, 0x0, 0x0, 0x0, 0x0, 0x6f, 0xfd,

    /* U+0072 "r" */
    0x7f, 0xfc, 0x1a, 0xe6, 0x7f, 0xfc, 0xbf, 0xf6,
    0x7f, 0xfe, 0xff, 0xf6, 0x7f, 0xff, 0x82, 0x10,
    0x7f, 0xfd, 0x0, 0x0, 0x7f, 0xfc, 0x0, 0x0,
    0x7f, 0xfc, 0x0, 0x0, 0x7f, 0xfc, 0x0, 0x0,
    0x7f, 0xfc, 0x0, 0x0, 0x7f, 0xfc, 0x0, 0x0,
    0x7f, 0xfc, 0x0, 0x0, 0x7f, 0xfc, 0x0, 0x0,

    /* U+0073 "s" */
    0x0, 0x2a, 0xef, 0xeb, 0x50, 0x0, 0x4f, 0xff,
    0xff, 0xff, 0xb0, 0xd, 0xff, 0xd9, 0xbf, 0xf7,
    0x0, 0xff, 0xf2, 0x0, 0x36, 0x0, 0xe, 0xff,
    0xb6, 0x30, 0x0, 0x0, 0x8f, 0xff, 0xff, 0xfa,
    0x10, 0x0, 0x7e, 0xff, 0xff, 0xfd, 0x0, 0x0,
    0x2, 0x58, 0xff, 0xf4, 0x2, 0xc3, 0x0, 0xc,
    0xff, 0x51, 0xef, 0xfb, 0x9b, 0xff, 0xf1, 0xb,
    0xff, 0xff, 0xff, 0xf7, 0x0, 0x5, 0xbe, 0xfe,
    0xa3, 0x0,

    /* U+0074 "t" */
    0x0, 0x8f, 0xf6, 0x0, 0x0, 0x8f, 0xf6, 0x0,
    0x0, 0xbf, 0xf6, 0x0, 0x8f, 0xff, 0xff, 0xfa,
    0x8f, 0xff, 0xff, 0xfa, 0x49, 0xff, 0xfb, 0x96,
    0x0, 0xdf, 0xf6, 0x0, 0x0, 0xdf, 0xf6, 0x0,
    0x0, 0xdf, 0xf6, 0x0, 0x0, 0xdf, 0xf6, 0x0,
    0x0, 0xdf, 0xf6, 0x0, 0x0, 0xdf, 0xf6, 0x0,
    0x0, 0xbf, 0xfb, 0x94, 0x0, 0x5f, 0xff, 0xf8,
    0x0, 0x6, 0xdf, 0xf8,

    /* U+0075 "u" */
    0x9f, 0xfa, 0x0, 0xa, 0xff, 0x99, 0xff, 0xa0,
    0x0, 0xaf, 0xf9, 0x9f, 0xfa, 0x0, 0xa, 0xff,
    0x99, 0xff, 0xa0, 0x0, 0xaf, 0xf9, 0x9f, 0xfa,
    0x0, 0xa, 0xff, 0x99, 0xff, 0xa0, 0x0, 0xaf,
    0xf9, 0x9f, 0xfa, 0x0, 0xa, 0xff, 0x99, 0xff,
    0xa0, 0x0, 0xaf, 0xf9, 0x8f, 0xfe, 0x0, 0x1e,
    0xff, 0x95, 0xff, 0xfd, 0xbf, 0xff, 0xf9, 0xd,
    0xff, 0xff, 0xda, 0xff, 0x90, 0x2b, 0xfe, 0xa2,
    0xaf, 0xf9,

    /* U+0076 "v" */
    0xaf, 0xf8, 0x0, 0x0, 0x9f, 0xf7, 0x5f, 0xfd,
    0x0, 0x0, 0xdf, 0xf2, 0xf, 0xff, 0x20, 0x2,
    0xff, 0xd0, 0xb, 0xff, 0x70, 0x7, 0xff, 0x80,
    0x6, 0xff, 0xb0, 0xb, 0xff, 0x30, 0x1, 0xff,
    0xf0, 0xf, 0xfe, 0x0, 0x0, 0xcf, 0xf4, 0x3f,
    0xf9, 0x0, 0x0, 0x6f, 0xf8, 0x7f, 0xf4, 0x0,
    0x0, 0x1f, 0xfc, 0xbf, 0xf0, 0x0, 0x0, 0xc,
    0xff, 0xff, 0xa0, 0x0, 0x0, 0x7, 0xff, 0xff,
    0x50, 0x0, 0x0, 0x2, 0xff, 0xff, 0x0, 0x0,

    /* U+0077 "w" */
    0x7f, 0xfa, 0x0, 0x5, 0xff, 0xe0, 0x0, 0xf,
    0xfe, 0x2, 0xff, 0xe0, 0x0, 0x9f, 0xff, 0x30,
    0x4, 0xff, 0xa0, 0xe, 0xff, 0x20, 0xd, 0xff,
    0xf7, 0x0, 0x8f, 0xf6, 0x0, 0xaf, 0xf5, 0x2,
    0xff, 0xff, 0xc0, 0xb, 0xff, 0x20, 0x5, 0xff,
    0x90, 0x6f, 0xf9, 0xff, 0x0, 0xff, 0xe0, 0x0,
    0x1f, 0xfd, 0xa, 0xfc, 0x4f, 0xf4, 0x3f, 0xf9,
    0x0, 0x0, 0xdf, 0xf1, 0xef, 0x80, 0xff, 0x86,
    0xff, 0x50, 0x0, 0x8, 0xff, 0x7f, 0xf3, 0xc,
    0xfc, 0xaf, 0xf1, 0x0, 0x0, 0x4f, 0xfe, 0xff,
    0x0, 0x7f, 0xfe, 0xfd, 0x0, 0x0, 0x0, 0xff,
    0xff, 0xb0, 0x3, 0xff, 0xff, 0x80, 0x0, 0x0,
    0xc, 0xff, 0xf6, 0x0, 0xe, 0xff, 0xf4, 0x0,
    0x0, 0x0, 0x7f, 0xff, 0x20, 0x0, 0xaf, 0xff,
    0x0, 0x0,

    /* U+0078 "x" */
    0x4f, 0xff, 0x60, 0x0, 0xcf, 0xf9, 0x9, 0xff,
    0xe1, 0x5, 0xff, 0xe0, 0x1, 0xef, 0xf9, 0xe,
    0xff, 0x50, 0x0, 0x5f, 0xff, 0xaf, 0xfa, 0x0,
    0x0, 0xa, 0xff, 0xff, 0xf1, 0x0, 0x0, 0x1,
    0xff, 0xff, 0x60, 0x0, 0x0, 0x3, 0xff, 0xff,
    0x60, 0x0, 0x0, 0xc, 0xff, 0xff, 0xe1, 0x0,
    0x0, 0x6f, 0xfb, 0xcf, 0xfa, 0x0, 0x1, 0xff,
    0xf2, 0x3f, 0xff, 0x50, 0xa, 0xff, 0x90, 0xa,
    0xff, 0xe0, 0x4f, 0xff, 0x10, 0x1, 0xff, 0xf9,

    /* U+0079 "y" */
    0xbf, 0xf8, 0x0, 0x0, 0x9f, 0xf7, 0x6f, 0xfd,
    0x0, 0x0, 0xef, 0xf1, 0x1f, 0xff, 0x20, 0x3,
    0xff, 0xc0, 0xb, 0xff, 0x70, 0x8, 0xff, 0x70,
    0x5, 0xff, 0xc0, 0xd, 0xff, 0x10, 0x1, 0xff,
    0xf1, 0x2f, 0xfc, 0x0, 0x0, 0xbf, 0xf5, 0x6f,
    0xf7, 0x0, 0x0, 0x5f, 0xf9, 0xaf, 0xf1, 0x0,
    0x0, 0xf, 0xfd, 0xef, 0xc0, 0x0, 0x0, 0xb,
    0xff, 0xff, 0x70, 0x0, 0x0, 0x5, 0xff, 0xff,
    0x20, 0x0, 0x0, 0x0, 0xff, 0xfc, 0x0, 0x0,
    0x0, 0x0, 0xef, 0xf7, 0x0, 0x0, 0x3, 0x9a,
    0xff, 0xf1, 0x0, 0x0, 0x6, 0xff, 0xff, 0x90,
    0x0, 0x0, 0x6, 0xff, 0xe9, 0x0, 0x0, 0x0,

    /* U+007A "z" */
    0xf, 0xff, 0xff, 0xff, 0xff, 0x60, 0xff, 0xff,
    0xff, 0xff, 0xf6, 0x8, 0x99, 0x99, 0xdf, 0xff,
    0x50, 0x0, 0x0, 0x3f, 0xff, 0x90, 0x0, 0x0,
    0x1e, 0xff, 0xc0, 0x0, 0x0, 0xd, 0xff, 0xd1,
    0x0, 0x0, 0xb, 0xff, 0xf2, 0x0, 0x0, 0x8,
    0xff, 0xf4, 0x0, 0x0, 0x6, 0xff, 0xf6, 0x0,
    0x0, 0x1, 0xff, 0xfe, 0x99, 0x99, 0x94, 0x2f,
    0xff, 0xff, 0xff, 0xff, 0x82, 0xff, 0xff, 0xff,
    0xff, 0xf8,

    /* U+007B "{" */
    0x0, 0x9, 0xff, 0xf1, 0x0, 0x4f, 0xff, 0xf1,
    0x0, 0x7f, 0xfb, 0x50, 0x0, 0x7f, 0xf9, 0x0,
    0x0, 0x7f, 0xf9, 0x0, 0x0, 0x7f, 0xf9, 0x0,
    0x0, 0x7f, 0xf9, 0x0, 0x0, 0x8f, 0xf8, 0x0,
    0x4, 0xff, 0xf4, 0x0, 0x9f, 0xff, 0x80, 0x0,
    0x9f, 0xfb, 0x20, 0x0, 0x5c, 0xff, 0xe1, 0x0,
    0x0, 0xbf, 0xf7, 0x0, 0x0, 0x7f, 0xf8, 0x0,
    0x0, 0x7f, 0xf9, 0x0, 0x0, 0x7f, 0xf9, 0x0,
    0x0, 0x7f, 0xf9, 0x0, 0x0, 0x7f, 0xfb, 0x50,
    0x0, 0x5f, 0xff, 0xf1, 0x0, 0xa, 0xff, 0xf1,

    /* U+007C "|" */
    0xff, 0xdf, 0xfd, 0xff, 0xdf, 0xfd, 0xff, 0xdf,
    0xfd, 0xff, 0xdf, 0xfd, 0xff, 0xdf, 0xfd, 0xff,
    0xdf, 0xfd, 0xff, 0xdf, 0xfd, 0xff, 0xdf, 0xfd,
    0xff, 0xdf, 0xfd, 0xff, 0xdf, 0xfd, 0x1, 0x0,

    /* U+007D "}" */
    0xef, 0xfb, 0x0, 0xe, 0xff, 0xf7, 0x0, 0x49,
    0xff, 0x90, 0x0, 0x6f, 0xfa, 0x0, 0x6, 0xff,
    0xa0, 0x0, 0x6f, 0xfa, 0x0, 0x6, 0xff, 0xa0,
    0x0, 0x5f, 0xfb, 0x0, 0x1, 0xff, 0xf6, 0x0,
    0x5, 0xff, 0xfc, 0x0, 0x1a, 0xff, 0xc0, 0xd,
    0xff, 0xd7, 0x4, 0xff, 0xd0, 0x0, 0x5f, 0xfa,
    0x0, 0x6, 0xff, 0xa0, 0x0, 0x6f, 0xfa, 0x0,
    0x6, 0xff, 0xa0, 0x4, 0x9f, 0xf9, 0x0, 0xef,
    0xff, 0x80, 0xe, 0xff, 0xb1, 0x0,

    /* U+007E "~" */
    0x2b, 0xff, 0xc6, 0x10, 0x0, 0x0, 0xaf, 0xff,
    0xff, 0xfc, 0xbe, 0x50, 0x2f, 0xbb, 0xef, 0xff,
    0xff, 0xd0, 0x0, 0x0, 0x5, 0xbe, 0xfc, 0x40,

    /* U+F001 "" */
    0x0, 0x0, 0x0, 0x0, 0x0, 0x0, 0x0, 0x0,
    0x0, 0x0, 0x1, 0x0, 0x0, 0x0, 0x0, 0x0,
    0x0, 0x0, 0x0, 0x0, 0x5, 0x9e, 0xf8, 0x0,
    0x0, 0x0, 0x0, 0x0, 0x0, 0x0, 0x26, 0xbf,
    0xff, 0xff, 0xd0, 0x0, 0x0, 0x0, 0x0, 0x0,
    0x48, 0xdf, 0xff, 0xff, 0xff, 0xfd, 0x0, 0x0,
    0x0, 0x1, 0x5a, 0xff, 0xff, 0xff, 0xff, 0xff,
    0xff, 0xd0, 0x0, 0x0, 0x5, 0xff, 0xff, 0xff,
    0xff, 0xff, 0xff, 0xff, 0xfd, 0x0, 0x0, 0x0,
    0xaf, 0xff, 0xff, 0xff, 0xff, 0xff, 0xff, 0xff,
    0xd0, 0x0, 0x0, 0xa, 0xff, 0xff, 0xff, 0xff,
    0xfd, 0x94, 0xe, 0xfd, 0x0, 0x0, 0x0, 0xaf,
    0xff, 0xff, 0xfc, 0x72, 0x0, 0x0, 0xef, 0xd0,
    0x0, 0x0, 0xa, 0xff, 0xea, 0x51, 0x0, 0x0,
    0x0, 0xe, 0xfd, 0x0, 0x0, 0x0, 0xaf, 0xf1,
    0x0, 0x0, 0x0, 0x0, 0x0, 0xef, 0xd0, 0x0,
    0x0, 0xa, 0xff, 0x10, 0x0, 0x0, 0x0, 0x0,
    0xe, 0xfd, 0x0, 0x0, 0x0, 0xaf, 0xf1, 0x0,
    0x0, 0x0, 0x0, 0x0, 0xef, 0xd0, 0x0, 0x0,
    0xa, 0xff, 0x10, 0x0, 0x0, 0x0, 0x0, 0xe,
    0xfd, 0x0, 0x0, 0x0, 0xaf, 0xf1, 0x0, 0x0,
    0x0, 0x3, 0x54, 0xff, 0xd0, 0x0, 0x0, 0xa,
    0xff, 0x10, 0x0, 0x0, 0x5e, 0xff, 0xff, 0xfd,
    0x0, 0x0, 0x0, 0xaf, 0xf1, 0x0, 0x0, 0x3f,
    0xff, 0xff, 0xff, 0xd0, 0x1, 0x69, 0x9d, 0xff,
    0x10, 0x0, 0x6, 0xff, 0xff, 0xff, 0xfc, 0x6,
    0xff, 0xff, 0xff, 0xf1, 0x0, 0x0, 0x1e, 0xff,
    0xff, 0xff, 0x61, 0xff, 0xff, 0xff, 0xff, 0x10,
    0x0, 0x0, 0x2a, 0xff, 0xfc, 0x50, 0x1f, 0xff,
    0xff, 0xff, 0xf0, 0x0, 0x0, 0x0, 0x0, 0x10,
    0x0, 0x0, 0x9f, 0xff, 0xff, 0xf7, 0x0, 0x0,
    0x0, 0x0, 0x0, 0x0, 0x0, 0x0, 0x4a, 0xcc,
    0xa3, 0x0, 0x0, 0x0, 0x0, 0x0, 0x0, 0x0,
    0x0,

    /* U+F008 "" */
    0x42, 0x0, 0x78, 0x88, 0x88, 0x88, 0x88, 0x88,
    0x87, 0x0, 0x24, 0xf8, 0x22, 0xef, 0xff, 0xff,
    0xff, 0xff, 0xff, 0xfe, 0x22, 0x8f, 0xff, 0xff,
    0xff, 0xb9, 0x99, 0x99, 0x99, 0x9b, 0xff, 0xff,
    0xff, 0xf9, 0x44, 0xff, 0x30, 0x0, 0x0, 0x0,
    0x3, 0xff, 0x44, 0x9f, 0xf6, 0x0, 0xef, 0x30,
    0x0, 0x0, 0x0, 0x3, 0xfe, 0x0, 0x6f, 0xf7,
    0x0, 0xef, 0x30, 0x0, 0x0, 0x0, 0x3, 0xfe,
    0x0, 0x7f, 0xff, 0xff, 0xff, 0x30, 0x0, 0x0,
    0x0, 0x3, 0xff, 0xff, 0xff, 0xfa, 0x66, 0xff,
    0x74, 0x44, 0x44, 0x44, 0x47, 0xff, 0x66, 0xaf,
    0xf6, 0x0, 0xef, 0xff, 0xff, 0xff, 0xff, 0xff,
    0xfe, 0x0, 0x6f, 0xf6, 0x0, 0xef, 0xdc, 0xcc,
    0xcc, 0xcc, 0xcd, 0xfe, 0x0, 0x6f, 0xff, 0xee,
    0xff, 0x30, 0x0, 0x0, 0x0, 0x3, 0xff, 0xee,
    0xff, 0xfc, 0x88, 0xff, 0x30, 0x0, 0x0, 0x0,
    0x3, 0xff, 0x88, 0xcf, 0xf6, 0x0, 0xef, 0x30,
    0x0, 0x0, 0x0, 0x3, 0xfe, 0x0, 0x6f, 0xf6,
    0x0, 0xef, 0x30, 0x0, 0x0, 0x0, 0x3, 0xfe,
    0x0, 0x6f, 0xfe, 0xcc, 0xff, 0x41, 0x11, 0x11,
    0x11, 0x14, 0xff, 0xcc, 0xef, 0xfd, 0xaa, 0xff,
    0xff, 0xff, 0xff, 0xff, 0xff, 0xff, 0xaa, 0xdf,
    0xc6, 0x0, 0xef, 0xff, 0xff, 0xff, 0xff, 0xff,
    0xfe, 0x0, 0x6c,

    /* U+F00B "" */
    0xbf, 0xff, 0xfe, 0x31, 0xdf, 0xff, 0xff, 0xff,
    0xff, 0xff, 0xfb, 0xff, 0xff, 0xff, 0x63, 0xff,
    0xff, 0xff, 0xff, 0xff, 0xff, 0xff, 0xff, 0xff,
    0xff, 0x63, 0xff, 0xff, 0xff, 0xff, 0xff, 0xff,
    0xff, 0xff, 0xff, 0xff, 0x63, 0xff, 0xff, 0xff,
    0xff, 0xff, 0xff, 0xff, 0xff, 0xff, 0xff, 0x63,
    0xff, 0xff, 0xff, 0xff, 0xff, 0xff, 0xff, 0x58,
    0x88, 0x87, 0x0, 0x78, 0x88, 0x88, 0x88, 0x88,
    0x88, 0x85, 0x0, 0x0, 0x0, 0x0, 0x0, 0x0,
    0x0, 0x0, 0x0, 0x0, 0x0, 0xcf, 0xff, 0xff,
    0x31, 0xef, 0xff, 0xff, 0xff, 0xff, 0xff, 0xfc,
    0xff, 0xff, 0xff, 0x63, 0xff, 0xff, 0xff, 0xff,
    0xff, 0xff, 0xff, 0xff, 0xff, 0xff, 0x63, 0xff,
    0xff, 0xff, 0xff, 0xff, 0xff, 0xff, 0xff, 0xff,
    0xff, 0x63, 0xff, 0xff, 0xff, 0xff, 0xff, 0xff,
    0xff, 0xff, 0xff, 0xff, 0x53, 0xff, 0xff, 0xff,
    0xff, 0xff, 0xff, 0xff, 0x47, 0x88, 0x87, 0x0,
    0x68, 0x88, 0x88, 0x88, 0x88, 0x88, 0x74, 0x0,
    0x0, 0x0, 0x0, 0x0, 0x0, 0x0, 0x0, 0x0,
    0x0, 0x0, 0xcf, 0xff, 0xff, 0x31, 0xef, 0xff,
    0xff, 0xff, 0xff, 0xff, 0xfc, 0xff, 0xff, 0xff,
    0x63, 0xff, 0xff, 0xff, 0xff, 0xff, 0xff, 0xff,
    0xff, 0xff, 0xff, 0x63, 0xff, 0xff, 0xff, 0xff,
    0xff, 0xff, 0xff, 0xff, 0xff, 0xff, 0x63, 0xff,
    0xff, 0xff, 0xff, 0xff, 0xff, 0xff, 0xff, 0xff,
    0xff, 0x52, 0xff, 0xff, 0xff, 0xff, 0xff, 0xff,
    0xff, 0x37, 0x77, 0x76, 0x0, 0x57, 0x77, 0x77,
    0x77, 0x77, 0x77, 0x74,

    /* U+F00C "" */
    0x0, 0x0, 0x0, 0x0, 0x0, 0x0, 0x0, 0x0,
    0x0, 0x16, 0x0, 0x0, 0x0, 0x0, 0x0, 0x0,
    0x0, 0x0, 0x0, 0x2, 0xef, 0xb0, 0x0, 0x0,
    0x0, 0x0, 0x0, 0x0, 0x0, 0x0, 0x2e, 0xff,
    0xfb, 0x0, 0x0, 0x0, 0x0, 0x0, 0x0, 0x0,
    0x2, 0xef, 0xff, 0xfe, 0x0, 0x0, 0x0, 0x0,
    0x0, 0x0, 0x0, 0x2e, 0xff, 0xff, 0xf3, 0x0,
    0x0, 0x0, 0x0, 0x0, 0x0, 0x2, 0xef, 0xff,
    0xff, 0x30, 0x4, 0xe8, 0x0, 0x0, 0x0, 0x0,
    0x2e, 0xff, 0xff, 0xf3, 0x0, 0x4f, 0xff, 0x80,
    0x0, 0x0, 0x2, 0xef, 0xff, 0xff, 0x30, 0x0,
    0xef, 0xff, 0xf8, 0x0, 0x0, 0x2e, 0xff, 0xff,
    0xf3, 0x0, 0x0, 0xaf, 0xff, 0xff, 0x80, 0x2,
    0xef, 0xff, 0xff, 0x30, 0x0, 0x0, 0xa, 0xff,
    0xff, 0xf8, 0x2e, 0xff, 0xff, 0xf3, 0x0, 0x0,
    0x0, 0x0, 0xaf, 0xff, 0xff, 0xff, 0xff, 0xff,
    0x30, 0x0, 0x0, 0x0, 0x0, 0xa, 0xff, 0xff,
    0xff, 0xff, 0xf3, 0x0, 0x0, 0x0, 0x0, 0x0,
    0x0, 0xaf, 0xff, 0xff, 0xff, 0x30, 0x0, 0x0,
    0x0, 0x0, 0x0, 0x0, 0xa, 0xff, 0xff, 0xf3,
    0x0, 0x0, 0x0, 0x0, 0x0, 0x0, 0x0, 0x0,
    0xaf, 0xfe, 0x30, 0x0, 0x0, 0x0, 0x0, 0x0,
    0x0, 0x0, 0x0, 0x9, 0xd3, 0x0, 0x0, 0x0,
    0x0, 0x0, 0x0,

    /* U+F00D "" */
    0x8, 0xc4, 0x0, 0x0, 0x0, 0x2, 0xc9, 0x0,
    0x9f, 0xff, 0x40, 0x0, 0x0, 0x2e, 0xff, 0xb0,
    0xff, 0xff, 0xf4, 0x0, 0x2, 0xef, 0xff, 0xf1,
    0x7f, 0xff, 0xff, 0x40, 0x2e, 0xff, 0xff, 0x90,
    0x8, 0xff, 0xff, 0xf6, 0xef, 0xff, 0xfa, 0x0,
    0x0, 0x8f, 0xff, 0xff, 0xff, 0xff, 0xa0, 0x0,
    0x0, 0x8, 0xff, 0xff, 0xff, 0xfa, 0x0, 0x0,
    0x0, 0x0, 0x9f, 0xff, 0xff, 0xb0, 0x0, 0x0,
    0x0, 0x2, 0xef, 0xff, 0xff, 0xf4, 0x0, 0x0,
    0x0, 0x2e, 0xff, 0xff, 0xff, 0xff, 0x40, 0x0,
    0x2, 0xef, 0xff, 0xfd, 0xff, 0xff, 0xf4, 0x0,
    0x2e, 0xff, 0xff, 0xa0, 0x8f, 0xff, 0xff, 0x40,
    0xdf, 0xff, 0xfa, 0x0, 0x8, 0xff, 0xff, 0xf0,
    0xdf, 0xff, 0xa0, 0x0, 0x0, 0x8f, 0xff, 0xe0,
    0x2e, 0xfa, 0x0, 0x0, 0x0, 0x8, 0xff, 0x30,
    0x0, 0x30, 0x0, 0x0, 0x0, 0x0, 0x21, 0x0,

    /* U+F011 "" */
    0x0, 0x0, 0x0, 0x0, 0x1, 0x33, 0x0, 0x0,
    0x0, 0x0, 0x0, 0x0, 0x0, 0x0, 0x0, 0xd,
    0xff, 0x60, 0x0, 0x0, 0x0, 0x0, 0x0, 0x0,
    0x0, 0x0, 0xe, 0xff, 0x80, 0x0, 0x0, 0x0,
    0x0, 0x0, 0x0, 0xaf, 0x50, 0xe, 0xff, 0x80,
    0xb, 0xf4, 0x0, 0x0, 0x0, 0xb, 0xff, 0xe0,
    0xe, 0xff, 0x80, 0x4f, 0xff, 0x50, 0x0, 0x0,
    0x9f, 0xff, 0xe0, 0xe, 0xff, 0x80, 0x5f, 0xff,
    0xf2, 0x0, 0x3, 0xff, 0xfe, 0x30, 0xe, 0xff,
    0x80, 0x8, 0xff, 0xfc, 0x0, 0xb, 0xff, 0xf3,
    0x0, 0xe, 0xff, 0x80, 0x0, 0xaf, 0xff, 0x50,
    0x1f, 0xff, 0x90, 0x0, 0xe, 0xff, 0x80, 0x0,
    0x1f, 0xff, 0xb0, 0x6f, 0xff, 0x30, 0x0, 0xe,
    0xff, 0x80, 0x0, 0x9, 0xff, 0xf0, 0x8f, 0xff,
    0x0, 0x0, 0xe, 0xff, 0x80, 0x0, 0x5, 0xff,
    0xf2, 0xaf, 0xfd, 0x0, 0x0, 0xe, 0xff, 0x80,
    0x0, 0x3, 0xff, 0xf3, 0x9f, 0xfd, 0x0, 0x0,
    0xc, 0xff, 0x50, 0x0, 0x4, 0xff, 0xf2, 0x8f,
    0xff, 0x0, 0x0, 0x0, 0x11, 0x0, 0x0, 0x6,
    0xff, 0xf1, 0x4f, 0xff, 0x50, 0x0, 0x0, 0x0,
    0x0, 0x0, 0xb, 0xff, 0xe0, 0xf, 0xff, 0xc0,
    0x0, 0x0, 0x0, 0x0, 0x0, 0x3f, 0xff, 0x90,
    0x8, 0xff, 0xf8, 0x0, 0x0, 0x0, 0x0, 0x1,
    0xef, 0xff, 0x20, 0x1, 0xef, 0xff, 0x90, 0x0,
    0x0, 0x0, 0x2d, 0xff, 0xf9, 0x0, 0x0, 0x4f,
    0xff, 0xfd, 0x62, 0x1, 0x49, 0xff, 0xff, 0xc0,
    0x0, 0x0, 0x6, 0xff, 0xff, 0xff, 0xff, 0xff,
    0xff, 0xfd, 0x10, 0x0, 0x0, 0x0, 0x4e, 0xff,
    0xff, 0xff, 0xff, 0xff, 0xa0, 0x0, 0x0, 0x0,
    0x0, 0x0, 0x7d, 0xff, 0xff, 0xff, 0xb4, 0x0,
    0x0, 0x0, 0x0, 0x0, 0x0, 0x0, 0x25, 0x65,
    0x30, 0x0, 0x0, 0x0, 0x0,

    /* U+F013 "" */
    0x0, 0x0, 0x0, 0x0, 0x0, 0x0, 0x0, 0x0,
    0x0, 0x0, 0x0, 0x0, 0x0, 0x0, 0x0, 0x6c,
    0xee, 0xc7, 0x0, 0x0, 0x0, 0x0, 0x0, 0x0,
    0x0, 0x0, 0xbf, 0xff, 0xfc, 0x0, 0x0, 0x0,
    0x0, 0x0, 0x0, 0x0, 0x0, 0xbf, 0xff, 0xfc,
    0x0, 0x0, 0x0, 0x0, 0x0, 0x8, 0x30, 0x2a,
    0xff, 0xff, 0xff, 0xb2, 0x3, 0x80, 0x0, 0x0,
    0x8f, 0xfb, 0xff, 0xff, 0xff, 0xff, 0xff, 0xbf,
    0xf8, 0x0, 0x3, 0xff, 0xff, 0xff, 0xff, 0xff,
    0xff, 0xff, 0xff, 0xff, 0x40, 0xb, 0xff, 0xff,
    0xff, 0xff, 0xff, 0xff, 0xff, 0xff, 0xff, 0xb0,
    0x1f, 0xff, 0xff, 0xff, 0xfa, 0x55, 0xaf, 0xff,
    0xff, 0xff, 0xf2, 0x6, 0xef, 0xff, 0xff, 0x70,
    0x0, 0x7, 0xff, 0xff, 0xff, 0x60, 0x0, 0x2f,
    0xff, 0xfd, 0x0, 0x0, 0x0, 0xcf, 0xff, 0xf3,
    0x0, 0x0, 0x3f, 0xff, 0xfa, 0x0, 0x0, 0x0,
    0x9f, 0xff, 0xf3, 0x0, 0x0, 0x2f, 0xff, 0xfb,
    0x0, 0x0, 0x0, 0xaf, 0xff, 0xf3, 0x0, 0x0,
    0x8f, 0xff, 0xff, 0x20, 0x0, 0x1, 0xff, 0xff,
    0xf9, 0x0, 0x1e, 0xff, 0xff, 0xff, 0xd3, 0x0,
    0x3d, 0xff, 0xff, 0xff, 0xe1, 0xe, 0xff, 0xff,
    0xff, 0xff, 0xee, 0xff, 0xff, 0xff, 0xff, 0xe0,
    0x7, 0xff, 0xff, 0xff, 0xff, 0xff, 0xff, 0xff,
    0xff, 0xff, 0x80, 0x0, 0xdf, 0xff, 0xff, 0xff,
    0xff, 0xff, 0xff, 0xff, 0xfd, 0x0, 0x0, 0x2f,
    0xb2, 0x9f, 0xff, 0xff, 0xff, 0xfa, 0x2a, 0xf3,
    0x0, 0x0, 0x1, 0x0, 0x2, 0xdf, 0xff, 0xfe,
    0x30, 0x0, 0x10, 0x0, 0x0, 0x0, 0x0, 0x0,
    0xbf, 0xff, 0xfc, 0x0, 0x0, 0x0, 0x0, 0x0,
    0x0, 0x0, 0x0, 0xbf, 0xff, 0xfb, 0x0, 0x0,
    0x0, 0x0, 0x0, 0x0, 0x0, 0x0, 0x14, 0x66,
    0x41, 0x0, 0x0, 0x0, 0x0,

    /* U+F015 "" */
    0x0, 0x0, 0x0, 0x0, 0x0, 0x1b, 0xe9, 0x0,
    0x5, 0xff, 0xd0, 0x0, 0x0, 0x0, 0x0, 0x0,
    0x0, 0x3e, 0xff, 0xfc, 0x10, 0x7f, 0xff, 0x0,
    0x0, 0x0, 0x0, 0x0, 0x0, 0x6f, 0xff, 0xff,
    0xfe, 0x37, 0xff, 0xf0, 0x0, 0x0, 0x0, 0x0,
    0x0, 0x9f, 0xff, 0xb4, 0xdf, 0xff, 0xbf, 0xff,
    0x0, 0x0, 0x0, 0x0, 0x1, 0xbf, 0xff, 0x80,
    0x1, 0xbf, 0xff, 0xff, 0xf0, 0x0, 0x0, 0x0,
    0x2, 0xdf, 0xff, 0x50, 0x8f, 0x50, 0x9f, 0xff,
    0xff, 0x0, 0x0, 0x0, 0x4, 0xff, 0xfe, 0x30,
    0xbf, 0xff, 0x70, 0x6f, 0xff, 0xf1, 0x0, 0x0,
    0x7, 0xff, 0xfc, 0x12, 0xdf, 0xff, 0xff, 0xa0,
    0x3e, 0xff, 0xe3, 0x0, 0xa, 0xff, 0xfa, 0x3,
    0xef, 0xff, 0xff, 0xff, 0xc1, 0x2d, 0xff, 0xf6,
    0xc, 0xff, 0xf7, 0x6, 0xff, 0xff, 0xff, 0xff,
    0xff, 0xe3, 0xb, 0xff, 0xf8, 0x9f, 0xf5, 0x9,
    0xff, 0xff, 0xff, 0xff, 0xff, 0xff, 0xf5, 0x8,
    0xff, 0x50, 0x93, 0xa, 0xff, 0xff, 0xff, 0xff,
    0xff, 0xff, 0xff, 0xf6, 0x5, 0x70, 0x0, 0x0,
    0xef, 0xff, 0xff, 0xff, 0xff, 0xff, 0xff, 0xff,
    0xa0, 0x0, 0x0, 0x0, 0xe, 0xff, 0xff, 0xff,
    0xcc, 0xcf, 0xff, 0xff, 0xfa, 0x0, 0x0, 0x0,
    0x0, 0xef, 0xff, 0xff, 0x50, 0x0, 0x9f, 0xff,
    0xff, 0xa0, 0x0, 0x0, 0x0, 0xe, 0xff, 0xff,
    0xf5, 0x0, 0x9, 0xff, 0xff, 0xfa, 0x0, 0x0,
    0x0, 0x0, 0xef, 0xff, 0xff, 0x50, 0x0, 0x9f,
    0xff, 0xff, 0xa0, 0x0, 0x0, 0x0, 0xe, 0xff,
    0xff, 0xf5, 0x0, 0x9, 0xff, 0xff, 0xfa, 0x0,
    0x0, 0x0, 0x0, 0xdf, 0xff, 0xff, 0x40, 0x0,
    0x8f, 0xff, 0xff, 0x90, 0x0, 0x0, 0x0, 0x2,
    0x44, 0x44, 0x40, 0x0, 0x1, 0x44, 0x44, 0x41,
    0x0, 0x0,

    /* U+F019 "" */
    0x0, 0x0, 0x0, 0x0, 0x2, 0x22, 0x20, 0x0,
    0x0, 0x0, 0x0, 0x0, 0x0, 0x0, 0x0, 0x9f,
    0xff, 0xf9, 0x0, 0x0, 0x0, 0x0, 0x0, 0x0,
    0x0, 0x0, 0xcf, 0xff, 0xfc, 0x0, 0x0, 0x0,
    0x0, 0x0, 0x0, 0x0, 0x0, 0xcf, 0xff, 0xfc,
    0x0, 0x0, 0x0, 0x0, 0x0, 0x0, 0x0, 0x0,
    0xcf, 0xff, 0xfc, 0x0, 0x0, 0x0, 0x0, 0x0,
    0x0, 0x0, 0x0, 0xcf, 0xff, 0xfc, 0x0, 0x0,
    0x0, 0x0, 0x0, 0x0, 0x0, 0x0, 0xcf, 0xff,
    0xfc, 0x0, 0x0, 0x0, 0x0, 0x0, 0x0, 0x0,
    0x0, 0xcf, 0xff, 0xfc, 0x0, 0x0, 0x0, 0x0,
    0x0, 0x0, 0x0, 0x0, 0xcf, 0xff, 0xfc, 0x0,
    0x0, 0x0, 0x0, 0x0, 0x3, 0xee, 0xee, 0xff,
    0xff, 0xff, 0xee, 0xee, 0x20, 0x0, 0x0, 0x2,
    0xff, 0xff, 0xff, 0xff, 0xff, 0xff, 0xff, 0x20,
    0x0, 0x0, 0x0, 0x3f, 0xff, 0xff, 0xff, 0xff,
    0xff, 0xf3, 0x0, 0x0, 0x0, 0x0, 0x3, 0xff,
    0xff, 0xff, 0xff, 0xff, 0x30, 0x0, 0x0, 0x0,
    0x0, 0x0, 0x3f, 0xff, 0xff, 0xff, 0xf3, 0x0,
    0x0, 0x0, 0x0, 0x0, 0x0, 0x3, 0xff, 0xff,
    0xff, 0x40, 0x0, 0x0, 0x0, 0x0, 0x0, 0x0,
    0x0, 0x4f, 0xff, 0xf4, 0x0, 0x0, 0x0, 0x0,
    0xcf, 0xff, 0xff, 0xfc, 0x4, 0xff, 0x40, 0xcf,
    0xff, 0xff, 0xfc, 0xff, 0xff, 0xff, 0xff, 0xc0,
    0x23, 0xc, 0xff, 0xff, 0xff, 0xff, 0xff, 0xff,
    0xff, 0xff, 0xfc, 0x44, 0xcf, 0xff, 0xff, 0xff,
    0xff, 0xff, 0xff, 0xff, 0xff, 0xff, 0xff, 0xff,
    0xff, 0xff, 0xff, 0xff, 0xff, 0xff, 0xff, 0xff,
    0xff, 0xff, 0xff, 0xf1, 0x6e, 0xb, 0xff, 0xff,
    0xff, 0xff, 0xff, 0xff, 0xff, 0xff, 0xf6, 0xaf,
    0x5d, 0xff, 0xbf, 0xff, 0xff, 0xff, 0xff, 0xff,
    0xff, 0xff, 0xff, 0xff, 0xfb,

    /* U+F01C "" */
    0x0, 0x0, 0x4, 0xab, 0xbb, 0xbb, 0xbb, 0xbb,
    0xbb, 0xa2, 0x0, 0x0, 0x0, 0x0, 0x4, 0xff,
    0xff, 0xff, 0xff, 0xff, 0xff, 0xff, 0xe1, 0x0,
    0x0, 0x0, 0x0, 0xef, 0xff, 0xff, 0xff, 0xff,
    0xff, 0xff, 0xff, 0xb0, 0x0, 0x0, 0x0, 0x9f,
    0xfa, 0x0, 0x0, 0x0, 0x0, 0x0, 0x1d, 0xff,
    0x50, 0x0, 0x0, 0x4f, 0xfe, 0x10, 0x0, 0x0,
    0x0, 0x0, 0x0, 0x4f, 0xfe, 0x10, 0x0, 0xd,
    0xff, 0x60, 0x0, 0x0, 0x0, 0x0, 0x0, 0x0,
    0xaf, 0xfa, 0x0, 0x9, 0xff, 0xc0, 0x0, 0x0,
    0x0, 0x0, 0x0, 0x0, 0x1, 0xef, 0xf5, 0x3,
    0xff, 0xf2, 0x0, 0x0, 0x0, 0x0, 0x0, 0x0,
    0x0, 0x5, 0xff, 0xe1, 0xdf, 0xfa, 0x44, 0x44,
    0x20, 0x0, 0x0, 0x0, 0x34, 0x44, 0x4d, 0xff,
    0x8f, 0xff, 0xff, 0xff, 0xfe, 0x0, 0x0, 0x0,
    0x3f, 0xff, 0xff, 0xff, 0xfb, 0xff, 0xff, 0xff,
    0xff, 0xf7, 0x0, 0x0, 0xb, 0xff, 0xff, 0xff,
    0xff, 0xcf, 0xff, 0xff, 0xff, 0xff, 0xe8, 0x88,
    0x88, 0xff, 0xff, 0xff, 0xff, 0xfc, 0xff, 0xff,
    0xff, 0xff, 0xff, 0xff, 0xff, 0xff, 0xff, 0xff,
    0xff, 0xff, 0xcf, 0xff, 0xff, 0xff, 0xff, 0xff,
    0xff, 0xff, 0xff, 0xff, 0xff, 0xff, 0xfc, 0xff,
    0xff, 0xff, 0xff, 0xff, 0xff, 0xff, 0xff, 0xff,
    0xff, 0xff, 0xff, 0xbd, 0xff, 0xff, 0xff, 0xff,
    0xff, 0xff, 0xff, 0xff, 0xff, 0xff, 0xff, 0xf9,
    0x4e, 0xff, 0xff, 0xff, 0xff, 0xff, 0xff, 0xff,
    0xff, 0xff, 0xff, 0xfc, 0x10,

    /* U+F021 "" */
    0x0, 0x0, 0x0, 0x0, 0x0, 0x0, 0x0, 0x0,
    0x0, 0x6, 0x76, 0x0, 0x0, 0x0, 0x5, 0x9c,
    0xdd, 0xb8, 0x30, 0x0, 0xf, 0xff, 0x0, 0x0,
    0x6, 0xef, 0xff, 0xff, 0xff, 0xfc, 0x40, 0xf,
    0xff, 0x0, 0x0, 0xbf, 0xff, 0xff, 0xff, 0xff,
    0xff, 0xf9, 0xf, 0xff, 0x0, 0xc, 0xff, 0xff,
    0xa5, 0x34, 0x6b, 0xff, 0xff, 0xce, 0xff, 0x0,
    0xaf, 0xff, 0xb2, 0x0, 0x0, 0x0, 0x2b, 0xff,
    0xff, 0xff, 0x5, 0xff, 0xf9, 0x0, 0x0, 0x0,
    0x0, 0x0, 0x8f, 0xff, 0xff, 0xd, 0xff, 0xb0,
    0x0, 0x0, 0x0, 0x7d, 0xdc, 0xbf, 0xff, 0xff,
    0x2f, 0xff, 0x20, 0x0, 0x0, 0x0, 0xaf, 0xff,
    0xff, 0xff, 0xff, 0x6f, 0xfb, 0x0, 0x0, 0x0,
    0x0, 0x9f, 0xff, 0xff, 0xff, 0xff, 0x2, 0x20,
    0x0, 0x0, 0x0, 0x0, 0x2, 0x22, 0x22, 0x22,
    0x21, 0x0, 0x0, 0x0, 0x0, 0x0, 0x0, 0x0,
    0x0, 0x0, 0x0, 0x0, 0x0, 0x0, 0x0, 0x0,
    0x0, 0x0, 0x0, 0x0, 0x0, 0x0, 0x0, 0xde,
    0xee, 0xee, 0xee, 0xe7, 0x0, 0x0, 0x0, 0x0,
    0x9e, 0xe5, 0xff, 0xff, 0xff, 0xff, 0xfa, 0x0,
    0x0, 0x0, 0x1, 0xff, 0xf3, 0xff, 0xff, 0xff,
    0xff, 0xf9, 0x0, 0x0, 0x0, 0x9, 0xff, 0xe0,
    0xff, 0xff, 0xf4, 0x0, 0x10, 0x0, 0x0, 0x0,
    0x5f, 0xff, 0x70, 0xff, 0xff, 0xff, 0x70, 0x0,
    0x0, 0x0, 0x7, 0xff, 0xfd, 0x0, 0xff, 0xff,
    0xff, 0xfd, 0x61, 0x0, 0x5, 0xcf, 0xff, 0xf2,
    0x0, 0xff, 0xe3, 0xef, 0xff, 0xff, 0xee, 0xff,
    0xff, 0xfe, 0x30, 0x0, 0xff, 0xf0, 0x19, 0xff,
    0xff, 0xff, 0xff, 0xff, 0xb1, 0x0, 0x0, 0xff,
    0xf0, 0x0, 0x28, 0xdf, 0xff, 0xfe, 0xa3, 0x0,
    0x0, 0x0, 0xab, 0xa0, 0x0, 0x0, 0x1, 0x33,
    0x10, 0x0, 0x0, 0x0, 0x0,

    /* U+F026 "" */
    0x0, 0x0, 0x0, 0x0, 0x3, 0x30, 0x0, 0x0,
    0x0, 0x6, 0xff, 0x0, 0x0, 0x0, 0x6, 0xff,
    0xf0, 0x0, 0x0, 0x6, 0xff, 0xff, 0x24, 0x44,
    0x47, 0xff, 0xff, 0xfe, 0xff, 0xff, 0xff, 0xff,
    0xff, 0xff, 0xff, 0xff, 0xff, 0xff, 0xff, 0xff,
    0xff, 0xff, 0xff, 0xff, 0xff, 0xff, 0xff, 0xff,
    0xff, 0xff, 0xff, 0xff, 0xff, 0xff, 0xff, 0xff,
    0xff, 0xff, 0xff, 0xff, 0xff, 0xff, 0xff, 0xff,
    0xff, 0xff, 0xbf, 0xff, 0xff, 0xff, 0xff, 0xf0,
    0x0, 0x0, 0x2e, 0xff, 0xff, 0x0, 0x0, 0x0,
    0x2e, 0xff, 0xf0, 0x0, 0x0, 0x0, 0x2e, 0xff,
    0x0, 0x0, 0x0, 0x0, 0x2e, 0xc0, 0x0, 0x0,
    0x0, 0x0, 0x0,

    /* U+F027 "" */
    0x0, 0x0, 0x0, 0x0, 0x3, 0x30, 0x0, 0x0,
    0x0, 0x0, 0x0, 0x0, 0x6, 0xff, 0x0, 0x0,
    0x0, 0x0, 0x0, 0x0, 0x6, 0xff, 0xf0, 0x0,
    0x0, 0x0, 0x0, 0x0, 0x6, 0xff, 0xff, 0x0,
    0x0, 0x0, 0x24, 0x44, 0x47, 0xff, 0xff, 0xf0,
    0x0, 0x0, 0xe, 0xff, 0xff, 0xff, 0xff, 0xff,
    0x0, 0x75, 0x0, 0xff, 0xff, 0xff, 0xff, 0xff,
    0xf0, 0x2f, 0xf7, 0xf, 0xff, 0xff, 0xff, 0xff,
    0xff, 0x0, 0x7f, 0xf0, 0xff, 0xff, 0xff, 0xff,
    0xff, 0xf0, 0x0, 0xdf, 0x3f, 0xff, 0xff, 0xff,
    0xff, 0xff, 0x0, 0xf, 0xf3, 0xff, 0xff, 0xff,
    0xff, 0xff, 0xf0, 0xc, 0xfd, 0xf, 0xff, 0xff,
    0xff, 0xff, 0xff, 0x1, 0xfe, 0x20, 0xbf, 0xff,
    0xff, 0xff, 0xff, 0xf0, 0x1, 0x0, 0x0, 0x0,
    0x0, 0x2e, 0xff, 0xff, 0x0, 0x0, 0x0, 0x0,
    0x0, 0x0, 0x2e, 0xff, 0xf0, 0x0, 0x0, 0x0,
    0x0, 0x0, 0x0, 0x2e, 0xff, 0x0, 0x0, 0x0,
    0x0, 0x0, 0x0, 0x0, 0x2d, 0xc0, 0x0, 0x0,
    0x0, 0x0, 0x0, 0x0, 0x0, 0x0, 0x0, 0x0,
    0x0,

    /* U+F028 "" */
    0x0, 0x0, 0x0, 0x0, 0x0, 0x0, 0x0, 0x0,
    0x0, 0x73, 0x0, 0x0, 0x0, 0x0, 0x0, 0x0,
    0x0, 0x0, 0x0, 0x0, 0x0, 0x4f, 0xf7, 0x0,
    0x0, 0x0, 0x0, 0x0, 0x0, 0x3, 0x30, 0x0,
    0x0, 0x0, 0x9f, 0xf7, 0x0, 0x0, 0x0, 0x0,
    0x0, 0x6, 0xff, 0x0, 0x0, 0x1, 0x0, 0x7f,
    0xf5, 0x0, 0x0, 0x0, 0x0, 0x6, 0xff, 0xf0,
    0x0, 0x5, 0xf9, 0x0, 0x9f, 0xe1, 0x0, 0x0,
    0x0, 0x6, 0xff, 0xff, 0x0, 0x0, 0x4f, 0xfb,
    0x0, 0xdf, 0x80, 0x24, 0x44, 0x47, 0xff, 0xff,
    0xf0, 0x0, 0x0, 0x3f, 0xf7, 0x4, 0xff, 0xe,
    0xff, 0xff, 0xff, 0xff, 0xff, 0x0, 0x86, 0x0,
    0x4f, 0xf1, 0xd, 0xf4, 0xff, 0xff, 0xff, 0xff,
    0xff, 0xf0, 0x2f, 0xf7, 0x0, 0xcf, 0x60, 0x9f,
    0x8f, 0xff, 0xff, 0xff, 0xff, 0xff, 0x0, 0x6f,
    0xf1, 0x7, 0xf9, 0x6, 0xfa, 0xff, 0xff, 0xff,
    0xff, 0xff, 0xf0, 0x0, 0xdf, 0x40, 0x5f, 0xb0,
    0x5f, 0xbf, 0xff, 0xff, 0xff, 0xff, 0xff, 0x0,
    0x1f, 0xf2, 0x5, 0xfa, 0x5, 0xfb, 0xff, 0xff,
    0xff, 0xff, 0xff, 0xf0, 0xd, 0xfc, 0x0, 0x9f,
    0x80, 0x7f, 0x9f, 0xff, 0xff, 0xff, 0xff, 0xff,
    0x1, 0xfd, 0x20, 0x1e, 0xf3, 0xb, 0xf6, 0xbf,
    0xff, 0xff, 0xff, 0xff, 0xf0, 0x1, 0x0, 0xa,
    0xfc, 0x1, 0xff, 0x20, 0x0, 0x0, 0x2e, 0xff,
    0xff, 0x0, 0x0, 0xb, 0xff, 0x20, 0x8f, 0xc0,
    0x0, 0x0, 0x0, 0x2e, 0xff, 0xf0, 0x0, 0x7,
    0xff, 0x40, 0x2f, 0xf4, 0x0, 0x0, 0x0, 0x0,
    0x2e, 0xff, 0x0, 0x0, 0x19, 0x20, 0x1d, 0xfa,
    0x0, 0x0, 0x0, 0x0, 0x0, 0x2e, 0xc0, 0x0,
    0x0, 0x0, 0x2d, 0xfd, 0x10, 0x0, 0x0, 0x0,
    0x0, 0x0, 0x0, 0x0, 0x0, 0x0, 0x2f, 0xfd,
    0x20, 0x0, 0x0, 0x0, 0x0, 0x0, 0x0, 0x0,
    0x0, 0x0, 0x2, 0xfb, 0x10, 0x0, 0x0, 0x0,
    0x0, 0x0, 0x0, 0x0, 0x0, 0x0, 0x0, 0x0,
    0x0, 0x0, 0x0,

    /* U+F03E "" */
    0x5, 0x77, 0x77, 0x77, 0x77, 0x77, 0x77, 0x77,
    0x77, 0x77, 0x50, 0x9f, 0xff, 0xff, 0xff, 0xff,
    0xff, 0xff, 0xff, 0xff, 0xff, 0xf9, 0xff, 0xff,
    0xff, 0xff, 0xff, 0xff, 0xff, 0xff, 0xff, 0xff,
    0xff, 0xff, 0xf6, 0x1, 0xbf, 0xff, 0xff, 0xff,
    0xff, 0xff, 0xff, 0xff, 0xff, 0x90, 0x0, 0xf,
    0xff, 0xff, 0xff, 0xff, 0xff, 0xff, 0xff, 0xff,
    0x70, 0x0, 0xd, 0xff, 0xff, 0xff, 0xdb, 0xff,
    0xff, 0xff, 0xff, 0xc0, 0x0, 0x2f, 0xff, 0xff,
    0xfd, 0x10, 0xaf, 0xff, 0xff, 0xff, 0xfb, 0x56,
    0xef, 0xff, 0xff, 0xd1, 0x0, 0xa, 0xff, 0xff,
    0xff, 0xff, 0xff, 0xff, 0xff, 0xfd, 0x10, 0x0,
    0x0, 0xaf, 0xff, 0xff, 0xff, 0xf7, 0x2e, 0xff,
    0xd1, 0x0, 0x0, 0x0, 0xd, 0xff, 0xff, 0xff,
    0x70, 0x2, 0xed, 0x10, 0x0, 0x0, 0x0, 0xc,
    0xff, 0xff, 0xf7, 0x0, 0x0, 0x21, 0x0, 0x0,
    0x0, 0x0, 0xc, 0xff, 0xff, 0xc0, 0x0, 0x0,
    0x0, 0x0, 0x0, 0x0, 0x0, 0xc, 0xff, 0xff,
    0xc0, 0x0, 0x0, 0x0, 0x0, 0x0, 0x0, 0x0,
    0xc, 0xff, 0xff, 0xfc, 0xcc, 0xcc, 0xcc, 0xcc,
    0xcc, 0xcc, 0xcc, 0xcf, 0xff, 0xef, 0xff, 0xff,
    0xff, 0xff, 0xff, 0xff, 0xff, 0xff, 0xff, 0xfd,
    0x4e, 0xff, 0xff, 0xff, 0xff, 0xff, 0xff, 0xff,
    0xff, 0xff, 0xe4,

    /* U+F048 "" */
    0x0, 0x0, 0x0, 0x0, 0x0, 0x0, 0x0, 0x1,
    0xef, 0xc0, 0x0, 0x0, 0x0, 0xb, 0xd3, 0x2f,
    0xfe, 0x0, 0x0, 0x0, 0x1d, 0xff, 0x82, 0xff,
    0xe0, 0x0, 0x0, 0x2d, 0xff, 0xf9, 0x2f, 0xfe,
    0x0, 0x0, 0x2e, 0xff, 0xff, 0x92, 0xff, 0xe0,
    0x0, 0x3e, 0xff, 0xff, 0xf9, 0x2f, 0xfe, 0x0,
    0x4f, 0xff, 0xff, 0xff, 0x92, 0xff, 0xe0, 0x5f,
    0xff, 0xff, 0xff, 0xf9, 0x2f, 0xfe, 0x6f, 0xff,
    0xff, 0xff, 0xff, 0x92, 0xff, 0xff, 0xff, 0xff,
    0xff, 0xff, 0xf9, 0x2f, 0xff, 0xff, 0xff, 0xff,
    0xff, 0xff, 0x92, 0xff, 0xff, 0xff, 0xff, 0xff,
    0xff, 0xf9, 0x2f, 0xff, 0xcf, 0xff, 0xff, 0xff,
    0xff, 0x92, 0xff, 0xe0, 0xbf, 0xff, 0xff, 0xff,
    0xf9, 0x2f, 0xfe, 0x0, 0xaf, 0xff, 0xff, 0xff,
    0x92, 0xff, 0xe0, 0x0, 0x8f, 0xff, 0xff, 0xf9,
    0x2f, 0xfe, 0x0, 0x0, 0x7f, 0xff, 0xff, 0x92,
    0xff, 0xe0, 0x0, 0x0, 0x6f, 0xff, 0xf9, 0x2f,
    0xfe, 0x0, 0x0, 0x0, 0x5f, 0xff, 0x92, 0xff,
    0xe0, 0x0, 0x0, 0x0, 0x4f, 0xf5, 0x4, 0x43,
    0x0, 0x0, 0x0, 0x0, 0x13, 0x0,

    /* U+F04B "" */
    0x2, 0x20, 0x0, 0x0, 0x0, 0x0, 0x0, 0x0,
    0x0, 0x0, 0x8f, 0xfb, 0x20, 0x0, 0x0, 0x0,
    0x0, 0x0, 0x0, 0x0, 0xff, 0xff, 0xf8, 0x0,
    0x0, 0x0, 0x0, 0x0, 0x0, 0x0, 0xff, 0xff,
    0xff, 0xe5, 0x0, 0x0, 0x0, 0x0, 0x0, 0x0,
    0xff, 0xff, 0xff, 0xff, 0xc2, 0x0, 0x0, 0x0,
    0x0, 0x0, 0xff, 0xff, 0xff, 0xff, 0xff, 0x91,
    0x0, 0x0, 0x0, 0x0, 0xff, 0xff, 0xff, 0xff,
    0xff, 0xfe, 0x60, 0x0, 0x0, 0x0, 0xff, 0xff,
    0xff, 0xff, 0xff, 0xff, 0xfc, 0x30, 0x0, 0x0,
    0xff, 0xff, 0xff, 0xff, 0xff, 0xff, 0xff, 0xf9,
    0x10, 0x0, 0xff, 0xff, 0xff, 0xff, 0xff, 0xff,
    0xff, 0xff, 0xf7, 0x0, 0xff, 0xff, 0xff, 0xff,
    0xff, 0xff, 0xff, 0xff, 0xff, 0xc0, 0xff, 0xff,
    0xff, 0xff, 0xff, 0xff, 0xff, 0xff, 0xff, 0xf3,
    0xff, 0xff, 0xff, 0xff, 0xff, 0xff, 0xff, 0xff,
    0xff, 0xf1, 0xff, 0xff, 0xff, 0xff, 0xff, 0xff,
    0xff, 0xff, 0xfe, 0x40, 0xff, 0xff, 0xff, 0xff,
    0xff, 0xff, 0xff, 0xff, 0x80, 0x0, 0xff, 0xff,
    0xff, 0xff, 0xff, 0xff, 0xff, 0xb2, 0x0, 0x0,
    0xff, 0xff, 0xff, 0xff, 0xff, 0xff, 0xd4, 0x0,
    0x0, 0x0, 0xff, 0xff, 0xff, 0xff, 0xff, 0xf7,
    0x0, 0x0, 0x0, 0x0, 0xff, 0xff, 0xff, 0xff,
    0xfa, 0x10, 0x0, 0x0, 0x0, 0x0, 0xff, 0xff,
    0xff, 0xfd, 0x40, 0x0, 0x0, 0x0, 0x0, 0x0,
    0xff, 0xff, 0xff, 0x70, 0x0, 0x0, 0x0, 0x0,
    0x0, 0x0, 0xcf, 0xff, 0x91, 0x0, 0x0, 0x0,
    0x0, 0x0, 0x0, 0x0, 0x2a, 0xa3, 0x0, 0x0,
    0x0, 0x0, 0x0, 0x0, 0x0, 0x0, 0x0, 0x0,
    0x0, 0x0, 0x0, 0x0, 0x0, 0x0, 0x0, 0x0,

    /* U+F04C "" */
    0x3d, 0xff, 0xff, 0xe6, 0x0, 0x3, 0xdf, 0xff,
    0xfe, 0x60, 0xdf, 0xff, 0xff, 0xff, 0x10, 0xd,
    0xff, 0xff, 0xff, 0xf1, 0xff, 0xff, 0xff, 0xff,
    0x30, 0xf, 0xff, 0xff, 0xff, 0xf3, 0xff, 0xff,
    0xff, 0xff, 0x40, 0xf, 0xff, 0xff, 0xff, 0xf4,
    0xff, 0xff, 0xff, 0xff, 0x40, 0xf, 0xff, 0xff,
    0xff, 0xf4, 0xff, 0xff, 0xff, 0xff, 0x40, 0xf,
    0xff, 0xff, 0xff, 0xf4, 0xff, 0xff, 0xff, 0xff,
    0x40, 0xf, 0xff, 0xff, 0xff, 0xf4, 0xff, 0xff,
    0xff, 0xff, 0x40, 0xf, 0xff, 0xff, 0xff, 0xf4,
    0xff, 0xff, 0xff, 0xff, 0x40, 0xf, 0xff, 0xff,
    0xff, 0xf4, 0xff, 0xff, 0xff, 0xff, 0x40, 0xf,
    0xff, 0xff, 0xff, 0xf4, 0xff, 0xff, 0xff, 0xff,
    0x40, 0xf, 0xff, 0xff, 0xff, 0xf4, 0xff, 0xff,
    0xff, 0xff, 0x40, 0xf, 0xff, 0xff, 0xff, 0xf4,
    0xff, 0xff, 0xff, 0xff, 0x40, 0xf, 0xff, 0xff,
    0xff, 0xf4, 0xff, 0xff, 0xff, 0xff, 0x40, 0xf,
    0xff, 0xff, 0xff, 0xf4, 0xff, 0xff, 0xff, 0xff,
    0x40, 0xf, 0xff, 0xff, 0xff, 0xf4, 0xff, 0xff,
    0xff, 0xff, 0x40, 0xf, 0xff, 0xff, 0xff, 0xf4,
    0xff, 0xff, 0xff, 0xff, 0x40, 0xf, 0xff, 0xff,
    0xff, 0xf4, 0xff, 0xff, 0xff, 0xff, 0x30, 0xf,
    0xff, 0xff, 0xff, 0xf3, 0x8f, 0xff, 0xff, 0xfb,
    0x0, 0x8, 0xff, 0xff, 0xff, 0xb0, 0x2, 0x44,
    0x44, 0x30, 0x0, 0x0, 0x24, 0x44, 0x43, 0x0,

    /* U+F04D "" */
    0x3d, 0xff, 0xff, 0xff, 0xff, 0xff, 0xff, 0xff,
    0xfe, 0x60, 0xdf, 0xff, 0xff, 0xff, 0xff, 0xff,
    0xff, 0xff, 0xff, 0xf1, 0xff, 0xff, 0xff, 0xff,
    0xff, 0xff, 0xff, 0xff, 0xff, 0xf3, 0xff, 0xff,
    0xff, 0xff, 0xff, 0xff, 0xff, 0xff, 0xff, 0xf4,
    0xff, 0xff, 0xff, 0xff, 0xff, 0xff, 0xff, 0xff,
    0xff, 0xf4, 0xff, 0xff, 0xff, 0xff, 0xff, 0xff,
    0xff, 0xff, 0xff, 0xf4, 0xff, 0xff, 0xff, 0xff,
    0xff, 0xff, 0xff, 0xff, 0xff, 0xf4, 0xff, 0xff,
    0xff, 0xff, 0xff, 0xff, 0xff, 0xff, 0xff, 0xf4,
    0xff, 0xff, 0xff, 0xff, 0xff, 0xff, 0xff, 0xff,
    0xff, 0xf4, 0xff, 0xff, 0xff, 0xff, 0xff, 0xff,
    0xff, 0xff, 0xff, 0xf4, 0xff, 0xff, 0xff, 0xff,
    0xff, 0xff, 0xff, 0xff, 0xff, 0xf4, 0xff, 0xff,
    0xff, 0xff, 0xff, 0xff, 0xff, 0xff, 0xff, 0xf4,
    0xff, 0xff, 0xff, 0xff, 0xff, 0xff, 0xff, 0xff,
    0xff, 0xf4, 0xff, 0xff, 0xff, 0xff, 0xff, 0xff,
    0xff, 0xff, 0xff, 0xf4, 0xff, 0xff, 0xff, 0xff,
    0xff, 0xff, 0xff, 0xff, 0xff, 0xf4, 0xff, 0xff,
    0xff, 0xff, 0xff, 0xff, 0xff, 0xff, 0xff, 0xf4,
    0xff, 0xff, 0xff, 0xff, 0xff, 0xff, 0xff, 0xff,
    0xff, 0xf4, 0xff, 0xff, 0xff, 0xff, 0xff, 0xff,
    0xff, 0xff, 0xff, 0xf3, 0x8f, 0xff, 0xff, 0xff,
    0xff, 0xff, 0xff, 0xff, 0xff, 0xb0, 0x2, 0x44,
    0x44, 0x44, 0x44, 0x44, 0x44, 0x44, 0x43, 0x0,

    /* U+F051 "" */
    0x0, 0x0, 0x0, 0x0, 0x0, 0x0, 0x0, 0x2,
    0xdc, 0x10, 0x0, 0x0, 0x0, 0xbf, 0xf3, 0x7f,
    0xfd, 0x20, 0x0, 0x0, 0xd, 0xff, 0x47, 0xff,
    0xfe, 0x30, 0x0, 0x0, 0xdf, 0xf4, 0x7f, 0xff,
    0xff, 0x40, 0x0, 0xd, 0xff, 0x47, 0xff, 0xff,
    0xff, 0x50, 0x0, 0xdf, 0xf4, 0x7f, 0xff, 0xff,
    0xff, 0x60, 0xd, 0xff, 0x47, 0xff, 0xff, 0xff,
    0xff, 0x70, 0xdf, 0xf4, 0x7f, 0xff, 0xff, 0xff,
    0xff, 0x8d, 0xff, 0x47, 0xff, 0xff, 0xff, 0xff,
    0xff, 0xff, 0xf4, 0x7f, 0xff, 0xff, 0xff, 0xff,
    0xff, 0xff, 0x47, 0xff, 0xff, 0xff, 0xff, 0xff,
    0xff, 0xf4, 0x7f, 0xff, 0xff, 0xff, 0xff, 0xcd,
    0xff, 0x47, 0xff, 0xff, 0xff, 0xff, 0xb0, 0xdf,
    0xf4, 0x7f, 0xff, 0xff, 0xff, 0xb0, 0xd, 0xff,
    0x47, 0xff, 0xff, 0xff, 0x90, 0x0, 0xdf, 0xf4,
    0x7f, 0xff, 0xff, 0x80, 0x0, 0xd, 0xff, 0x47,
    0xff, 0xff, 0x70, 0x0, 0x0, 0xdf, 0xf4, 0x7f,
    0xff, 0x60, 0x0, 0x0, 0xd, 0xff, 0x44, 0xff,
    0x50, 0x0, 0x0, 0x0, 0xcf, 0xf4, 0x2, 0x20,
    0x0, 0x0, 0x0, 0x2, 0x44, 0x0,

    /* U+F052 "" */
    0x0, 0x0, 0x0, 0x0, 0x8, 0xea, 0x10, 0x0,
    0x0, 0x0, 0x0, 0x0, 0x0, 0x0, 0x9, 0xff,
    0xfc, 0x0, 0x0, 0x0, 0x0, 0x0, 0x0, 0x0,
    0x7, 0xff, 0xff, 0xfb, 0x0, 0x0, 0x0, 0x0,
    0x0, 0x0, 0x6, 0xff, 0xff, 0xff, 0xfa, 0x0,
    0x0, 0x0, 0x0, 0x0, 0x5, 0xff, 0xff, 0xff,
    0xff, 0xf9, 0x0, 0x0, 0x0, 0x0, 0x4, 0xff,
    0xff, 0xff, 0xff, 0xff, 0xf7, 0x0, 0x0, 0x0,
    0x3, 0xff, 0xff, 0xff, 0xff, 0xff, 0xff, 0xf6,
    0x0, 0x0, 0x2, 0xef, 0xff, 0xff, 0xff, 0xff,
    0xff, 0xff, 0xf5, 0x0, 0x1, 0xef, 0xff, 0xff,
    0xff, 0xff, 0xff, 0xff, 0xff, 0xf4, 0x0, 0xcf,
    0xff, 0xff, 0xff, 0xff, 0xff, 0xff, 0xff, 0xff,
    0xe1, 0xf, 0xff, 0xff, 0xff, 0xff, 0xff, 0xff,
    0xff, 0xff, 0xff, 0x30, 0x9f, 0xff, 0xff, 0xff,
    0xff, 0xff, 0xff, 0xff, 0xff, 0xd0, 0x0, 0x56,
    0x66, 0x66, 0x66, 0x66, 0x66, 0x66, 0x66, 0x61,
    0x0, 0x0, 0x0, 0x0, 0x0, 0x0, 0x0, 0x0,
    0x0, 0x0, 0x0, 0xa, 0xff, 0xff, 0xff, 0xff,
    0xff, 0xff, 0xff, 0xff, 0xfd, 0x0, 0xff, 0xff,
    0xff, 0xff, 0xff, 0xff, 0xff, 0xff, 0xff, 0xf3,
    0xf, 0xff, 0xff, 0xff, 0xff, 0xff, 0xff, 0xff,
    0xff, 0xff, 0x40, 0xff, 0xff, 0xff, 0xff, 0xff,
    0xff, 0xff, 0xff, 0xff, 0xf4, 0xe, 0xff, 0xff,
    0xff, 0xff, 0xff, 0xff, 0xff, 0xff, 0xff, 0x20,
    0x27, 0x77, 0x77, 0x77, 0x77, 0x77, 0x77, 0x77,
    0x77, 0x30,

    /* U+F053 "" */
    0x0, 0x0, 0x0, 0x0, 0x19, 0x20, 0x0, 0x0,
    0x0, 0x1, 0xdf, 0xe2, 0x0, 0x0, 0x0, 0x1d,
    0xff, 0xf8, 0x0, 0x0, 0x1, 0xdf, 0xff, 0xd1,
    0x0, 0x0, 0x1d, 0xff, 0xfc, 0x10, 0x0, 0x1,
    0xdf, 0xff, 0xc1, 0x0, 0x0, 0x1d, 0xff, 0xfc,
    0x10, 0x0, 0x1, 0xdf, 0xff, 0xc1, 0x0, 0x0,
    0x1d, 0xff, 0xfc, 0x10, 0x0, 0x0, 0xbf, 0xff,
    0xd1, 0x0, 0x0, 0x0, 0x7f, 0xff, 0xf6, 0x0,
    0x0, 0x0, 0x7, 0xff, 0xff, 0x60, 0x0, 0x0,
    0x0, 0x7f, 0xff, 0xf6, 0x0, 0x0, 0x0, 0x7,
    0xff, 0xff, 0x60, 0x0, 0x0, 0x0, 0x7f, 0xff,
    0xf6, 0x0, 0x0, 0x0, 0x7, 0xff, 0xff, 0x60,
    0x0, 0x0, 0x0, 0x7f, 0xff, 0xf5, 0x0, 0x0,
    0x0, 0x7, 0xff, 0xf6, 0x0, 0x0, 0x0, 0x0,
    0x7f, 0x90, 0x0, 0x0, 0x0, 0x0, 0x1, 0x0,

    /* U+F054 "" */
    0x5, 0x80, 0x0, 0x0, 0x0, 0x0, 0x5f, 0xfb,
    0x0, 0x0, 0x0, 0x0, 0xcf, 0xff, 0xb0, 0x0,
    0x0, 0x0, 0x3e, 0xff, 0xfb, 0x0, 0x0, 0x0,
    0x3, 0xef, 0xff, 0xb0, 0x0, 0x0, 0x0, 0x3e,
    0xff, 0xfb, 0x0, 0x0, 0x0, 0x3, 0xef, 0xff,
    0xb0, 0x0, 0x0, 0x0, 0x3e, 0xff, 0xfb, 0x0,
    0x0, 0x0, 0x3, 0xef, 0xff, 0xb0, 0x0, 0x0,
    0x0, 0x3f, 0xff, 0xf7, 0x0, 0x0, 0x0, 0x9f,
    0xff, 0xf3, 0x0, 0x0, 0x9, 0xff, 0xff, 0x40,
    0x0, 0x0, 0x9f, 0xff, 0xf4, 0x0, 0x0, 0x9,
    0xff, 0xff, 0x40, 0x0, 0x0, 0x9f, 0xff, 0xf4,
    0x0, 0x0, 0x9, 0xff, 0xff, 0x40, 0x0, 0x0,
    0x8f, 0xff, 0xf4, 0x0, 0x0, 0x0, 0xaf, 0xff,
    0x40, 0x0, 0x0, 0x0, 0x1c, 0xf4, 0x0, 0x0,
    0x0, 0x0, 0x0, 0x0, 0x0, 0x0, 0x0, 0x0,

    /* U+F067 "" */
    0x0, 0x0, 0x0, 0x1, 0xbe, 0xd3, 0x0, 0x0,
    0x0, 0x0, 0x0, 0x0, 0x0, 0x6, 0xff, 0xfa,
    0x0, 0x0, 0x0, 0x0, 0x0, 0x0, 0x0, 0x7,
    0xff, 0xfb, 0x0, 0x0, 0x0, 0x0, 0x0, 0x0,
    0x0, 0x7, 0xff, 0xfb, 0x0, 0x0, 0x0, 0x0,
    0x0, 0x0, 0x0, 0x7, 0xff, 0xfb, 0x0, 0x0,
    0x0, 0x0, 0x0, 0x0, 0x0, 0x7, 0xff, 0xfb,
    0x0, 0x0, 0x0, 0x0, 0x0, 0x0, 0x0, 0x7,
    0xff, 0xfb, 0x0, 0x0, 0x0, 0x0, 0x14, 0x55,
    0x55, 0x59, 0xff, 0xfc, 0x55, 0x55, 0x54, 0x20,
    0xdf, 0xff, 0xff, 0xff, 0xff, 0xff, 0xff, 0xff,
    0xff, 0xf1, 0xff, 0xff, 0xff, 0xff, 0xff, 0xff,
    0xff, 0xff, 0xff, 0xf3, 0xff, 0xff, 0xff, 0xff,
    0xff, 0xff, 0xff, 0xff, 0xff, 0xf3, 0x6c, 0xdd,
    0xdd, 0xde, 0xff, 0xff, 0xdd, 0xdd, 0xdc, 0x90,
    0x0, 0x0, 0x0, 0x7, 0xff, 0xfb, 0x0, 0x0,
    0x0, 0x0, 0x0, 0x0, 0x0, 0x7, 0xff, 0xfb,
    0x0, 0x0, 0x0, 0x0, 0x0, 0x0, 0x0, 0x7,
    0xff, 0xfb, 0x0, 0x0, 0x0, 0x0, 0x0, 0x0,
    0x0, 0x7, 0xff, 0xfb, 0x0, 0x0, 0x0, 0x0,
    0x0, 0x0, 0x0, 0x7, 0xff, 0xfb, 0x0, 0x0,
    0x0, 0x0, 0x0, 0x0, 0x0, 0x7, 0xff, 0xfb,
    0x0, 0x0, 0x0, 0x0, 0x0, 0x0, 0x0, 0x4,
    0xff, 0xf8, 0x0, 0x0, 0x0, 0x0, 0x0, 0x0,
    0x0, 0x0, 0x36, 0x50, 0x0, 0x0, 0x0, 0x0,

    /* U+F068 "" */
    0x2, 0x22, 0x22, 0x22, 0x22, 0x22, 0x22, 0x22,
    0x22, 0x0, 0xbf, 0xff, 0xff, 0xff, 0xff, 0xff,
    0xff, 0xff, 0xff, 0xe1, 0xff, 0xff, 0xff, 0xff,
    0xff, 0xff, 0xff, 0xff, 0xff, 0xf3, 0xff, 0xff,
    0xff, 0xff, 0xff, 0xff, 0xff, 0xff, 0xff, 0xf3,
    0x8f, 0xff, 0xff, 0xff, 0xff, 0xff, 0xff, 0xff,
    0xff, 0xb0,

    /* U+F06E "" */
    0x0, 0x0, 0x0, 0x0, 0x0, 0x23, 0x43, 0x10,
    0x0, 0x0, 0x0, 0x0, 0x0, 0x0, 0x0, 0x0,
    0x5b, 0xff, 0xff, 0xff, 0xea, 0x40, 0x0, 0x0,
    0x0, 0x0, 0x0, 0x5, 0xef, 0xff, 0xfd, 0xce,
    0xff, 0xff, 0xc3, 0x0, 0x0, 0x0, 0x0, 0x1b,
    0xff, 0xff, 0x71, 0x0, 0x2, 0x9f, 0xff, 0xf8,
    0x0, 0x0, 0x0, 0x2d, 0xff, 0xfe, 0x20, 0x2,
    0x53, 0x0, 0x5f, 0xff, 0xfb, 0x0, 0x0, 0x1e,
    0xff, 0xff, 0x30, 0x0, 0x6f, 0xfc, 0x10, 0x7f,
    0xff, 0xfb, 0x0, 0xc, 0xff, 0xff, 0xa0, 0x0,
    0x6, 0xff, 0xfc, 0x0, 0xef, 0xff, 0xf8, 0x6,
    0xff, 0xff, 0xf5, 0x1, 0x3, 0xef, 0xff, 0xf4,
    0x9, 0xff, 0xff, 0xf3, 0xef, 0xff, 0xff, 0x30,
    0xbf, 0xff, 0xff, 0xff, 0x70, 0x7f, 0xff, 0xff,
    0xad, 0xff, 0xff, 0xf3, 0xa, 0xff, 0xff, 0xff,
    0xf6, 0x7, 0xff, 0xff, 0xf9, 0x3f, 0xff, 0xff,
    0x60, 0x5f, 0xff, 0xff, 0xff, 0x10, 0xaf, 0xff,
    0xfe, 0x10, 0x8f, 0xff, 0xfc, 0x0, 0xaf, 0xff,
    0xff, 0x60, 0x1f, 0xff, 0xff, 0x50, 0x0, 0xaf,
    0xff, 0xf6, 0x0, 0x6c, 0xdb, 0x40, 0xa, 0xff,
    0xff, 0x70, 0x0, 0x0, 0xaf, 0xff, 0xf6, 0x0,
    0x0, 0x0, 0x9, 0xff, 0xff, 0x70, 0x0, 0x0,
    0x0, 0x6f, 0xff, 0xfc, 0x52, 0x12, 0x6d, 0xff,
    0xfe, 0x40, 0x0, 0x0, 0x0, 0x0, 0x19, 0xff,
    0xff, 0xff, 0xff, 0xff, 0xf8, 0x0, 0x0, 0x0,
    0x0, 0x0, 0x0, 0x1, 0x5a, 0xde, 0xfe, 0xd9,
    0x50, 0x0, 0x0, 0x0, 0x0,

    /* U+F070 "" */
    0x0, 0x0, 0x0, 0x0, 0x0, 0x0, 0x0, 0x0,
    0x0, 0x0, 0x0, 0x0, 0x0, 0x0, 0x4e, 0x70,
    0x0, 0x0, 0x0, 0x0, 0x0, 0x0, 0x0, 0x0,
    0x0, 0x0, 0x0, 0x0, 0xef, 0xfb, 0x0, 0x0,
    0x0, 0x0, 0x0, 0x0, 0x0, 0x0, 0x0, 0x0,
    0x0, 0x0, 0x6f, 0xff, 0xd2, 0x0, 0x0, 0x0,
    0x24, 0x32, 0x0, 0x0, 0x0, 0x0, 0x0, 0x0,
    0x3, 0xef, 0xff, 0x60, 0x28, 0xcf, 0xff, 0xff,
    0xfb, 0x60, 0x0, 0x0, 0x0, 0x0, 0x0, 0x1b,
    0xff, 0xfc, 0xff, 0xff, 0xec, 0xdf, 0xff, 0xfe,
    0x70, 0x0, 0x0, 0x0, 0x0, 0x0, 0x8f, 0xff,
    0xff, 0xa3, 0x0, 0x0, 0x6e, 0xff, 0xfc, 0x20,
    0x0, 0x0, 0x0, 0x0, 0x4, 0xef, 0xff, 0x70,
    0x15, 0x40, 0x1, 0xdf, 0xff, 0xe3, 0x0, 0x0,
    0x0, 0x1, 0x0, 0x1c, 0xff, 0xfb, 0x1f, 0xfe,
    0x50, 0x2f, 0xff, 0xff, 0x20, 0x0, 0x0, 0x7e,
    0x30, 0x0, 0x9f, 0xff, 0xef, 0xff, 0xf3, 0x8,
    0xff, 0xff, 0xd0, 0x0, 0x2, 0xff, 0xf6, 0x0,
    0x5, 0xff, 0xff, 0xff, 0xfa, 0x3, 0xff, 0xff,
    0xf8, 0x0, 0x8, 0xff, 0xff, 0xa0, 0x0, 0x2d,
    0xff, 0xff, 0xfd, 0x1, 0xff, 0xff, 0xff, 0x0,
    0x6, 0xff, 0xff, 0xfa, 0x0, 0x0, 0xaf, 0xff,
    0xfb, 0x2, 0xff, 0xff, 0xfe, 0x0, 0x0, 0xdf,
    0xff, 0xfd, 0x0, 0x0, 0x6, 0xff, 0xff, 0x55,
    0xff, 0xff, 0xf5, 0x0, 0x0, 0x2f, 0xff, 0xff,
    0x40, 0x0, 0x0, 0x3d, 0xff, 0xfe, 0xff, 0xff,
    0x90, 0x0, 0x0, 0x4, 0xff, 0xff, 0xd0, 0x0,
    0x0, 0x0, 0xbf, 0xff, 0xff, 0xfb, 0x0, 0x0,
    0x0, 0x0, 0x4f, 0xff, 0xfb, 0x10, 0x0, 0x0,
    0x7, 0xff, 0xff, 0xc0, 0x0, 0x0, 0x0, 0x0,
    0x2, 0xdf, 0xff, 0xe8, 0x31, 0x20, 0x0, 0x3e,
    0xff, 0xf6, 0x0, 0x0, 0x0, 0x0, 0x0, 0x6,
    0xef, 0xff, 0xff, 0xfb, 0x0, 0x1, 0xbf, 0xff,
    0xa0, 0x0, 0x0, 0x0, 0x0, 0x0, 0x4, 0x9c,
    0xef, 0xfd, 0x80, 0x0, 0x8, 0xff, 0xfd, 0x20,
    0x0, 0x0, 0x0, 0x0, 0x0, 0x0, 0x0, 0x0,
    0x0, 0x0, 0x0, 0x4e, 0xff, 0xf3, 0x0, 0x0,
    0x0, 0x0, 0x0, 0x0, 0x0, 0x0, 0x0, 0x0,
    0x0, 0x1, 0xcf, 0xf4, 0x0, 0x0, 0x0, 0x0,
    0x0, 0x0, 0x0, 0x0, 0x0, 0x0, 0x0, 0x0,
    0x8, 0x60,

    /* U+F071 "" */
    0x0, 0x0, 0x0, 0x0, 0x0, 0x0, 0x0, 0x0,
    0x0, 0x0, 0x0, 0x0, 0x0, 0x0, 0x0, 0x0,
    0x0, 0x0, 0x0, 0x1d, 0xfb, 0x0, 0x0, 0x0,
    0x0, 0x0, 0x0, 0x0, 0x0, 0x0, 0x0, 0x0,
    0xb, 0xff, 0xf7, 0x0, 0x0, 0x0, 0x0, 0x0,
    0x0, 0x0, 0x0, 0x0, 0x0, 0x4, 0xff, 0xff,
    0xf1, 0x0, 0x0, 0x0, 0x0, 0x0, 0x0, 0x0,
    0x0, 0x0, 0x0, 0xdf, 0xff, 0xff, 0xa0, 0x0,
    0x0, 0x0, 0x0, 0x0, 0x0, 0x0, 0x0, 0x0,
    0x7f, 0xff, 0xff, 0xff, 0x30, 0x0, 0x0, 0x0,
    0x0, 0x0, 0x0, 0x0, 0x0, 0x1f, 0xff, 0xff,
    0xff, 0xfc, 0x0, 0x0, 0x0, 0x0, 0x0, 0x0,
    0x0, 0x0, 0xa, 0xff, 0xff, 0xff, 0xff, 0xf6,
    0x0, 0x0, 0x0, 0x0, 0x0, 0x0, 0x0, 0x3,
    0xff, 0xfd, 0x88, 0x8f, 0xff, 0xe0, 0x0, 0x0,
    0x0, 0x0, 0x0, 0x0, 0x0, 0xcf, 0xff, 0x80,
    0x0, 0xcf, 0xff, 0x80, 0x0, 0x0, 0x0, 0x0,
    0x0, 0x0, 0x6f, 0xff, 0xf9, 0x0, 0xd, 0xff,
    0xff, 0x20, 0x0, 0x0, 0x0, 0x0, 0x0, 0xe,
    0xff, 0xff, 0xa0, 0x0, 0xef, 0xff, 0xfb, 0x0,
    0x0, 0x0, 0x0, 0x0, 0x8, 0xff, 0xff, 0xfb,
    0x0, 0xf, 0xff, 0xff, 0xf4, 0x0, 0x0, 0x0,
    0x0, 0x2, 0xff, 0xff, 0xff, 0xc0, 0x0, 0xff,
    0xff, 0xff, 0xd0, 0x0, 0x0, 0x0, 0x0, 0xbf,
    0xff, 0xff, 0xfd, 0x0, 0x1f, 0xff, 0xff, 0xff,
    0x70, 0x0, 0x0, 0x0, 0x4f, 0xff, 0xff, 0xff,
    0xfd, 0xcd, 0xff, 0xff, 0xff, 0xff, 0x10, 0x0,
    0x0, 0xd, 0xff, 0xff, 0xff, 0xfe, 0x30, 0x6f,
    0xff, 0xff, 0xff, 0xfa, 0x0, 0x0, 0x7, 0xff,
    0xff, 0xff, 0xff, 0x80, 0x0, 0xbf, 0xff, 0xff,
    0xff, 0xf3, 0x0, 0x1, 0xff, 0xff, 0xff, 0xff,
    0xf8, 0x0, 0xc, 0xff, 0xff, 0xff, 0xff, 0xc0,
    0x0, 0x9f, 0xff, 0xff, 0xff, 0xff, 0xf4, 0x17,
    0xff, 0xff, 0xff, 0xff, 0xff, 0x50, 0xf, 0xff,
    0xff, 0xff, 0xff, 0xff, 0xff, 0xff, 0xff, 0xff,
    0xff, 0xff, 0xfb, 0x0, 0xdf, 0xff, 0xff, 0xff,
    0xff, 0xff, 0xff, 0xff, 0xff, 0xff, 0xff, 0xff,
    0x90, 0x2, 0xbc, 0xcc, 0xcc, 0xcc, 0xcc, 0xcc,
    0xcc, 0xcc, 0xcc, 0xcc, 0xcc, 0x90, 0x0,

    /* U+F074 "" */
    0x0, 0x0, 0x0, 0x0, 0x0, 0x0, 0x0, 0x0,
    0x0, 0x0, 0x0, 0x0, 0x0, 0x0, 0x0, 0x0,
    0x0, 0x0, 0x0, 0x3c, 0x50, 0x0, 0x0, 0x0,
    0x0, 0x0, 0x0, 0x0, 0x0, 0x0, 0x7f, 0xf5,
    0x0, 0x12, 0x22, 0x20, 0x0, 0x0, 0x0, 0x0,
    0x22, 0x9f, 0xff, 0x50, 0xff, 0xff, 0xfe, 0x20,
    0x0, 0x0, 0xc, 0xff, 0xff, 0xff, 0xf5, 0xff,
    0xff, 0xff, 0xe2, 0x0, 0x0, 0xcf, 0xff, 0xff,
    0xff, 0xff, 0xff, 0xff, 0xff, 0xfd, 0x10, 0xb,
    0xff, 0xff, 0xff, 0xff, 0xf8, 0x45, 0x55, 0xbf,
    0xff, 0x60, 0xaf, 0xff, 0xd5, 0xaf, 0xff, 0x80,
    0x0, 0x0, 0xb, 0xf8, 0xa, 0xff, 0xfe, 0x10,
    0x8f, 0xf8, 0x0, 0x0, 0x0, 0x0, 0x70, 0x9f,
    0xff, 0xe2, 0x0, 0x4f, 0x80, 0x0, 0x0, 0x0,
    0x0, 0x8, 0xff, 0xfe, 0x20, 0x0, 0x0, 0x0,
    0x0, 0x0, 0x0, 0x0, 0x7f, 0xff, 0xf3, 0x10,
    0x0, 0x2a, 0x30, 0x0, 0x0, 0x0, 0x6, 0xff,
    0xff, 0x41, 0xda, 0x0, 0x7f, 0xf3, 0x0, 0x0,
    0x0, 0x5f, 0xff, 0xf4, 0xc, 0xff, 0x90, 0x8f,
    0xff, 0x30, 0xef, 0xff, 0xff, 0xff, 0x50, 0x2e,
    0xff, 0xff, 0xff, 0xff, 0xf3, 0xff, 0xff, 0xff,
    0xf6, 0x0, 0x2, 0xef, 0xff, 0xff, 0xff, 0xfe,
    0xff, 0xff, 0xff, 0x70, 0x0, 0x0, 0x3f, 0xff,
    0xff, 0xff, 0xfa, 0x67, 0x77, 0x75, 0x0, 0x0,
    0x0, 0x3, 0x77, 0xbf, 0xff, 0xa0, 0x0, 0x0,
    0x0, 0x0, 0x0, 0x0, 0x0, 0x0, 0x8f, 0xfa,
    0x0, 0x0, 0x0, 0x0, 0x0, 0x0, 0x0, 0x0,
    0x0, 0x6f, 0xa0, 0x0, 0x0, 0x0, 0x0, 0x0,
    0x0, 0x0, 0x0, 0x0, 0x2, 0x0, 0x0,

    /* U+F077 "" */
    0x0, 0x0, 0x0, 0x0, 0x4e, 0x70, 0x0, 0x0,
    0x0, 0x0, 0x0, 0x0, 0x0, 0x4f, 0xff, 0x70,
    0x0, 0x0, 0x0, 0x0, 0x0, 0x0, 0x4f, 0xff,
    0xff, 0x70, 0x0, 0x0, 0x0, 0x0, 0x0, 0x4f,
    0xff, 0xff, 0xff, 0x70, 0x0, 0x0, 0x0, 0x0,
    0x4f, 0xff, 0xfc, 0xff, 0xff, 0x70, 0x0, 0x0,
    0x0, 0x4f, 0xff, 0xfa, 0x5, 0xff, 0xff, 0x70,
    0x0, 0x0, 0x4f, 0xff, 0xfa, 0x0, 0x5, 0xff,
    0xff, 0x70, 0x0, 0x4f, 0xff, 0xf9, 0x0, 0x0,
    0x6, 0xff, 0xff, 0x70, 0x3f, 0xff, 0xf9, 0x0,
    0x0, 0x0, 0x6, 0xff, 0xff, 0x7a, 0xff, 0xf9,
    0x0, 0x0, 0x0, 0x0, 0x6, 0xff, 0xff, 0x2e,
    0xf9, 0x0, 0x0, 0x0, 0x0, 0x0, 0x6, 0xff,
    0x50, 0x25, 0x0, 0x0, 0x0, 0x0, 0x0, 0x0,
    0x4, 0x40,

    /* U+F078 "" */
    0x9, 0xd3, 0x0, 0x0, 0x0, 0x0, 0x0, 0x1,
    0xcb, 0x18, 0xff, 0xe3, 0x0, 0x0, 0x0, 0x0,
    0x1, 0xcf, 0xfc, 0x9f, 0xff, 0xe3, 0x0, 0x0,
    0x0, 0x1, 0xcf, 0xff, 0xd0, 0xbf, 0xff, 0xe3,
    0x0, 0x0, 0x1, 0xcf, 0xff, 0xd1, 0x0, 0xbf,
    0xff, 0xe3, 0x0, 0x1, 0xcf, 0xff, 0xd1, 0x0,
    0x0, 0xbf, 0xff, 0xe3, 0x1, 0xcf, 0xff, 0xd1,
    0x0, 0x0, 0x0, 0xbf, 0xff, 0xe4, 0xcf, 0xff,
    0xd1, 0x0, 0x0, 0x0, 0x0, 0xbf, 0xff, 0xff,
    0xff, 0xd1, 0x0, 0x0, 0x0, 0x0, 0x0, 0xbf,
    0xff, 0xff, 0xd1, 0x0, 0x0, 0x0, 0x0, 0x0,
    0x0, 0xbf, 0xff, 0xd1, 0x0, 0x0, 0x0, 0x0,
    0x0, 0x0, 0x0, 0xbf, 0xd1, 0x0, 0x0, 0x0,
    0x0, 0x0, 0x0, 0x0, 0x0, 0x61, 0x0, 0x0,
    0x0, 0x0,

    /* U+F079 "" */
    0x0, 0x0, 0x27, 0x10, 0x0, 0x0, 0x0, 0x0,
    0x0, 0x0, 0x0, 0x0, 0x0, 0x0, 0x0, 0x2,
    0xef, 0xd1, 0x0, 0x0, 0x0, 0x0, 0x0, 0x0,
    0x0, 0x0, 0x0, 0x0, 0x0, 0x2e, 0xff, 0xfd,
    0x10, 0x3f, 0xff, 0xff, 0xff, 0xff, 0xff, 0xe0,
    0x0, 0x0, 0x2, 0xef, 0xff, 0xff, 0xd1, 0x3f,
    0xff, 0xff, 0xff, 0xff, 0xff, 0xf1, 0x0, 0x0,
    0x2e, 0xff, 0xff, 0xff, 0xfd, 0x15, 0xbb, 0xbb,
    0xbb, 0xbb, 0xef, 0xf1, 0x0, 0x0, 0xdf, 0xfb,
    0xef, 0xdc, 0xff, 0xb0, 0x0, 0x0, 0x0, 0x0,
    0xaf, 0xf1, 0x0, 0x0, 0x9f, 0xc0, 0xef, 0xd1,
    0xdf, 0x70, 0x0, 0x0, 0x0, 0x0, 0xaf, 0xf1,
    0x0, 0x0, 0x3, 0x0, 0xef, 0xd0, 0x3, 0x0,
    0x0, 0x0, 0x0, 0x0, 0xaf, 0xf1, 0x0, 0x0,
    0x0, 0x0, 0xef, 0xd0, 0x0, 0x0, 0x0, 0x0,
    0x0, 0x0, 0xaf, 0xf1, 0x0, 0x0, 0x0, 0x0,
    0xef, 0xd0, 0x0, 0x0, 0x0, 0x0, 0x0, 0x0,
    0xaf, 0xf1, 0x0, 0x0, 0x0, 0x0, 0xef, 0xd0,
    0x0, 0x0, 0x0, 0x0, 0x7, 0x50, 0xaf, 0xf1,
    0x19, 0x30, 0x0, 0x0, 0xef, 0xd0, 0x0, 0x0,
    0x0, 0x0, 0x8f, 0xf6, 0xaf, 0xf3, 0xdf, 0xe0,
    0x0, 0x0, 0xef, 0xd0, 0x0, 0x0, 0x0, 0x0,
    0x5f, 0xff, 0xef, 0xfe, 0xff, 0xd0, 0x0, 0x0,
    0xef, 0xff, 0xff, 0xff, 0xff, 0xfc, 0x16, 0xff,
    0xff, 0xff, 0xfd, 0x10, 0x0, 0x0, 0xef, 0xff,
    0xff, 0xff, 0xff, 0xff, 0x80, 0x6f, 0xff, 0xff,
    0xd1, 0x0, 0x0, 0x0, 0x6b, 0xbb, 0xbb, 0xbb,
    0xbb, 0xba, 0x30, 0x6, 0xff, 0xfd, 0x10, 0x0,
    0x0, 0x0, 0x0, 0x0, 0x0, 0x0, 0x0, 0x0,
    0x0, 0x0, 0x6f, 0xc1, 0x0, 0x0, 0x0, 0x0,
    0x0, 0x0, 0x0, 0x0, 0x0, 0x0, 0x0, 0x0,
    0x2, 0x0, 0x0, 0x0,

    /* U+F07B "" */
    0x5, 0x78, 0x88, 0x88, 0x71, 0x0, 0x0, 0x0,
    0x0, 0x0, 0x0, 0xaf, 0xff, 0xff, 0xff, 0xfd,
    0x10, 0x0, 0x0, 0x0, 0x0, 0x0, 0xff, 0xff,
    0xff, 0xff, 0xff, 0xd1, 0x0, 0x0, 0x0, 0x0,
    0x0, 0xff, 0xff, 0xff, 0xff, 0xff, 0xfe, 0xcc,
    0xcc, 0xcc, 0xcb, 0x91, 0xff, 0xff, 0xff, 0xff,
    0xff, 0xff, 0xff, 0xff, 0xff, 0xff, 0xfc, 0xff,
    0xff, 0xff, 0xff, 0xff, 0xff, 0xff, 0xff, 0xff,
    0xff, 0xff, 0xff, 0xff, 0xff, 0xff, 0xff, 0xff,
    0xff, 0xff, 0xff, 0xff, 0xff, 0xff, 0xff, 0xff,
    0xff, 0xff, 0xff, 0xff, 0xff, 0xff, 0xff, 0xff,
    0xff, 0xff, 0xff, 0xff, 0xff, 0xff, 0xff, 0xff,
    0xff, 0xff, 0xff, 0xff, 0xff, 0xff, 0xff, 0xff,
    0xff, 0xff, 0xff, 0xff, 0xff, 0xff, 0xff, 0xff,
    0xff, 0xff, 0xff, 0xff, 0xff, 0xff, 0xff, 0xff,
    0xff, 0xff, 0xff, 0xff, 0xff, 0xff, 0xff, 0xff,
    0xff, 0xff, 0xff, 0xff, 0xff, 0xff, 0xff, 0xff,
    0xff, 0xff, 0xff, 0xff, 0xff, 0xff, 0xff, 0xff,
    0xff, 0xff, 0xff, 0xff, 0xff, 0xff, 0xff, 0xff,
    0xff, 0xff, 0xff, 0xff, 0xff, 0xff, 0xff, 0xff,
    0xff, 0xff, 0xff, 0xff, 0xff, 0xef, 0xff, 0xff,
    0xff, 0xff, 0xff, 0xff, 0xff, 0xff, 0xff, 0xfd,
    0x4e, 0xff, 0xff, 0xff, 0xff, 0xff, 0xff, 0xff,
    0xff, 0xff, 0xe4,

    /* U+F093 "" */
    0x0, 0x0, 0x0, 0x0, 0x0, 0x0, 0x0, 0x0,
    0x0, 0x0, 0x0, 0x0, 0x0, 0x0, 0x0, 0x3,
    0xfc, 0x10, 0x0, 0x0, 0x0, 0x0, 0x0, 0x0,
    0x0, 0x0, 0x3f, 0xff, 0xc1, 0x0, 0x0, 0x0,
    0x0, 0x0, 0x0, 0x0, 0x3, 0xff, 0xff, 0xfc,
    0x10, 0x0, 0x0, 0x0, 0x0, 0x0, 0x0, 0x3f,
    0xff, 0xff, 0xff, 0xc1, 0x0, 0x0, 0x0, 0x0,
    0x0, 0x3, 0xff, 0xff, 0xff, 0xff, 0xfc, 0x10,
    0x0, 0x0, 0x0, 0x0, 0x3f, 0xff, 0xff, 0xff,
    0xff, 0xff, 0xc1, 0x0, 0x0, 0x0, 0x3, 0xff,
    0xff, 0xff, 0xff, 0xff, 0xff, 0xfc, 0x0, 0x0,
    0x0, 0x6, 0xff, 0xff, 0xff, 0xff, 0xff, 0xff,
    0xff, 0x10, 0x0, 0x0, 0x0, 0x11, 0x11, 0xef,
    0xff, 0xf9, 0x11, 0x10, 0x0, 0x0, 0x0, 0x0,
    0x0, 0x0, 0xef, 0xff, 0xf9, 0x0, 0x0, 0x0,
    0x0, 0x0, 0x0, 0x0, 0x0, 0xef, 0xff, 0xf9,
    0x0, 0x0, 0x0, 0x0, 0x0, 0x0, 0x0, 0x0,
    0xef, 0xff, 0xf9, 0x0, 0x0, 0x0, 0x0, 0x0,
    0x0, 0x0, 0x0, 0xef, 0xff, 0xf9, 0x0, 0x0,
    0x0, 0x0, 0x0, 0x0, 0x0, 0x0, 0xef, 0xff,
    0xf9, 0x0, 0x0, 0x0, 0x0, 0x0, 0x0, 0x0,
    0x0, 0xef, 0xff, 0xf9, 0x0, 0x0, 0x0, 0x0,
    0xcf, 0xff, 0xff, 0xe0, 0xdf, 0xff, 0xf8, 0xe,
    0xff, 0xff, 0xfc, 0xff, 0xff, 0xff, 0xf3, 0x26,
    0x66, 0x50, 0x3f, 0xff, 0xff, 0xff, 0xff, 0xff,
    0xff, 0xfe, 0x52, 0x22, 0x25, 0xef, 0xff, 0xff,
    0xff, 0xff, 0xff, 0xff, 0xff, 0xff, 0xff, 0xff,
    0xff, 0xff, 0xff, 0xff, 0xff, 0xff, 0xff, 0xff,
    0xff, 0xff, 0xff, 0xf1, 0x6e, 0xb, 0xff, 0xff,
    0xff, 0xff, 0xff, 0xff, 0xff, 0xff, 0xf6, 0xaf,
    0x5d, 0xff, 0xbf, 0xff, 0xff, 0xff, 0xff, 0xff,
    0xff, 0xff, 0xff, 0xff, 0xfb,

    /* U+F095 "" */
    0x0, 0x0, 0x0, 0x0, 0x0, 0x0, 0x0, 0x0,
    0x2, 0x0, 0x0, 0x0, 0x0, 0x0, 0x0, 0x0,
    0x0, 0x0, 0x0, 0x7, 0xff, 0xc8, 0x51, 0x0,
    0x0, 0x0, 0x0, 0x0, 0x0, 0x0, 0x0, 0xef,
    0xff, 0xff, 0xe0, 0x0, 0x0, 0x0, 0x0, 0x0,
    0x0, 0x0, 0x5f, 0xff, 0xff, 0xff, 0x0, 0x0,
    0x0, 0x0, 0x0, 0x0, 0x0, 0xc, 0xff, 0xff,
    0xff, 0xe0, 0x0, 0x0, 0x0, 0x0, 0x0, 0x0,
    0x3, 0xff, 0xff, 0xff, 0xfd, 0x0, 0x0, 0x0,
    0x0, 0x0, 0x0, 0x0, 0x8f, 0xff, 0xff, 0xff,
    0xa0, 0x0, 0x0, 0x0, 0x0, 0x0, 0x0, 0x2,
    0xdf, 0xff, 0xff, 0xf7, 0x0, 0x0, 0x0, 0x0,
    0x0, 0x0, 0x0, 0x1, 0xcf, 0xff, 0xff, 0x30,
    0x0, 0x0, 0x0, 0x0, 0x0, 0x0, 0x0, 0x0,
    0xdf, 0xff, 0xd0, 0x0, 0x0, 0x0, 0x0, 0x0,
    0x0, 0x0, 0x0, 0x3f, 0xff, 0xf8, 0x0, 0x0,
    0x0, 0x0, 0x0, 0x0, 0x0, 0x0, 0xc, 0xff,
    0xff, 0x10, 0x0, 0x0, 0x0, 0x0, 0x0, 0x0,
    0x0, 0x8, 0xff, 0xff, 0x80, 0x0, 0x0, 0x0,
    0x0, 0x0, 0x0, 0x0, 0x5, 0xff, 0xff, 0xd0,
    0x0, 0x0, 0x0, 0x5, 0xb8, 0x0, 0x0, 0x6,
    0xff, 0xff, 0xf3, 0x0, 0x0, 0x1, 0x7e, 0xff,
    0xf6, 0x0, 0x8, 0xff, 0xff, 0xf6, 0x0, 0x0,
    0x9, 0xff, 0xff, 0xff, 0xf4, 0x4d, 0xff, 0xff,
    0xf8, 0x0, 0x0, 0x0, 0xef, 0xff, 0xff, 0xff,
    0xff, 0xff, 0xff, 0xf8, 0x0, 0x0, 0x0, 0xb,
    0xff, 0xff, 0xff, 0xff, 0xff, 0xff, 0xf6, 0x0,
    0x0, 0x0, 0x0, 0x7f, 0xff, 0xff, 0xff, 0xff,
    0xff, 0xc2, 0x0, 0x0, 0x0, 0x0, 0x4, 0xff,
    0xff, 0xff, 0xff, 0xfe, 0x60, 0x0, 0x0, 0x0,
    0x0, 0x0, 0xf, 0xff, 0xff, 0xff, 0xb5, 0x0,
    0x0, 0x0, 0x0, 0x0, 0x0, 0x0, 0x7b, 0xb9,
    0x74, 0x0, 0x0, 0x0, 0x0, 0x0, 0x0, 0x0,
    0x0,

    /* U+F0C4 "" */
    0x1, 0x8c, 0xda, 0x20, 0x0, 0x0, 0x0, 0x0,
    0x20, 0x0, 0x1d, 0xff, 0xff, 0xf3, 0x0, 0x0,
    0x0, 0x8f, 0xff, 0x80, 0xaf, 0xff, 0xff, 0xfd,
    0x0, 0x0, 0xa, 0xff, 0xff, 0xf1, 0xef, 0xe1,
    0xc, 0xff, 0x20, 0x0, 0xbf, 0xff, 0xfe, 0x30,
    0xff, 0xd0, 0xa, 0xff, 0x30, 0xb, 0xff, 0xff,
    0xe3, 0x0, 0xbf, 0xfc, 0xbf, 0xff, 0x10, 0xcf,
    0xff, 0xfe, 0x30, 0x0, 0x3f, 0xff, 0xff, 0xff,
    0xdc, 0xff, 0xff, 0xe3, 0x0, 0x0, 0x3, 0xdf,
    0xff, 0xff, 0xff, 0xff, 0xfe, 0x20, 0x0, 0x0,
    0x0, 0x1, 0x2d, 0xff, 0xff, 0xff, 0xe2, 0x0,
    0x0, 0x0, 0x0, 0x0, 0x2, 0xff, 0xff, 0xff,
    0x30, 0x0, 0x0, 0x0, 0x0, 0x0, 0xb, 0xff,
    0xff, 0xff, 0xc0, 0x0, 0x0, 0x0, 0x1, 0x8c,
    0xef, 0xff, 0xff, 0xff, 0xfc, 0x0, 0x0, 0x0,
    0x1d, 0xff, 0xff, 0xff, 0xff, 0xff, 0xff, 0xc0,
    0x0, 0x0, 0xaf, 0xff, 0xff, 0xff, 0x33, 0xef,
    0xff, 0xfc, 0x0, 0x0, 0xef, 0xe1, 0xc, 0xff,
    0x20, 0x2e, 0xff, 0xff, 0xc1, 0x0, 0xff, 0xd0,
    0xa, 0xff, 0x30, 0x2, 0xef, 0xff, 0xfc, 0x10,
    0xbf, 0xfc, 0xbf, 0xff, 0x0, 0x0, 0x1d, 0xff,
    0xff, 0xc0, 0x3f, 0xff, 0xff, 0xf7, 0x0, 0x0,
    0x1, 0xcf, 0xff, 0xd1, 0x3, 0xdf, 0xfe, 0x60,
    0x0, 0x0, 0x0, 0x4, 0x75, 0x0, 0x0, 0x1,
    0x10, 0x0, 0x0, 0x0, 0x0, 0x0, 0x0, 0x0,

    /* U+F0C5 "" */
    0x0, 0x0, 0x0, 0x12, 0x22, 0x22, 0x22, 0x1,
    0x0, 0x0, 0x0, 0x0, 0x3, 0xff, 0xff, 0xff,
    0xfe, 0xe, 0x60, 0x0, 0x0, 0x0, 0x5, 0xff,
    0xff, 0xff, 0xfe, 0xe, 0xf6, 0x0, 0x0, 0x0,
    0x5, 0xff, 0xff, 0xff, 0xfe, 0xe, 0xff, 0x70,
    0x1, 0x22, 0x5, 0xff, 0xff, 0xff, 0xfe, 0xe,
    0xff, 0xf2, 0xdf, 0xff, 0x25, 0xff, 0xff, 0xff,
    0xff, 0x10, 0x0, 0x0, 0xff, 0xff, 0x25, 0xff,
    0xff, 0xff, 0xff, 0xff, 0xff, 0xf3, 0xff, 0xff,
    0x25, 0xff, 0xff, 0xff, 0xff, 0xff, 0xff, 0xf3,
    0xff, 0xff, 0x25, 0xff, 0xff, 0xff, 0xff, 0xff,
    0xff, 0xf3, 0xff, 0xff, 0x25, 0xff, 0xff, 0xff,
    0xff, 0xff, 0xff, 0xf3, 0xff, 0xff, 0x25, 0xff,
    0xff, 0xff, 0xff, 0xff, 0xff, 0xf3, 0xff, 0xff,
    0x25, 0xff, 0xff, 0xff, 0xff, 0xff, 0xff, 0xf3,
    0xff, 0xff, 0x25, 0xff, 0xff, 0xff, 0xff, 0xff,
    0xff, 0xf3, 0xff, 0xff, 0x25, 0xff, 0xff, 0xff,
    0xff, 0xff, 0xff, 0xf3, 0xff, 0xff, 0x25, 0xff,
    0xff, 0xff, 0xff, 0xff, 0xff, 0xf3, 0xff, 0xff,
    0x25, 0xff, 0xff, 0xff, 0xff, 0xff, 0xff, 0xf3,
    0xff, 0xff, 0x25, 0xff, 0xff, 0xff, 0xff, 0xff,
    0xff, 0xf3, 0xff, 0xff, 0x24, 0xff, 0xff, 0xff,
    0xff, 0xff, 0xff, 0xf2, 0xff, 0xff, 0x50, 0x56,
    0x66, 0x66, 0x66, 0x66, 0x66, 0x50, 0xff, 0xff,
    0xe4, 0x0, 0x0, 0x0, 0x0, 0x0, 0x0, 0x0,
    0xff, 0xff, 0xff, 0xff, 0xff, 0xff, 0xfe, 0x0,
    0x0, 0x0, 0xff, 0xff, 0xff, 0xff, 0xff, 0xff,
    0xfe, 0x0, 0x0, 0x0, 0x8b, 0xcc, 0xcc, 0xcc,
    0xcc, 0xcc, 0xb7, 0x0, 0x0, 0x0,

    /* U+F0C7 "" */
    0x2a, 0xcc, 0xcc, 0xcc, 0xcc, 0xcc, 0xcc, 0x91,
    0x0, 0x0, 0xcf, 0xff, 0xff, 0xff, 0xff, 0xff,
    0xff, 0xfd, 0x10, 0x0, 0xff, 0xff, 0xff, 0xff,
    0xff, 0xff, 0xff, 0xff, 0xd1, 0x0, 0xff, 0xc0,
    0x0, 0x0, 0x0, 0x0, 0x3, 0xff, 0xfd, 0x10,
    0xff, 0xc0, 0x0, 0x0, 0x0, 0x0, 0x1, 0xff,
    0xff, 0xd0, 0xff, 0xc0, 0x0, 0x0, 0x0, 0x0,
    0x1, 0xff, 0xff, 0xf5, 0xff, 0xc0, 0x0, 0x0,
    0x0, 0x0, 0x1, 0xff, 0xff, 0xf6, 0xff, 0xc0,
    0x0, 0x0, 0x0, 0x0, 0x1, 0xff, 0xff, 0xf6,
    0xff, 0xfb, 0xbb, 0xbb, 0xbb, 0xbb, 0xbc, 0xff,
    0xff, 0xf6, 0xff, 0xff, 0xff, 0xff, 0xff, 0xff,
    0xff, 0xff, 0xff, 0xf6, 0xff, 0xff, 0xff, 0xff,
    0xff, 0xff, 0xff, 0xff, 0xff, 0xf6, 0xff, 0xff,
    0xff, 0xfe, 0x51, 0x3b, 0xff, 0xff, 0xff, 0xf6,
    0xff, 0xff, 0xff, 0xf3, 0x0, 0x0, 0xcf, 0xff,
    0xff, 0xf6, 0xff, 0xff, 0xff, 0xe0, 0x0, 0x0,
    0x8f, 0xff, 0xff, 0xf6, 0xff, 0xff, 0xff, 0xf0,
    0x0, 0x0, 0x9f, 0xff, 0xff, 0xf6, 0xff, 0xff,
    0xff, 0xf9, 0x0, 0x4, 0xff, 0xff, 0xff, 0xf6,
    0xff, 0xff, 0xff, 0xff, 0xda, 0xbf, 0xff, 0xff,
    0xff, 0xf6, 0xef, 0xff, 0xff, 0xff, 0xff, 0xff,
    0xff, 0xff, 0xff, 0xf5, 0x6f, 0xff, 0xff, 0xff,
    0xff, 0xff, 0xff, 0xff, 0xff, 0xb0, 0x0, 0x22,
    0x22, 0x22, 0x22, 0x22, 0x22, 0x22, 0x21, 0x0,

    /* U+F0E7 "" */
    0x0, 0x3, 0x44, 0x44, 0x43, 0x0, 0x0, 0x0,
    0x8, 0xff, 0xff, 0xff, 0xf8, 0x0, 0x0, 0x0,
    0xbf, 0xff, 0xff, 0xff, 0x60, 0x0, 0x0, 0xd,
    0xff, 0xff, 0xff, 0xf1, 0x0, 0x0, 0x0, 0xff,
    0xff, 0xff, 0xfc, 0x0, 0x0, 0x0, 0x2f, 0xff,
    0xff, 0xff, 0x70, 0x0, 0x0, 0x4, 0xff, 0xff,
    0xff, 0xf2, 0x0, 0x0, 0x0, 0x6f, 0xff, 0xff,
    0xfe, 0x66, 0x66, 0x51, 0x8, 0xff, 0xff, 0xff,
    0xff, 0xff, 0xff, 0xa0, 0xaf, 0xff, 0xff, 0xff,
    0xff, 0xff, 0xf6, 0xc, 0xff, 0xff, 0xff, 0xff,
    0xff, 0xfd, 0x0, 0xff, 0xff, 0xff, 0xff, 0xff,
    0xff, 0x40, 0xd, 0xff, 0xff, 0xff, 0xff, 0xff,
    0xb0, 0x0, 0x1, 0x22, 0x22, 0xff, 0xff, 0xf2,
    0x0, 0x0, 0x0, 0x0, 0x2f, 0xff, 0xf8, 0x0,
    0x0, 0x0, 0x0, 0x6, 0xff, 0xfe, 0x0, 0x0,
    0x0, 0x0, 0x0, 0xaf, 0xff, 0x60, 0x0, 0x0,
    0x0, 0x0, 0xe, 0xff, 0xc0, 0x0, 0x0, 0x0,
    0x0, 0x2, 0xff, 0xf3, 0x0, 0x0, 0x0, 0x0,
    0x0, 0x5f, 0xfa, 0x0, 0x0, 0x0, 0x0, 0x0,
    0x9, 0xff, 0x10, 0x0, 0x0, 0x0, 0x0, 0x0,
    0xcf, 0x70, 0x0, 0x0, 0x0, 0x0, 0x0, 0x6,
    0x90, 0x0, 0x0, 0x0, 0x0,

    /* U+F0EA "" */
    0x0, 0x0, 0x0, 0x10, 0x0, 0x0, 0x0, 0x0,
    0x0, 0x0, 0x0, 0x0, 0x1c, 0xff, 0x90, 0x0,
    0x0, 0x0, 0x0, 0x0, 0x8c, 0xcc, 0xdf, 0xbc,
    0xfc, 0xcc, 0xc6, 0x0, 0x0, 0x0, 0xff, 0xff,
    0xfe, 0x1, 0xff, 0xff, 0xfc, 0x0, 0x0, 0x0,
    0xff, 0xff, 0xff, 0xde, 0xff, 0xff, 0xfc, 0x0,
    0x0, 0x0, 0xff, 0xff, 0xff, 0xff, 0xff, 0xff,
    0xfc, 0x0, 0x0, 0x0, 0xff, 0xff, 0xff, 0x92,
    0x0, 0x0, 0x0, 0x0, 0x0, 0x0, 0xff, 0xff,
    0xfc, 0x1, 0x22, 0x22, 0x22, 0x1, 0x0, 0x0,
    0xff, 0xff, 0xf8, 0xe, 0xff, 0xff, 0xfc, 0xe,
    0x60, 0x0, 0xff, 0xff, 0xf8, 0x1f, 0xff, 0xff,
    0xfc, 0xe, 0xf6, 0x0, 0xff, 0xff, 0xf8, 0x1f,
    0xff, 0xff, 0xfc, 0xe, 0xff, 0x70, 0xff, 0xff,
    0xf8, 0x1f, 0xff, 0xff, 0xfc, 0xe, 0xff, 0xf2,
    0xff, 0xff, 0xf8, 0x1f, 0xff, 0xff, 0xfe, 0x10,
    0x0, 0x0, 0xff, 0xff, 0xf8, 0x1f, 0xff, 0xff,
    0xff, 0xff, 0xff, 0xf3, 0xff, 0xff, 0xf8, 0x1f,
    0xff, 0xff, 0xff, 0xff, 0xff, 0xf3, 0xff, 0xff,
    0xf8, 0x1f, 0xff, 0xff, 0xff, 0xff, 0xff, 0xf3,
    0xff, 0xff, 0xf8, 0x1f, 0xff, 0xff, 0xff, 0xff,
    0xff, 0xf3, 0xff, 0xff, 0xf8, 0x1f, 0xff, 0xff,
    0xff, 0xff, 0xff, 0xf3, 0x58, 0x88, 0x84, 0x1f,
    0xff, 0xff, 0xff, 0xff, 0xff, 0xf3, 0x0, 0x0,
    0x0, 0x1f, 0xff, 0xff, 0xff, 0xff, 0xff, 0xf3,
    0x0, 0x0, 0x0, 0x1f, 0xff, 0xff, 0xff, 0xff,
    0xff, 0xf3, 0x0, 0x0, 0x0, 0x1f, 0xff, 0xff,
    0xff, 0xff, 0xff, 0xf3, 0x0, 0x0, 0x0, 0x8,
    0xaa, 0xaa, 0xaa, 0xaa, 0xaa, 0x80,

    /* U+F0F3 "" */
    0x0, 0x0, 0x0, 0x0, 0x0, 0x0, 0x0, 0x0,
    0x0, 0x0, 0x0, 0x0, 0x0, 0x0, 0x6f, 0xa0,
    0x0, 0x0, 0x0, 0x0, 0x0, 0x0, 0x0, 0x0,
    0xbf, 0xf0, 0x0, 0x0, 0x0, 0x0, 0x0, 0x0,
    0x0, 0x28, 0xef, 0xf9, 0x40, 0x0, 0x0, 0x0,
    0x0, 0x0, 0x8, 0xff, 0xff, 0xff, 0xfb, 0x10,
    0x0, 0x0, 0x0, 0x0, 0xaf, 0xff, 0xff, 0xff,
    0xff, 0xc0, 0x0, 0x0, 0x0, 0x5, 0xff, 0xff,
    0xff, 0xff, 0xff, 0xf8, 0x0, 0x0, 0x0, 0xd,
    0xff, 0xff, 0xff, 0xff, 0xff, 0xff, 0x0, 0x0,
    0x0, 0x1f, 0xff, 0xff, 0xff, 0xff, 0xff, 0xff,
    0x50, 0x0, 0x0, 0x3f, 0xff, 0xff, 0xff, 0xff,
    0xff, 0xff, 0x70, 0x0, 0x0, 0x4f, 0xff, 0xff,
    0xff, 0xff, 0xff, 0xff, 0x80, 0x0, 0x0, 0x5f,
    0xff, 0xff, 0xff, 0xff, 0xff, 0xff, 0x90, 0x0,
    0x0, 0x8f, 0xff, 0xff, 0xff, 0xff, 0xff, 0xff,
    0xc0, 0x0, 0x0, 0xcf, 0xff, 0xff, 0xff, 0xff,
    0xff, 0xff, 0xf0, 0x0, 0x2, 0xff, 0xff, 0xff,
    0xff, 0xff, 0xff, 0xff, 0xf6, 0x0, 0xb, 0xff,
    0xff, 0xff, 0xff, 0xff, 0xff, 0xff, 0xfe, 0x10,
    0x9f, 0xff, 0xff, 0xff, 0xff, 0xff, 0xff, 0xff,
    0xff, 0xc0, 0xff, 0xff, 0xff, 0xff, 0xff, 0xff,
    0xff, 0xff, 0xff, 0xf3, 0x6c, 0xdd, 0xdd, 0xdd,
    0xdd, 0xdd, 0xdd, 0xdd, 0xdd, 0x90, 0x0, 0x0,
    0x0, 0x0, 0x0, 0x0, 0x0, 0x0, 0x0, 0x0,
    0x0, 0x0, 0x0, 0xf, 0xff, 0xff, 0x40, 0x0,
    0x0, 0x0, 0x0, 0x0, 0x0, 0x9, 0xff, 0xfd,
    0x0, 0x0, 0x0, 0x0, 0x0, 0x0, 0x0, 0x0,
    0x7b, 0x81, 0x0, 0x0, 0x0, 0x0,

    /* U+F11C "" */
    0x19, 0xbb, 0xbb, 0xbb, 0xbb, 0xbb, 0xbb, 0xbb,
    0xbb, 0xbb, 0xbb, 0xb7, 0xc, 0xff, 0xff, 0xff,
    0xff, 0xff, 0xff, 0xff, 0xff, 0xff, 0xff, 0xff,
    0xf7, 0xff, 0xff, 0xff, 0xff, 0xff, 0xff, 0xff,
    0xff, 0xff, 0xff, 0xff, 0xff, 0xbf, 0xfd, 0x0,
    0x8f, 0x10, 0x7f, 0x10, 0x5f, 0x30, 0x3f, 0x50,
    0x1f, 0xfc, 0xff, 0xc0, 0x7, 0xe0, 0x6, 0xf0,
    0x4, 0xf2, 0x2, 0xf4, 0x0, 0xff, 0xcf, 0xfc,
    0x0, 0x8f, 0x0, 0x7f, 0x10, 0x5f, 0x30, 0x3f,
    0x50, 0x1f, 0xfc, 0xff, 0xff, 0xff, 0xff, 0xff,
    0xff, 0xff, 0xff, 0xff, 0xff, 0xff, 0xff, 0xcf,
    0xff, 0xfe, 0x66, 0xbf, 0x66, 0xaf, 0x76, 0x8f,
    0x86, 0x7f, 0xff, 0xfc, 0xff, 0xff, 0xd0, 0x6,
    0xf0, 0x5, 0xf1, 0x3, 0xf3, 0x1, 0xff, 0xff,
    0xcf, 0xff, 0xfd, 0x0, 0x7f, 0x0, 0x5f, 0x10,
    0x3f, 0x30, 0x1f, 0xff, 0xfc, 0xff, 0xff, 0xff,
    0xff, 0xff, 0xff, 0xff, 0xff, 0xff, 0xff, 0xff,
    0xff, 0xcf, 0xfe, 0x66, 0xcf, 0x76, 0x66, 0x66,
    0x66, 0x66, 0x9f, 0xa6, 0x7f, 0xfc, 0xff, 0xc0,
    0x7, 0xe0, 0x0, 0x0, 0x0, 0x0, 0x2, 0xf4,
    0x0, 0xff, 0xcf, 0xfc, 0x0, 0x7e, 0x0, 0x0,
    0x0, 0x0, 0x0, 0x2f, 0x40, 0xf, 0xfc, 0xff,
    0xfc, 0xce, 0xfc, 0xcc, 0xcc, 0xcc, 0xcc, 0xcd,
    0xfd, 0xcc, 0xff, 0xbd, 0xff, 0xff, 0xff, 0xff,
    0xff, 0xff, 0xff, 0xff, 0xff, 0xff, 0xff, 0xf9,
    0x4e, 0xff, 0xff, 0xff, 0xff, 0xff, 0xff, 0xff,
    0xff, 0xff, 0xff, 0xfc, 0x10,

    /* U+F124 "" */
    0x0, 0x0, 0x0, 0x0, 0x0, 0x0, 0x0, 0x0,
    0x0, 0x0, 0x21, 0x0, 0x0, 0x0, 0x0, 0x0,
    0x0, 0x0, 0x0, 0x0, 0x0, 0x5c, 0xff, 0x50,
    0x0, 0x0, 0x0, 0x0, 0x0, 0x0, 0x0, 0x0,
    0x6d, 0xff, 0xff, 0xe0, 0x0, 0x0, 0x0, 0x0,
    0x0, 0x0, 0x1, 0x7e, 0xff, 0xff, 0xff, 0xd0,
    0x0, 0x0, 0x0, 0x0, 0x0, 0x2, 0x9f, 0xff,
    0xff, 0xff, 0xff, 0x60, 0x0, 0x0, 0x0, 0x0,
    0x3, 0xaf, 0xff, 0xff, 0xff, 0xff, 0xfe, 0x0,
    0x0, 0x0, 0x0, 0x4, 0xbf, 0xff, 0xff, 0xff,
    0xff, 0xff, 0xf8, 0x0, 0x0, 0x0, 0x5, 0xdf,
    0xff, 0xff, 0xff, 0xff, 0xff, 0xff, 0xf1, 0x0,
    0x0, 0x7, 0xef, 0xff, 0xff, 0xff, 0xff, 0xff,
    0xff, 0xff, 0x90, 0x0, 0x4, 0xef, 0xff, 0xff,
    0xff, 0xff, 0xff, 0xff, 0xff, 0xff, 0x20, 0x0,
    0xe, 0xff, 0xff, 0xff, 0xff, 0xff, 0xff, 0xff,
    0xff, 0xfa, 0x0, 0x0, 0xe, 0xff, 0xff, 0xff,
    0xff, 0xff, 0xff, 0xff, 0xff, 0xf3, 0x0, 0x0,
    0x5, 0xff, 0xff, 0xff, 0xff, 0xff, 0xff, 0xff,
    0xff, 0xc0, 0x0, 0x0, 0x0, 0x1, 0x22, 0x22,
    0x22, 0x7f, 0xff, 0xff, 0xff, 0x40, 0x0, 0x0,
    0x0, 0x0, 0x0, 0x0, 0x0, 0x6f, 0xff, 0xff,
    0xfd, 0x0, 0x0, 0x0, 0x0, 0x0, 0x0, 0x0,
    0x0, 0x6f, 0xff, 0xff, 0xf6, 0x0, 0x0, 0x0,
    0x0, 0x0, 0x0, 0x0, 0x0, 0x6f, 0xff, 0xff,
    0xe0, 0x0, 0x0, 0x0, 0x0, 0x0, 0x0, 0x0,
    0x0, 0x6f, 0xff, 0xff, 0x70, 0x0, 0x0, 0x0,
    0x0, 0x0, 0x0, 0x0, 0x0, 0x6f, 0xff, 0xff,
    0x0, 0x0, 0x0, 0x0, 0x0, 0x0, 0x0, 0x0,
    0x0, 0x6f, 0xff, 0xf8, 0x0, 0x0, 0x0, 0x0,
    0x0, 0x0, 0x0, 0x0, 0x0, 0x5f, 0xff, 0xf1,
    0x0, 0x0, 0x0, 0x0, 0x0, 0x0, 0x0, 0x0,
    0x0, 0x2f, 0xff, 0x90, 0x0, 0x0, 0x0, 0x0,
    0x0, 0x0, 0x0, 0x0, 0x0, 0x5, 0xb8, 0x0,
    0x0, 0x0, 0x0, 0x0,

    /* U+F158 "" */
    0x0, 0x2e, 0xee, 0xee, 0xee, 0xec, 0x82, 0x0,
    0x0, 0x4, 0xff, 0xff, 0xff, 0xff, 0xff, 0xf6,
    0x0, 0x0, 0x4f, 0xff, 0xff, 0xff, 0xff, 0xff,
    0xf4, 0x0, 0x4, 0xff, 0xf5, 0x0, 0x3, 0x9f,
    0xff, 0xe0, 0x0, 0x4f, 0xff, 0x50, 0x0, 0x0,
    0xaf, 0xff, 0x30, 0x4, 0xff, 0xf5, 0x0, 0x0,
    0x3, 0xff, 0xf6, 0x0, 0x4f, 0xff, 0x50, 0x0,
    0x0, 0x2f, 0xff, 0x70, 0x4, 0xff, 0xf5, 0x0,
    0x0, 0x4, 0xff, 0xf6, 0x0, 0x4f, 0xff, 0x50,
    0x0, 0x0, 0xcf, 0xff, 0x22, 0x47, 0xff, 0xf7,
    0x44, 0x46, 0xcf, 0xff, 0xc0, 0xff, 0xff, 0xff,
    0xff, 0xff, 0xff, 0xff, 0xf2, 0xf, 0xff, 0xff,
    0xff, 0xff, 0xff, 0xff, 0xd3, 0x0, 0xab, 0xcf,
    0xff, 0xcb, 0xbb, 0xb9, 0x50, 0x0, 0x0, 0x4,
    0xff, 0xf5, 0x0, 0x0, 0x0, 0x0, 0x0, 0xff,
    0xff, 0xff, 0xff, 0xff, 0xff, 0xfb, 0x0, 0xf,
    0xff, 0xff, 0xff, 0xff, 0xff, 0xff, 0xc0, 0x0,
    0xab, 0xcf, 0xff, 0xcb, 0xbb, 0xbb, 0xb7, 0x0,
    0x0, 0x4, 0xff, 0xf5, 0x0, 0x0, 0x0, 0x0,
    0x0, 0x0, 0x3f, 0xff, 0x40, 0x0, 0x0, 0x0,
    0x0, 0x0, 0x0, 0x55, 0x50, 0x0, 0x0, 0x0,
    0x0, 0x0,

    /* U+F1EB "" */
    0x0, 0x0, 0x0, 0x0, 0x0, 0x0, 0x0, 0x0,
    0x0, 0x0, 0x0, 0x0, 0x0, 0x0, 0x0, 0x0,
    0x0, 0x0, 0x26, 0x9c, 0xde, 0xdc, 0xb8, 0x50,
    0x0, 0x0, 0x0, 0x0, 0x0, 0x0, 0x1, 0x8d,
    0xff, 0xff, 0xff, 0xff, 0xff, 0xff, 0xb5, 0x0,
    0x0, 0x0, 0x0, 0x1, 0x9f, 0xff, 0xff, 0xff,
    0xff, 0xff, 0xff, 0xff, 0xff, 0xd5, 0x0, 0x0,
    0x0, 0x6f, 0xff, 0xff, 0xff, 0xdb, 0x99, 0x9a,
    0xcf, 0xff, 0xff, 0xff, 0xb1, 0x0, 0xa, 0xff,
    0xff, 0xfc, 0x61, 0x0, 0x0, 0x0, 0x0, 0x39,
    0xef, 0xff, 0xfe, 0x40, 0xcf, 0xff, 0xfb, 0x30,
    0x0, 0x0, 0x0, 0x0, 0x0, 0x0, 0x7, 0xff,
    0xff, 0xf4, 0xaf, 0xff, 0x60, 0x0, 0x0, 0x0,
    0x0, 0x0, 0x0, 0x0, 0x0, 0x1b, 0xff, 0xf2,
    0xa, 0xd2, 0x0, 0x0, 0x4, 0x9c, 0xef, 0xed,
    0xb6, 0x20, 0x0, 0x0, 0x8e, 0x30, 0x0, 0x0,
    0x0, 0x6, 0xef, 0xff, 0xff, 0xff, 0xff, 0xfa,
    0x20, 0x0, 0x0, 0x0, 0x0, 0x0, 0x2, 0xcf,
    0xff, 0xff, 0xff, 0xff, 0xff, 0xff, 0xf7, 0x0,
    0x0, 0x0, 0x0, 0x0, 0x1f, 0xff, 0xff, 0xfb,
    0x87, 0x89, 0xdf, 0xff, 0xff, 0x80, 0x0, 0x0,
    0x0, 0x0, 0xb, 0xff, 0xe6, 0x0, 0x0, 0x0,
    0x3, 0xaf, 0xff, 0x40, 0x0, 0x0, 0x0, 0x0,
    0x0, 0xba, 0x10, 0x0, 0x0, 0x0, 0x0, 0x5,
    0xd4, 0x0, 0x0, 0x0, 0x0, 0x0, 0x0, 0x0,
    0x0, 0x0, 0x1, 0x0, 0x0, 0x0, 0x0, 0x0,
    0x0, 0x0, 0x0, 0x0, 0x0, 0x0, 0x0, 0x1,
    0xcf, 0xf6, 0x0, 0x0, 0x0, 0x0, 0x0, 0x0,
    0x0, 0x0, 0x0, 0x0, 0x0, 0xb, 0xff, 0xff,
    0x30, 0x0, 0x0, 0x0, 0x0, 0x0, 0x0, 0x0,
    0x0, 0x0, 0x0, 0xf, 0xff, 0xff, 0x70, 0x0,
    0x0, 0x0, 0x0, 0x0, 0x0, 0x0, 0x0, 0x0,
    0x0, 0xd, 0xff, 0xff, 0x50, 0x0, 0x0, 0x0,
    0x0, 0x0, 0x0, 0x0, 0x0, 0x0, 0x0, 0x3,
    0xff, 0xfa, 0x0, 0x0, 0x0, 0x0, 0x0, 0x0,
    0x0, 0x0, 0x0, 0x0, 0x0, 0x0, 0x15, 0x30,
    0x0, 0x0, 0x0, 0x0, 0x0, 0x0,

    /* U+F240 "" */
    0x0, 0x0, 0x0, 0x0, 0x0, 0x0, 0x0, 0x0,
    0x0, 0x0, 0x0, 0x0, 0x0, 0x0, 0x4e, 0xff,
    0xff, 0xff, 0xff, 0xff, 0xff, 0xff, 0xff, 0xff,
    0xff, 0xff, 0xf6, 0x0, 0xef, 0xff, 0xff, 0xff,
    0xff, 0xff, 0xff, 0xff, 0xff, 0xff, 0xff, 0xff,
    0xff, 0x0, 0xff, 0xeb, 0xbb, 0xbb, 0xbb, 0xbb,
    0xbb, 0xbb, 0xbb, 0xbb, 0xbb, 0xbd, 0xff, 0x50,
    0xff, 0xc0, 0x0, 0x0, 0x0, 0x0, 0x0, 0x0,
    0x0, 0x0, 0x0, 0x7, 0xff, 0xf9, 0xff, 0xc0,
    0xef, 0xff, 0xff, 0xff, 0xff, 0xff, 0xff, 0xff,
    0xff, 0x7, 0xff, 0xfa, 0xff, 0xc0, 0xef, 0xff,
    0xff, 0xff, 0xff, 0xff, 0xff, 0xff, 0xff, 0x3,
    0x7f, 0xfa, 0xff, 0xc0, 0xef, 0xff, 0xff, 0xff,
    0xff, 0xff, 0xff, 0xff, 0xff, 0x0, 0x1f, 0xfa,
    0xff, 0xc0, 0xef, 0xff, 0xff, 0xff, 0xff, 0xff,
    0xff, 0xff, 0xff, 0x0, 0x1f, 0xfa, 0xff, 0xc0,
    0xef, 0xff, 0xff, 0xff, 0xff, 0xff, 0xff, 0xff,
    0xff, 0x5, 0xdf, 0xfa, 0xff, 0xc0, 0x78, 0x88,
    0x88, 0x88, 0x88, 0x88, 0x88, 0x88, 0x88, 0x7,
    0xff, 0xfa, 0xff, 0xc0, 0x0, 0x0, 0x0, 0x0,
    0x0, 0x0, 0x0, 0x0, 0x0, 0x7, 0xff, 0xf6,
    0xff, 0xff, 0xff, 0xff, 0xff, 0xff, 0xff, 0xff,
    0xff, 0xff, 0xff, 0xff, 0xff, 0x10, 0xcf, 0xff,
    0xff, 0xff, 0xff, 0xff, 0xff, 0xff, 0xff, 0xff,
    0xff, 0xff, 0xfe, 0x0, 0x19, 0xbb, 0xbb, 0xbb,
    0xbb, 0xbb, 0xbb, 0xbb, 0xbb, 0xbb, 0xbb, 0xbb,
    0x92, 0x0,

    /* U+F241 "" */
    0x0, 0x0, 0x0, 0x0, 0x0, 0x0, 0x0, 0x0,
    0x0, 0x0, 0x0, 0x0, 0x0, 0x0, 0x4e, 0xff,
    0xff, 0xff, 0xff, 0xff, 0xff, 0xff, 0xff, 0xff,
    0xff, 0xff, 0xf6, 0x0, 0xef, 0xff, 0xff, 0xff,
    0xff, 0xff, 0xff, 0xff, 0xff, 0xff, 0xff, 0xff,
    0xff, 0x0, 0xff, 0xeb, 0xbb, 0xbb, 0xbb, 0xbb,
    0xbb, 0xbb, 0xbb, 0xbb, 0xbb, 0xbd, 0xff, 0x50,
    0xff, 0xc0, 0x0, 0x0, 0x0, 0x0, 0x0, 0x0,
    0x0, 0x0, 0x0, 0x7, 0xff, 0xf9, 0xff, 0xc0,
    0xef, 0xff, 0xff, 0xff, 0xff, 0xff, 0xfd, 0x0,
    0x0, 0x7, 0xff, 0xfa, 0xff, 0xc0, 0xef, 0xff,
    0xff, 0xff, 0xff, 0xff, 0xfd, 0x0, 0x0, 0x3,
    0x7f, 0xfa, 0xff, 0xc0, 0xef, 0xff, 0xff, 0xff,
    0xff, 0xff, 0xfd, 0x0, 0x0, 0x0, 0x1f, 0xfa,
    0xff, 0xc0, 0xef, 0xff, 0xff, 0xff, 0xff, 0xff,
    0xfd, 0x0, 0x0, 0x0, 0x1f, 0xfa, 0xff, 0xc0,
    0xef, 0xff, 0xff, 0xff, 0xff, 0xff, 0xfd, 0x0,
    0x0, 0x5, 0xdf, 0xfa, 0xff, 0xc0, 0x78, 0x88,
    0x88, 0x88, 0x88, 0x88, 0x86, 0x0, 0x0, 0x7,
    0xff, 0xfa, 0xff, 0xc0, 0x0, 0x0, 0x0, 0x0,
    0x0, 0x0, 0x0, 0x0, 0x0, 0x7, 0xff, 0xf6,
    0xff, 0xff, 0xff, 0xff, 0xff, 0xff, 0xff, 0xff,
    0xff, 0xff, 0xff, 0xff, 0xff, 0x10, 0xcf, 0xff,
    0xff, 0xff, 0xff, 0xff, 0xff, 0xff, 0xff, 0xff,
    0xff, 0xff, 0xfe, 0x0, 0x19, 0xbb, 0xbb, 0xbb,
    0xbb, 0xbb, 0xbb, 0xbb, 0xbb, 0xbb, 0xbb, 0xbb,
    0x92, 0x0,

    /* U+F242 "" */
    0x0, 0x0, 0x0, 0x0, 0x0, 0x0, 0x0, 0x0,
    0x0, 0x0, 0x0, 0x0, 0x0, 0x0, 0x4e, 0xff,
    0xff, 0xff, 0xff, 0xff, 0xff, 0xff, 0xff, 0xff,
    0xff, 0xff, 0xf6, 0x0, 0xef, 0xff, 0xff, 0xff,
    0xff, 0xff, 0xff, 0xff, 0xff, 0xff, 0xff, 0xff,
    0xff, 0x0, 0xff, 0xeb, 0xbb, 0xbb, 0xbb, 0xbb,
    0xbb, 0xbb, 0xbb, 0xbb, 0xbb, 0xbd, 0xff, 0x50,
    0xff, 0xc0, 0x0, 0x0, 0x0, 0x0, 0x0, 0x0,
    0x0, 0x0, 0x0, 0x7, 0xff, 0xf9, 0xff, 0xc0,
    0xef, 0xff, 0xff, 0xff, 0xfb, 0x0, 0x0, 0x0,
    0x0, 0x7, 0xff, 0xfa, 0xff, 0xc0, 0xef, 0xff,
    0xff, 0xff, 0xfb, 0x0, 0x0, 0x0, 0x0, 0x3,
    0x7f, 0xfa, 0xff, 0xc0, 0xef, 0xff, 0xff, 0xff,
    0xfb, 0x0, 0x0, 0x0, 0x0, 0x0, 0x1f, 0xfa,
    0xff, 0xc0, 0xef, 0xff, 0xff, 0xff, 0xfb, 0x0,
    0x0, 0x0, 0x0, 0x0, 0x1f, 0xfa, 0xff, 0xc0,
    0xef, 0xff, 0xff, 0xff, 0xfb, 0x0, 0x0, 0x0,
    0x0, 0x5, 0xdf, 0xfa, 0xff, 0xc0, 0x78, 0x88,
    0x88, 0x88, 0x85, 0x0, 0x0, 0x0, 0x0, 0x7,
    0xff, 0xfa, 0xff, 0xc0, 0x0, 0x0, 0x0, 0x0,
    0x0, 0x0, 0x0, 0x0, 0x0, 0x7, 0xff, 0xf6,
    0xff, 0xff, 0xff, 0xff, 0xff, 0xff, 0xff, 0xff,
    0xff, 0xff, 0xff, 0xff, 0xff, 0x10, 0xcf, 0xff,
    0xff, 0xff, 0xff, 0xff, 0xff, 0xff, 0xff, 0xff,
    0xff, 0xff, 0xfe, 0x0, 0x19, 0xbb, 0xbb, 0xbb,
    0xbb, 0xbb, 0xbb, 0xbb, 0xbb, 0xbb, 0xbb, 0xbb,
    0x92, 0x0,

    /* U+F243 "" */
    0x0, 0x0, 0x0, 0x0, 0x0, 0x0, 0x0, 0x0,
    0x0, 0x0, 0x0, 0x0, 0x0, 0x0, 0x4e, 0xff,
    0xff, 0xff, 0xff, 0xff, 0xff, 0xff, 0xff, 0xff,
    0xff, 0xff, 0xf6, 0x0, 0xef, 0xff, 0xff, 0xff,
    0xff, 0xff, 0xff, 0xff, 0xff, 0xff, 0xff, 0xff,
    0xff, 0x0, 0xff, 0xeb, 0xbb, 0xbb, 0xbb, 0xbb,
    0xbb, 0xbb, 0xbb, 0xbb, 0xbb, 0xbd, 0xff, 0x50,
    0xff, 0xc0, 0x0, 0x0, 0x0, 0x0, 0x0, 0x0,
    0x0, 0x0, 0x0, 0x7, 0xff, 0xf9, 0xff, 0xc0,
    0xef, 0xff, 0xf9, 0x0, 0x0, 0x0, 0x0, 0x0,
    0x0, 0x7, 0xff, 0xfa, 0xff, 0xc0, 0xef, 0xff,
    0xf9, 0x0, 0x0, 0x0, 0x0, 0x0, 0x0, 0x3,
    0x7f, 0xfa, 0xff, 0xc0, 0xef, 0xff, 0xf9, 0x0,
    0x0, 0x0, 0x0, 0x0, 0x0, 0x0, 0x1f, 0xfa,
    0xff, 0xc0, 0xef, 0xff, 0xf9, 0x0, 0x0, 0x0,
    0x0, 0x0, 0x0, 0x0, 0x1f, 0xfa, 0xff, 0xc0,
    0xef, 0xff, 0xf9, 0x0, 0x0, 0x0, 0x0, 0x0,
    0x0, 0x5, 0xdf, 0xfa, 0xff, 0xc0, 0x78, 0x88,
    0x84, 0x0, 0x0, 0x0, 0x0, 0x0, 0x0, 0x7,
    0xff, 0xfa, 0xff, 0xc0, 0x0, 0x0, 0x0, 0x0,
    0x0, 0x0, 0x0, 0x0, 0x0, 0x7, 0xff, 0xf6,
    0xff, 0xff, 0xff, 0xff, 0xff, 0xff, 0xff, 0xff,
    0xff, 0xff, 0xff, 0xff, 0xff, 0x10, 0xcf, 0xff,
    0xff, 0xff, 0xff, 0xff, 0xff, 0xff, 0xff, 0xff,
    0xff, 0xff, 0xfe, 0x0, 0x19, 0xbb, 0xbb, 0xbb,
    0xbb, 0xbb, 0xbb, 0xbb, 0xbb, 0xbb, 0xbb, 0xbb,
    0x92, 0x0,

    /* U+F244 "" */
    0x0, 0x0, 0x0, 0x0, 0x0, 0x0, 0x0, 0x0,
    0x0, 0x0, 0x0, 0x0, 0x0, 0x0, 0x4e, 0xff,
    0xff, 0xff, 0xff, 0xff, 0xff, 0xff, 0xff, 0xff,
    0xff, 0xff, 0xf6, 0x0, 0xef, 0xff, 0xff, 0xff,
    0xff, 0xff, 0xff, 0xff, 0xff, 0xff, 0xff, 0xff,
    0xff, 0x0, 0xff, 0xeb, 0xbb, 0xbb, 0xbb, 0xbb,
    0xbb, 0xbb, 0xbb, 0xbb, 0xbb, 0xbd, 0xff, 0x50,
    0xff, 0xc0, 0x0, 0x0, 0x0, 0x0, 0x0, 0x0,
    0x0, 0x0, 0x0, 0x7, 0xff, 0xf9, 0xff, 0xc0,
    0x0, 0x0, 0x0, 0x0, 0x0, 0x0, 0x0, 0x0,
    0x0, 0x7, 0xff, 0xfa, 0xff, 0xc0, 0x0, 0x0,
    0x0, 0x0, 0x0, 0x0, 0x0, 0x0, 0x0, 0x3,
    0x7f, 0xfa, 0xff, 0xc0, 0x0, 0x0, 0x0, 0x0,
    0x0, 0x0, 0x0, 0x0, 0x0, 0x0, 0x1f, 0xfa,
    0xff, 0xc0, 0x0, 0x0, 0x0, 0x0, 0x0, 0x0,
    0x0, 0x0, 0x0, 0x0, 0x1f, 0xfa, 0xff, 0xc0,
    0x0, 0x0, 0x0, 0x0, 0x0, 0x0, 0x0, 0x0,
    0x0, 0x5, 0xdf, 0xfa, 0xff, 0xc0, 0x0, 0x0,
    0x0, 0x0, 0x0, 0x0, 0x0, 0x0, 0x0, 0x7,
    0xff, 0xfa, 0xff, 0xc0, 0x0, 0x0, 0x0, 0x0,
    0x0, 0x0, 0x0, 0x0, 0x0, 0x7, 0xff, 0xf6,
    0xff, 0xff, 0xff, 0xff, 0xff, 0xff, 0xff, 0xff,
    0xff, 0xff, 0xff, 0xff, 0xff, 0x10, 0xcf, 0xff,
    0xff, 0xff, 0xff, 0xff, 0xff, 0xff, 0xff, 0xff,
    0xff, 0xff, 0xfe, 0x0, 0x19, 0xbb, 0xbb, 0xbb,
    0xbb, 0xbb, 0xbb, 0xbb, 0xbb, 0xbb, 0xbb, 0xbb,
    0x92, 0x0,

    /* U+F287 "" */
    0x0, 0x0, 0x0, 0x0, 0x0, 0x0, 0x0, 0x18,
    0x92, 0x0, 0x0, 0x0, 0x0, 0x0, 0x0, 0x0,
    0x0, 0x0, 0x0, 0x0, 0x12, 0xdf, 0xfe, 0x10,
    0x0, 0x0, 0x0, 0x0, 0x0, 0x0, 0x0, 0x0,
    0x0, 0x1c, 0xff, 0xff, 0xff, 0x50, 0x0, 0x0,
    0x0, 0x0, 0x0, 0x0, 0x0, 0x0, 0x0, 0xcf,
    0x76, 0xff, 0xff, 0x20, 0x0, 0x0, 0x0, 0x0,
    0x0, 0x0, 0x0, 0x0, 0x5, 0xf6, 0x0, 0x4c,
    0xd5, 0x0, 0x0, 0x0, 0x0, 0x0, 0x0, 0x33,
    0x0, 0x0, 0xd, 0xd0, 0x0, 0x0, 0x0, 0x0,
    0x0, 0x0, 0x0, 0x0, 0x1c, 0xff, 0xd2, 0x0,
    0x4f, 0x60, 0x0, 0x0, 0x0, 0x0, 0x0, 0xc,
    0x40, 0x0, 0xaf, 0xff, 0xfc, 0x1, 0xde, 0x0,
    0x0, 0x0, 0x0, 0x0, 0x0, 0x1f, 0xfa, 0x10,
    0xff, 0xff, 0xff, 0xff, 0xff, 0xff, 0xff, 0xff,
    0xff, 0xff, 0xff, 0xff, 0xff, 0xf5, 0xdf, 0xff,
    0xff, 0x88, 0x88, 0x9f, 0xe8, 0x88, 0x88, 0x88,
    0x88, 0x8f, 0xff, 0x91, 0x5f, 0xff, 0xf8, 0x0,
    0x0, 0x7, 0xf3, 0x0, 0x0, 0x0, 0x0, 0xf,
    0xc3, 0x0, 0x4, 0xbb, 0x60, 0x0, 0x0, 0x0,
    0xeb, 0x0, 0x0, 0x0, 0x0, 0x4, 0x0, 0x0,
    0x0, 0x0, 0x0, 0x0, 0x0, 0x0, 0x8f, 0x30,
    0x8, 0x88, 0x83, 0x0, 0x0, 0x0, 0x0, 0x0,
    0x0, 0x0, 0x0, 0x0, 0x1e, 0xc1, 0x2f, 0xff,
    0xf7, 0x0, 0x0, 0x0, 0x0, 0x0, 0x0, 0x0,
    0x0, 0x0, 0x4, 0xff, 0xff, 0xff, 0xf7, 0x0,
    0x0, 0x0, 0x0, 0x0, 0x0, 0x0, 0x0, 0x0,
    0x0, 0x27, 0x9f, 0xff, 0xf7, 0x0, 0x0, 0x0,
    0x0, 0x0, 0x0, 0x0, 0x0, 0x0, 0x0, 0x0,
    0x2f, 0xff, 0xf6, 0x0, 0x0, 0x0, 0x0, 0x0,
    0x0, 0x0, 0x0, 0x0, 0x0, 0x0, 0x0, 0x0,
    0x0, 0x0, 0x0, 0x0,

    /* U+F293 "" */
    0x0, 0x0, 0x0, 0x0, 0x11, 0x0, 0x0, 0x0,
    0x0, 0x0, 0x2, 0x9e, 0xff, 0xff, 0xc7, 0x0,
    0x0, 0x0, 0x7, 0xff, 0xff, 0xdf, 0xff, 0xfd,
    0x20, 0x0, 0x8, 0xff, 0xff, 0xf2, 0xdf, 0xff,
    0xfe, 0x0, 0x3, 0xff, 0xff, 0xff, 0x11, 0xdf,
    0xff, 0xf9, 0x0, 0xaf, 0xff, 0xff, 0xf1, 0x1,
    0xef, 0xff, 0xf0, 0xf, 0xff, 0xff, 0xff, 0x12,
    0x12, 0xef, 0xff, 0x53, 0xff, 0xf4, 0x7f, 0xf1,
    0x3d, 0x13, 0xff, 0xf8, 0x6f, 0xff, 0x40, 0x7f,
    0x13, 0xf5, 0xc, 0xff, 0xb8, 0xff, 0xff, 0x40,
    0x71, 0x35, 0xa, 0xff, 0xfd, 0x9f, 0xff, 0xff,
    0x40, 0x0, 0x8, 0xff, 0xff, 0xea, 0xff, 0xff,
    0xff, 0x30, 0x6, 0xff, 0xff, 0xfe, 0xaf, 0xff,
    0xff, 0xf4, 0x0, 0x6f, 0xff, 0xff, 0xe9, 0xff,
    0xff, 0xf4, 0x0, 0x0, 0x7f, 0xff, 0xfe, 0x8f,
    0xff, 0xf4, 0x6, 0x13, 0x50, 0x8f, 0xff, 0xd6,
    0xff, 0xf4, 0x7, 0xf1, 0x3f, 0x40, 0x9f, 0xfb,
    0x3f, 0xff, 0x47, 0xff, 0x13, 0xd1, 0x1d, 0xff,
    0x90, 0xff, 0xff, 0xff, 0xf1, 0x21, 0x1d, 0xff,
    0xf5, 0xa, 0xff, 0xff, 0xff, 0x20, 0x1d, 0xff,
    0xff, 0x0, 0x2f, 0xff, 0xff, 0xf2, 0x2e, 0xff,
    0xff, 0x80, 0x0, 0x6f, 0xff, 0xff, 0x4e, 0xff,
    0xff, 0xe0, 0x0, 0x0, 0x4e, 0xff, 0xff, 0xff,
    0xff, 0xc2, 0x0, 0x0, 0x0, 0x5, 0x9c, 0xdd,
    0xc9, 0x40, 0x0, 0x0,

    /* U+F2ED "" */
    0x0, 0x0, 0x0, 0x2, 0x22, 0x22, 0x10, 0x0,
    0x0, 0x0, 0x0, 0x0, 0x0, 0xcf, 0xff, 0xff,
    0xe1, 0x0, 0x0, 0x0, 0xac, 0xcc, 0xcd, 0xff,
    0xff, 0xff, 0xfd, 0xcc, 0xcc, 0xc1, 0xff, 0xff,
    0xff, 0xff, 0xff, 0xff, 0xff, 0xff, 0xff, 0xf4,
    0xdf, 0xff, 0xff, 0xff, 0xff, 0xff, 0xff, 0xff,
    0xff, 0xe2, 0x0, 0x0, 0x0, 0x0, 0x0, 0x0,
    0x0, 0x0, 0x0, 0x0, 0x7, 0xcc, 0xcc, 0xcc,
    0xcc, 0xcc, 0xcc, 0xcc, 0xca, 0x0, 0xa, 0xff,
    0xff, 0xff, 0xff, 0xff, 0xff, 0xff, 0xfe, 0x0,
    0xa, 0xff, 0xff, 0xff, 0xff, 0xff, 0xff, 0xff,
    0xfe, 0x0, 0xa, 0xff, 0xe1, 0xef, 0xf2, 0xcf,
    0xf3, 0xbf, 0xfe, 0x0, 0xa, 0xff, 0xd0, 0xdf,
    0xf0, 0xbf, 0xf1, 0x9f, 0xfe, 0x0, 0xa, 0xff,
    0xd0, 0xdf, 0xf0, 0xbf, 0xf1, 0x9f, 0xfe, 0x0,
    0xa, 0xff, 0xd0, 0xdf, 0xf0, 0xbf, 0xf1, 0x9f,
    0xfe, 0x0, 0xa, 0xff, 0xd0, 0xdf, 0xf0, 0xbf,
    0xf1, 0x9f, 0xfe, 0x0, 0xa, 0xff, 0xd0, 0xdf,
    0xf0, 0xbf, 0xf1, 0x9f, 0xfe, 0x0, 0xa, 0xff,
    0xd0, 0xdf, 0xf0, 0xbf, 0xf1, 0x9f, 0xfe, 0x0,
    0xa, 0xff, 0xd0, 0xdf, 0xf0, 0xbf, 0xf1, 0x9f,
    0xfe, 0x0, 0xa, 0xff, 0xd0, 0xdf, 0xf0, 0xbf,
    0xf1, 0x9f, 0xfe, 0x0, 0xa, 0xff, 0xd0, 0xdf,
    0xf0, 0xbf, 0xf1, 0x9f, 0xfe, 0x0, 0xa, 0xff,
    0xe1, 0xef, 0xf1, 0xcf, 0xf3, 0xaf, 0xfe, 0x0,
    0x9, 0xff, 0xff, 0xff, 0xff, 0xff, 0xff, 0xff,
    0xfd, 0x0, 0x6, 0xff, 0xff, 0xff, 0xff, 0xff,
    0xff, 0xff, 0xfa, 0x0, 0x0, 0x7b, 0xcc, 0xcc,
    0xcc, 0xcc, 0xcc, 0xcb, 0x91, 0x0,

    /* U+F304 "" */
    0x0, 0x0, 0x0, 0x0, 0x0, 0x0, 0x0, 0x0,
    0x1, 0x30, 0x0, 0x0, 0x0, 0x0, 0x0, 0x0,
    0x0, 0x0, 0x0, 0x4, 0xff, 0xd1, 0x0, 0x0,
    0x0, 0x0, 0x0, 0x0, 0x0, 0x0, 0x4, 0xff,
    0xff, 0xd1, 0x0, 0x0, 0x0, 0x0, 0x0, 0x0,
    0x0, 0x3, 0xff, 0xff, 0xff, 0xd1, 0x0, 0x0,
    0x0, 0x0, 0x0, 0x0, 0x1, 0xc, 0xff, 0xff,
    0xff, 0xb0, 0x0, 0x0, 0x0, 0x0, 0x0, 0x4,
    0xe4, 0xc, 0xff, 0xff, 0xff, 0x0, 0x0, 0x0,
    0x0, 0x0, 0x4, 0xff, 0xf4, 0xc, 0xff, 0xff,
    0xa0, 0x0, 0x0, 0x0, 0x0, 0x4, 0xff, 0xff,
    0xf4, 0xc, 0xff, 0xb0, 0x0, 0x0, 0x0, 0x0,
    0x4, 0xff, 0xff, 0xff, 0xf4, 0xc, 0xb0, 0x0,
    0x0, 0x0, 0x0, 0x4, 0xff, 0xff, 0xff, 0xff,
    0xf4, 0x0, 0x0, 0x0, 0x0, 0x0, 0x4, 0xff,
    0xff, 0xff, 0xff, 0xff, 0xa0, 0x0, 0x0, 0x0,
    0x0, 0x4, 0xff, 0xff, 0xff, 0xff, 0xff, 0xb0,
    0x0, 0x0, 0x0, 0x0, 0x4, 0xff, 0xff, 0xff,
    0xff, 0xff, 0xb0, 0x0, 0x0, 0x0, 0x0, 0x4,
    0xff, 0xff, 0xff, 0xff, 0xff, 0xb0, 0x0, 0x0,
    0x0, 0x0, 0x4, 0xff, 0xff, 0xff, 0xff, 0xff,
    0xb0, 0x0, 0x0, 0x0, 0x0, 0x4, 0xff, 0xff,
    0xff, 0xff, 0xff, 0xb0, 0x0, 0x0, 0x0, 0x0,
    0x3, 0xff, 0xff, 0xff, 0xff, 0xff, 0xb0, 0x0,
    0x0, 0x0, 0x0, 0x0, 0x8f, 0xff, 0xff, 0xff,
    0xff, 0xb0, 0x0, 0x0, 0x0, 0x0, 0x0, 0xa,
    0xff, 0xff, 0xff, 0xff, 0xb0, 0x0, 0x0, 0x0,
    0x0, 0x0, 0x0, 0xcf, 0xff, 0xff, 0xff, 0xb0,
    0x0, 0x0, 0x0, 0x0, 0x0, 0x0, 0xe, 0xff,
    0xff, 0xff, 0xb0, 0x0, 0x0, 0x0, 0x0, 0x0,
    0x0, 0x0, 0xff, 0xff, 0xff, 0xb0, 0x0, 0x0,
    0x0, 0x0, 0x0, 0x0, 0x0, 0x8, 0xb9, 0x75,
    0x40, 0x0, 0x0, 0x0, 0x0, 0x0, 0x0, 0x0,
    0x0,

    /* U+F55A "" */
    0x0, 0x0, 0x0, 0x2, 0x68, 0x88, 0x88, 0x88,
    0x88, 0x88, 0x88, 0x88, 0x75, 0x0, 0x0, 0x0,
    0x0, 0x5f, 0xff, 0xff, 0xff, 0xff, 0xff, 0xff,
    0xff, 0xff, 0xff, 0xc0, 0x0, 0x0, 0x5, 0xff,
    0xff, 0xff, 0xff, 0xff, 0xff, 0xff, 0xff, 0xff,
    0xff, 0xf5, 0x0, 0x0, 0x5f, 0xff, 0xff, 0xff,
    0xff, 0xff, 0xff, 0xff, 0xff, 0xff, 0xff, 0xf7,
    0x0, 0x5, 0xff, 0xff, 0xff, 0xff, 0x80, 0xcf,
    0xff, 0xc0, 0x8f, 0xff, 0xff, 0xf8, 0x0, 0x5f,
    0xff, 0xff, 0xff, 0xfc, 0x0, 0xc, 0xfc, 0x0,
    0xc, 0xff, 0xff, 0xf8, 0x5, 0xff, 0xff, 0xff,
    0xff, 0xff, 0x50, 0x0, 0x90, 0x0, 0x5f, 0xff,
    0xff, 0xf8, 0x5f, 0xff, 0xff, 0xff, 0xff, 0xff,
    0xf5, 0x0, 0x0, 0x5, 0xff, 0xff, 0xff, 0xf8,
    0xef, 0xff, 0xff, 0xff, 0xff, 0xff, 0xff, 0x40,
    0x0, 0x4f, 0xff, 0xff, 0xff, 0xf8, 0xbf, 0xff,
    0xff, 0xff, 0xff, 0xff, 0xfc, 0x0, 0x0, 0xc,
    0xff, 0xff, 0xff, 0xf8, 0xc, 0xff, 0xff, 0xff,
    0xff, 0xff, 0xc0, 0x0, 0x10, 0x0, 0xcf, 0xff,
    0xff, 0xf8, 0x0, 0xcf, 0xff, 0xff, 0xff, 0xfd,
    0x0, 0x5, 0xf5, 0x0, 0xd, 0xff, 0xff, 0xf8,
    0x0, 0xc, 0xff, 0xff, 0xff, 0xfe, 0x10, 0x5f,
    0xff, 0x50, 0x1e, 0xff, 0xff, 0xf8, 0x0, 0x0,
    0xcf, 0xff, 0xff, 0xff, 0xe8, 0xff, 0xff, 0xf8,
    0xef, 0xff, 0xff, 0xf8, 0x0, 0x0, 0xc, 0xff,
    0xff, 0xff, 0xff, 0xff, 0xff, 0xff, 0xff, 0xff,
    0xff, 0xf7, 0x0, 0x0, 0x0, 0xcf, 0xff, 0xff,
    0xff, 0xff, 0xff, 0xff, 0xff, 0xff, 0xff, 0xf2,
    0x0, 0x0, 0x0, 0x9, 0xef, 0xff, 0xff, 0xff,
    0xff, 0xff, 0xff, 0xff, 0xfd, 0x50,

    /* U+F7C2 "" */
    0x0, 0x0, 0x0, 0x0, 0x0, 0x0, 0x0, 0x0,
    0x0, 0x0, 0x2, 0xef, 0xff, 0xff, 0xff, 0xfe,
    0x70, 0x0, 0x2, 0xef, 0xff, 0xff, 0xff, 0xff,
    0xff, 0x50, 0x2, 0xef, 0xbb, 0xfc, 0xbf, 0xdb,
    0xbf, 0xf9, 0x2, 0xef, 0xd0, 0x2f, 0x40, 0xe7,
    0x1, 0xff, 0xa2, 0xef, 0xfd, 0x2, 0xf4, 0xe,
    0x70, 0x1f, 0xfa, 0xef, 0xff, 0xd0, 0x2f, 0x40,
    0xe7, 0x1, 0xff, 0xaf, 0xff, 0xfd, 0x24, 0xf6,
    0x2e, 0x82, 0x3f, 0xfa, 0xff, 0xff, 0xff, 0xff,
    0xff, 0xff, 0xff, 0xff, 0xaf, 0xff, 0xff, 0xff,
    0xff, 0xff, 0xff, 0xff, 0xfa, 0xff, 0xff, 0xff,
    0xff, 0xff, 0xff, 0xff, 0xff, 0xaf, 0xff, 0xff,
    0xff, 0xff, 0xff, 0xff, 0xff, 0xfa, 0xff, 0xff,
    0xff, 0xff, 0xff, 0xff, 0xff, 0xff, 0xaf, 0xff,
    0xff, 0xff, 0xff, 0xff, 0xff, 0xff, 0xfa, 0xff,
    0xff, 0xff, 0xff, 0xff, 0xff, 0xff, 0xff, 0xaf,
    0xff, 0xff, 0xff, 0xff, 0xff, 0xff, 0xff, 0xfa,
    0xff, 0xff, 0xff, 0xff, 0xff, 0xff, 0xff, 0xff,
    0xaf, 0xff, 0xff, 0xff, 0xff, 0xff, 0xff, 0xff,
    0xfa, 0xff, 0xff, 0xff, 0xff, 0xff, 0xff, 0xff,
    0xff, 0xaf, 0xff, 0xff, 0xff, 0xff, 0xff, 0xff,
    0xff, 0xfa, 0xff, 0xff, 0xff, 0xff, 0xff, 0xff,
    0xff, 0xff, 0x99, 0xff, 0xff, 0xff, 0xff, 0xff,
    0xff, 0xff, 0xf4, 0x9, 0xef, 0xff, 0xff, 0xff,
    0xff, 0xff, 0xd5, 0x0,

    /* U+F8A2 "" */
    0x0, 0x0, 0x0, 0x0, 0x0, 0x0, 0x0, 0x0,
    0x0, 0x0, 0x1c, 0x0, 0x0, 0x0, 0x0, 0x0,
    0x0, 0x0, 0x0, 0x0, 0x0, 0x1e, 0xf1, 0x0,
    0x0, 0x0, 0x0, 0x0, 0x0, 0x0, 0x0, 0x0,
    0x1e, 0xff, 0x10, 0x0, 0x3, 0xed, 0x0, 0x0,
    0x0, 0x0, 0x0, 0x5, 0xff, 0xf1, 0x0, 0x4,
    0xff, 0xf0, 0x0, 0x0, 0x0, 0x0, 0x0, 0x5f,
    0xff, 0x10, 0x5, 0xff, 0xff, 0x0, 0x0, 0x0,
    0x0, 0x0, 0x5, 0xff, 0xf1, 0x6, 0xff, 0xff,
    0xf6, 0x66, 0x66, 0x66, 0x66, 0x66, 0x9f, 0xff,
    0x17, 0xff, 0xff, 0xff, 0xff, 0xff, 0xff, 0xff,
    0xff, 0xff, 0xff, 0xf1, 0xdf, 0xff, 0xff, 0xff,
    0xff, 0xff, 0xff, 0xff, 0xff, 0xff, 0xff, 0x13,
    0xef, 0xff, 0xff, 0xff, 0xff, 0xff, 0xff, 0xff,
    0xff, 0xff, 0xd0, 0x2, 0xef, 0xff, 0xf1, 0x11,
    0x11, 0x11, 0x11, 0x11, 0x11, 0x10, 0x0, 0x2,
    0xdf, 0xff, 0x0, 0x0, 0x0, 0x0, 0x0, 0x0,
    0x0, 0x0, 0x0, 0x1, 0xdf, 0xf0, 0x0, 0x0,
    0x0, 0x0, 0x0, 0x0, 0x0, 0x0, 0x0, 0x1,
    0xb8, 0x0, 0x0, 0x0, 0x0, 0x0, 0x0, 0x0,
    0x0
};


/*---------------------
 *  GLYPH DESCRIPTION
 *--------------------*/

static const lv_font_fmt_txt_glyph_dsc_t glyph_dsc[] = {
    {.bitmap_index = 0, .adv_w = 0, .box_w = 0, .box_h = 0, .ofs_x = 0, .ofs_y = 0} /* id = 0 reserved */,
    {.bitmap_index = 0, .adv_w = 83, .box_w = 0, .box_h = 0, .ofs_x = 0, .ofs_y = 0},
    {.bitmap_index = 0, .adv_w = 113, .box_w = 5, .box_h = 16, .ofs_x = 1, .ofs_y = 0},
    {.bitmap_index = 40, .adv_w = 174, .box_w = 9, .box_h = 8, .ofs_x = 1, .ofs_y = 9},
    {.bitmap_index = 76, .adv_w = 222, .box_w = 14, .box_h = 16, .ofs_x = 0, .ofs_y = 0},
    {.bitmap_index = 188, .adv_w = 212, .box_w = 13, .box_h = 20, .ofs_x = 0, .ofs_y = -2},
    {.bitmap_index = 318, .adv_w = 343, .box_w = 20, .box_h = 16, .ofs_x = 1, .ofs_y = 0},
    {.bitmap_index = 478, .adv_w = 254, .box_w = 15, .box_h = 16, .ofs_x = 1, .ofs_y = 0},
    {.bitmap_index = 598, .adv_w = 94, .box_w = 4, .box_h = 8, .ofs_x = 1, .ofs_y = 9},
    {.bitmap_index = 614, .adv_w = 119, .box_w = 8, .box_h = 21, .ofs_x = 0, .ofs_y = -4},
    {.bitmap_index = 698, .adv_w = 119, .box_w = 8, .box_h = 21, .ofs_x = -1, .ofs_y = -4},
    {.bitmap_index = 782, .adv_w = 212, .box_w = 13, .box_h = 12, .ofs_x = 0, .ofs_y = 5},
    {.bitmap_index = 860, .adv_w = 211, .box_w = 11, .box_h = 11, .ofs_x = 1, .ofs_y = 1},
    {.bitmap_index = 921, .adv_w = 109, .box_w = 6, .box_h = 8, .ofs_x = 0, .ofs_y = -3},
    {.bitmap_index = 945, .adv_w = 142, .box_w = 7, .box_h = 4, .ofs_x = 1, .ofs_y = 5},
    {.bitmap_index = 959, .adv_w = 109, .box_w = 5, .box_h = 5, .ofs_x = 1, .ofs_y = 0},
    {.bitmap_index = 972, .adv_w = 162, .box_w = 10, .box_h = 20, .ofs_x = 0, .ofs_y = -3},
    {.bitmap_index = 1072, .adv_w = 211, .box_w = 13, .box_h = 16, .ofs_x = 0, .ofs_y = 0},
    {.bitmap_index = 1176, .adv_w = 211, .box_w = 13, .box_h = 16, .ofs_x = 0, .ofs_y = 0},
    {.bitmap_index = 1280, .adv_w = 211, .box_w = 13, .box_h = 16, .ofs_x = 0, .ofs_y = 0},
    {.bitmap_index = 1384, .adv_w = 211, .box_w = 12, .box_h = 16, .ofs_x = 0, .ofs_y = 0},
    {.bitmap_index = 1480, .adv_w = 211, .box_w = 13, .box_h = 16, .ofs_x = 0, .ofs_y = 0},
    {.bitmap_index = 1584, .adv_w = 211, .box_w = 12, .box_h = 16, .ofs_x = 1, .ofs_y = 0},
    {.bitmap_index = 1680, .adv_w = 211, .box_w = 13, .box_h = 16, .ofs_x = 0, .ofs_y = 0},
    {.bitmap_index = 1784, .adv_w = 211, .box_w = 12, .box_h = 16, .ofs_x = 1, .ofs_y = 0},
    {.bitmap_index = 1880, .adv_w = 211, .box_w = 13, .box_h = 16, .ofs_x = 0, .ofs_y = 0},
    {.bitmap_index = 1984, .adv_w = 211, .box_w = 13, .box_h = 16, .ofs_x = 0, .ofs_y = 0},
    {.bitmap_index = 2088, .adv_w = 116, .box_w = 5, .box_h = 12, .ofs_x = 1, .ofs_y = 0},
    {.bitmap_index = 2118, .adv_w = 116, .box_w = 5, .box_h = 16, .ofs_x = 1, .ofs_y = -4},
    {.bitmap_index = 2158, .adv_w = 211, .box_w = 9, .box_h = 15, .ofs_x = 2, .ofs_y = -1},
    {.bitmap_index = 2226, .adv_w = 211, .box_w = 11, .box_h = 8, .ofs_x = 1, .ofs_y = 3},
    {.bitmap_index = 2270, .adv_w = 211, .box_w = 9, .box_h = 15, .ofs_x = 2, .ofs_y = -1},
    {.bitmap_index = 2338, .adv_w = 176, .box_w = 11, .box_h = 16, .ofs_x = 0, .ofs_y = 0},
    {.bitmap_index = 2426, .adv_w = 318, .box_w = 18, .box_h = 19, .ofs_x = 1, .ofs_y = -3},
    {.bitmap_index = 2597, .adv_w = 241, .box_w = 15, .box_h = 16, .ofs_x = 0, .ofs_y = 0},
    {.bitmap_index = 2717, .adv_w = 235, .box_w = 13, .box_h = 16, .ofs_x = 1, .ofs_y = 0},
    {.bitmap_index = 2821, .adv_w = 229, .box_w = 13, .box_h = 16, .ofs_x = 1, .ofs_y = 0},
    {.bitmap_index = 2925, .adv_w = 245, .box_w = 14, .box_h = 16, .ofs_x = 1, .ofs_y = 0},
    {.bitmap_index = 3037, .adv_w = 214, .box_w = 12, .box_h = 16, .ofs_x = 1, .ofs_y = 0},
    {.bitmap_index = 3133, .adv_w = 206, .box_w = 11, .box_h = 16, .ofs_x = 1, .ofs_y = 0},
    {.bitmap_index = 3221, .adv_w = 253, .box_w = 14, .box_h = 16, .ofs_x = 1, .ofs_y = 0},
    {.bitmap_index = 3333, .adv_w = 255, .box_w = 14, .box_h = 16, .ofs_x = 1, .ofs_y = 0},
    {.bitmap_index = 3445, .adv_w = 152, .box_w = 8, .box_h = 16, .ofs_x = 1, .ofs_y = 0},
    {.bitmap_index = 3509, .adv_w = 197, .box_w = 11, .box_h = 16, .ofs_x = 0, .ofs_y = 0},
    {.bitmap_index = 3597, .adv_w = 245, .box_w = 15, .box_h = 16, .ofs_x = 1, .ofs_y = 0},
    {.bitmap_index = 3717, .adv_w = 187, .box_w = 10, .box_h = 16, .ofs_x = 1, .ofs_y = 0},
    {.bitmap_index = 3797, .adv_w = 288, .box_w = 16, .box_h = 16, .ofs_x = 1, .ofs_y = 0},
    {.bitmap_index = 3925, .adv_w = 255, .box_w = 14, .box_h = 16, .ofs_x = 1, .ofs_y = 0},
    {.bitmap_index = 4037, .adv_w = 251, .box_w = 14, .box_h = 16, .ofs_x = 1, .ofs_y = 0},
    {.bitmap_index = 4149, .adv_w = 231, .box_w = 13, .box_h = 16, .ofs_x = 1, .ofs_y = 0},
    {.bitmap_index = 4253, .adv_w = 251, .box_w = 14, .box_h = 20, .ofs_x = 1, .ofs_y = -4},
    {.bitmap_index = 4393, .adv_w = 237, .box_w = 13, .box_h = 16, .ofs_x = 1, .ofs_y = 0},
    {.bitmap_index = 4497, .adv_w = 220, .box_w = 13, .box_h = 16, .ofs_x = 0, .ofs_y = 0},
    {.bitmap_index = 4601, .adv_w = 206, .box_w = 13, .box_h = 16, .ofs_x = 0, .ofs_y = 0},
    {.bitmap_index = 4705, .adv_w = 244, .box_w = 13, .box_h = 16, .ofs_x = 1, .ofs_y = 0},
    {.bitmap_index = 4809, .adv_w = 229, .box_w = 14, .box_h = 16, .ofs_x = 0, .ofs_y = 0},
    {.bitmap_index = 4921, .adv_w = 342, .box_w = 21, .box_h = 16, .ofs_x = 0, .ofs_y = 0},
    {.bitmap_index = 5089, .adv_w = 237, .box_w = 15, .box_h = 16, .ofs_x = 0, .ofs_y = 0},
    {.bitmap_index = 5209, .adv_w = 228, .box_w = 15, .box_h = 16, .ofs_x = 0, .ofs_y = 0},
    {.bitmap_index = 5329, .adv_w = 214, .box_w = 13, .box_h = 16, .ofs_x = 0, .ofs_y = 0},
    {.bitmap_index = 5433, .adv_w = 118, .box_w = 6, .box_h = 20, .ofs_x = 1, .ofs_y = -3},
    {.bitmap_index = 5493, .adv_w = 162, .box_w = 11, .box_h = 20, .ofs_x = 0, .ofs_y = -3},
    {.bitmap_index = 5603, .adv_w = 118, .box_w = 5, .box_h = 20, .ofs_x = 1, .ofs_y = -3},
    {.bitmap_index = 5653, .adv_w = 211, .box_w = 13, .box_h = 10, .ofs_x = 0, .ofs_y = 6},
    {.bitmap_index = 5718, .adv_w = 196, .box_w = 12, .box_h = 3, .ofs_x = 0, .ofs_y = -4},
    {.bitmap_index = 5736, .adv_w = 211, .box_w = 6, .box_h = 7, .ofs_x = 3, .ofs_y = 12},
    {.bitmap_index = 5757, .adv_w = 200, .box_w = 12, .box_h = 12, .ofs_x = 0, .ofs_y = 0},
    {.bitmap_index = 5829, .adv_w = 214, .box_w = 12, .box_h = 17, .ofs_x = 1, .ofs_y = 0},
    {.bitmap_index = 5931, .adv_w = 182, .box_w = 11, .box_h = 12, .ofs_x = 0, .ofs_y = 0},
    {.bitmap_index = 5997, .adv_w = 214, .box_w = 12, .box_h = 17, .ofs_x = 0, .ofs_y = 0},
    {.bitmap_index = 6099, .adv_w = 198, .box_w = 12, .box_h = 12, .ofs_x = 0, .ofs_y = 0},
    {.bitmap_index = 6171, .adv_w = 127, .box_w = 8, .box_h = 17, .ofs_x = 0, .ofs_y = 0},
    {.bitmap_index = 6239, .adv_w = 194, .box_w = 13, .box_h = 19, .ofs_x = 0, .ofs_y = -4},
    {.bitmap_index = 6363, .adv_w = 210, .box_w = 11, .box_h = 17, .ofs_x = 1, .ofs_y = 0},
    {.bitmap_index = 6457, .adv_w = 101, .box_w = 5, .box_h = 17, .ofs_x = 1, .ofs_y = 0},
    {.bitmap_index = 6500, .adv_w = 101, .box_w = 7, .box_h = 21, .ofs_x = -1, .ofs_y = -4},
    {.bitmap_index = 6574, .adv_w = 203, .box_w = 12, .box_h = 17, .ofs_x = 1, .ofs_y = 0},
    {.bitmap_index = 6676, .adv_w = 107, .box_w = 6, .box_h = 17, .ofs_x = 1, .ofs_y = 0},
    {.bitmap_index = 6727, .adv_w = 315, .box_w = 18, .box_h = 12, .ofs_x = 1, .ofs_y = 0},
    {.bitmap_index = 6835, .adv_w = 210, .box_w = 11, .box_h = 12, .ofs_x = 1, .ofs_y = 0},
    {.bitmap_index = 6901, .adv_w = 199, .box_w = 12, .box_h = 12, .ofs_x = 0, .ofs_y = 0},
    {.bitmap_index = 6973, .adv_w = 214, .box_w = 12, .box_h = 16, .ofs_x = 1, .ofs_y = -4},
    {.bitmap_index = 7069, .adv_w = 214, .box_w = 12, .box_h = 16, .ofs_x = 0, .ofs_y = -4},
    {.bitmap_index = 7165, .adv_w = 142, .box_w = 8, .box_h = 12, .ofs_x = 1, .ofs_y = 0},
    {.bitmap_index = 7213, .adv_w = 177, .box_w = 11, .box_h = 12, .ofs_x = 0, .ofs_y = 0},
    {.bitmap_index = 7279, .adv_w = 135, .box_w = 8, .box_h = 15, .ofs_x = 0, .ofs_y = 0},
    {.bitmap_index = 7339, .adv_w = 210, .box_w = 11, .box_h = 12, .ofs_x = 1, .ofs_y = 0},
    {.bitmap_index = 7405, .adv_w = 189, .box_w = 12, .box_h = 12, .ofs_x = 0, .ofs_y = 0},
    {.bitmap_index = 7477, .adv_w = 296, .box_w = 19, .box_h = 12, .ofs_x = 0, .ofs_y = 0},
    {.bitmap_index = 7591, .adv_w = 197, .box_w = 12, .box_h = 12, .ofs_x = 0, .ofs_y = 0},
    {.bitmap_index = 7663, .adv_w = 188, .box_w = 12, .box_h = 16, .ofs_x = 0, .ofs_y = -4},
    {.bitmap_index = 7759, .adv_w = 182, .box_w = 11, .box_h = 12, .ofs_x = 0, .ofs_y = 0},
    {.bitmap_index = 7825, .adv_w = 131, .box_w = 8, .box_h = 20, .ofs_x = 0, .ofs_y = -3},
    {.bitmap_index = 7905, .adv_w = 142, .box_w = 3, .box_h = 21, .ofs_x = 3, .ofs_y = -4},
    {.bitmap_index = 7937, .adv_w = 131, .box_w = 7, .box_h = 20, .ofs_x = 1, .ofs_y = -3},
    {.bitmap_index = 8007, .adv_w = 211, .box_w = 12, .box_h = 4, .ofs_x = 1, .ofs_y = 5},
    {.bitmap_index = 8031, .adv_w = 352, .box_w = 23, .box_h = 23, .ofs_x = -1, .ofs_y = -3},
    {.bitmap_index = 8296, .adv_w = 352, .box_w = 22, .box_h = 17, .ofs_x = 0, .ofs_y = 0},
    {.bitmap_index = 8483, .adv_w = 352, .box_w = 22, .box_h = 20, .ofs_x = 0, .ofs_y = -2},
    {.bitmap_index = 8703, .adv_w = 352, .box_w = 22, .box_h = 17, .ofs_x = 0, .ofs_y = 0},
    {.bitmap_index = 8890, .adv_w = 242, .box_w = 16, .box_h = 16, .ofs_x = 0, .ofs_y = 0},
    {.bitmap_index = 9018, .adv_w = 352, .box_w = 22, .box_h = 23, .ofs_x = 0, .ofs_y = -3},
    {.bitmap_index = 9271, .adv_w = 352, .box_w = 22, .box_h = 23, .ofs_x = 0, .ofs_y = -3},
    {.bitmap_index = 9524, .adv_w = 396, .box_w = 25, .box_h = 20, .ofs_x = 0, .ofs_y = -2},
    {.bitmap_index = 9774, .adv_w = 352, .box_w = 22, .box_h = 23, .ofs_x = 0, .ofs_y = -3},
    {.bitmap_index = 10027, .adv_w = 396, .box_w = 25, .box_h = 17, .ofs_x = 0, .ofs_y = 0},
    {.bitmap_index = 10240, .adv_w = 352, .box_w = 22, .box_h = 23, .ofs_x = 0, .ofs_y = -3},
    {.bitmap_index = 10493, .adv_w = 176, .box_w = 11, .box_h = 18, .ofs_x = 0, .ofs_y = -1},
    {.bitmap_index = 10592, .adv_w = 264, .box_w = 17, .box_h = 18, .ofs_x = 0, .ofs_y = -1},
    {.bitmap_index = 10745, .adv_w = 396, .box_w = 25, .box_h = 22, .ofs_x = 0, .ofs_y = -3},
    {.bitmap_index = 11020, .adv_w = 352, .box_w = 22, .box_h = 17, .ofs_x = 0, .ofs_y = 0},
    {.bitmap_index = 11207, .adv_w = 308, .box_w = 15, .box_h = 21, .ofs_x = 2, .ofs_y = -2},
    {.bitmap_index = 11365, .adv_w = 308, .box_w = 20, .box_h = 24, .ofs_x = 0, .ofs_y = -4},
    {.bitmap_index = 11605, .adv_w = 308, .box_w = 20, .box_h = 20, .ofs_x = 0, .ofs_y = -2},
    {.bitmap_index = 11805, .adv_w = 308, .box_w = 20, .box_h = 20, .ofs_x = 0, .ofs_y = -2},
    {.bitmap_index = 12005, .adv_w = 308, .box_w = 15, .box_h = 21, .ofs_x = 2, .ofs_y = -2},
    {.bitmap_index = 12163, .adv_w = 308, .box_w = 21, .box_h = 20, .ofs_x = -1, .ofs_y = -2},
    {.bitmap_index = 12373, .adv_w = 220, .box_w = 12, .box_h = 20, .ofs_x = 1, .ofs_y = -2},
    {.bitmap_index = 12493, .adv_w = 220, .box_w = 12, .box_h = 20, .ofs_x = 1, .ofs_y = -2},
    {.bitmap_index = 12613, .adv_w = 308, .box_w = 20, .box_h = 20, .ofs_x = 0, .ofs_y = -2},
    {.bitmap_index = 12813, .adv_w = 308, .box_w = 20, .box_h = 5, .ofs_x = 0, .ofs_y = 6},
    {.bitmap_index = 12863, .adv_w = 396, .box_w = 25, .box_h = 17, .ofs_x = 0, .ofs_y = 0},
    {.bitmap_index = 13076, .adv_w = 440, .box_w = 28, .box_h = 23, .ofs_x = 0, .ofs_y = -3},
    {.bitmap_index = 13398, .adv_w = 396, .box_w = 27, .box_h = 23, .ofs_x = -1, .ofs_y = -3},
    {.bitmap_index = 13709, .adv_w = 352, .box_w = 22, .box_h = 21, .ofs_x = 0, .ofs_y = -2},
    {.bitmap_index = 13940, .adv_w = 308, .box_w = 19, .box_h = 12, .ofs_x = 0, .ofs_y = 2},
    {.bitmap_index = 14054, .adv_w = 308, .box_w = 19, .box_h = 12, .ofs_x = 0, .ofs_y = 2},
    {.bitmap_index = 14168, .adv_w = 440, .box_w = 28, .box_h = 18, .ofs_x = 0, .ofs_y = -1},
    {.bitmap_index = 14420, .adv_w = 352, .box_w = 22, .box_h = 17, .ofs_x = 0, .ofs_y = 0},
    {.bitmap_index = 14607, .adv_w = 352, .box_w = 22, .box_h = 23, .ofs_x = 0, .ofs_y = -3},
    {.bitmap_index = 14860, .adv_w = 352, .box_w = 23, .box_h = 23, .ofs_x = -1, .ofs_y = -3},
    {.bitmap_index = 15125, .adv_w = 308, .box_w = 20, .box_h = 20, .ofs_x = 0, .ofs_y = -2},
    {.bitmap_index = 15325, .adv_w = 308, .box_w = 20, .box_h = 23, .ofs_x = 0, .ofs_y = -3},
    {.bitmap_index = 15555, .adv_w = 308, .box_w = 20, .box_h = 20, .ofs_x = 0, .ofs_y = -2},
    {.bitmap_index = 15755, .adv_w = 220, .box_w = 15, .box_h = 23, .ofs_x = -1, .ofs_y = -3},
    {.bitmap_index = 15928, .adv_w = 308, .box_w = 20, .box_h = 23, .ofs_x = 0, .ofs_y = -3},
    {.bitmap_index = 16158, .adv_w = 308, .box_w = 20, .box_h = 23, .ofs_x = 0, .ofs_y = -3},
    {.bitmap_index = 16388, .adv_w = 396, .box_w = 25, .box_h = 17, .ofs_x = 0, .ofs_y = 0},
    {.bitmap_index = 16601, .adv_w = 352, .box_w = 24, .box_h = 23, .ofs_x = -1, .ofs_y = -3},
    {.bitmap_index = 16877, .adv_w = 264, .box_w = 17, .box_h = 20, .ofs_x = 0, .ofs_y = -2},
    {.bitmap_index = 17047, .adv_w = 440, .box_w = 28, .box_h = 21, .ofs_x = 0, .ofs_y = -2},
    {.bitmap_index = 17341, .adv_w = 440, .box_w = 28, .box_h = 15, .ofs_x = 0, .ofs_y = 1},
    {.bitmap_index = 17551, .adv_w = 440, .box_w = 28, .box_h = 15, .ofs_x = 0, .ofs_y = 1},
    {.bitmap_index = 17761, .adv_w = 440, .box_w = 28, .box_h = 15, .ofs_x = 0, .ofs_y = 1},
    {.bitmap_index = 17971, .adv_w = 440, .box_w = 28, .box_h = 15, .ofs_x = 0, .ofs_y = 1},
    {.bitmap_index = 18181, .adv_w = 440, .box_w = 28, .box_h = 15, .ofs_x = 0, .ofs_y = 1},
    {.bitmap_index = 18391, .adv_w = 440, .box_w = 28, .box_h = 18, .ofs_x = 0, .ofs_y = -1},
    {.bitmap_index = 18643, .adv_w = 308, .box_w = 17, .box_h = 23, .ofs_x = 1, .ofs_y = -3},
    {.bitmap_index = 18839, .adv_w = 308, .box_w = 20, .box_h = 23, .ofs_x = 0, .ofs_y = -3},
    {.bitmap_index = 19069, .adv_w = 352, .box_w = 23, .box_h = 23, .ofs_x = -1, .ofs_y = -3},
    {.bitmap_index = 19334, .adv_w = 440, .box_w = 28, .box_h = 17, .ofs_x = 0, .ofs_y = 0},
    {.bitmap_index = 19572, .adv_w = 264, .box_w = 17, .box_h = 23, .ofs_x = 0, .ofs_y = -3},
    {.bitmap_index = 19768, .adv_w = 354, .box_w = 23, .box_h = 14, .ofs_x = 0, .ofs_y = 1}
};

/*---------------------
 *  CHARACTER MAPPING
 *--------------------*/

static const uint16_t unicode_list_1[] = {
    0x0, 0x7, 0xa, 0xb, 0xc, 0x10, 0x12, 0x14,
    0x18, 0x1b, 0x20, 0x25, 0x26, 0x27, 0x3d, 0x47,
    0x4a, 0x4b, 0x4c, 0x50, 0x51, 0x52, 0x53, 0x66,
    0x67, 0x6d, 0x6f, 0x70, 0x73, 0x76, 0x77, 0x78,
    0x7a, 0x92, 0x94, 0xc3, 0xc4, 0xc6, 0xe6, 0xe9,
    0xf2, 0x11b, 0x123, 0x157, 0x1ea, 0x23f, 0x240, 0x241,
    0x242, 0x243, 0x286, 0x292, 0x2ec, 0x303, 0x559, 0x7c1,
    0x8a1
};

/*Collect the unicode lists and glyph_id offsets*/
static const lv_font_fmt_txt_cmap_t cmaps[] =
{
    {
        .range_start = 32, .range_length = 95, .glyph_id_start = 1,
        .unicode_list = NULL, .glyph_id_ofs_list = NULL, .list_length = 0, .type = LV_FONT_FMT_TXT_CMAP_FORMAT0_TINY
    },
    {
        .range_start = 61441, .range_length = 2210, .glyph_id_start = 96,
        .unicode_list = unicode_list_1, .glyph_id_ofs_list = NULL, .list_length = 57, .type = LV_FONT_FMT_TXT_CMAP_SPARSE_TINY
    }
};

/*-----------------
 *    KERNING
 *----------------*/


/*Map glyph_ids to kern left classes*/
static const uint8_t kern_left_class_mapping[] =
{
    0, 0, 0, 0, 0, 0, 1, 0,
    0, 0, 0, 0, 0, 0, 0, 0,
    0, 0, 0, 0, 0, 0, 0, 0,
    0, 0, 0, 0, 0, 0, 0, 0,
    0, 0, 2, 3, 4, 5, 6, 7,
    8, 0, 9, 10, 11, 12, 0, 0,
    0, 13, 0, 14, 15, 16, 17, 18,
    19, 20, 21, 22, 0, 0, 0, 0,
    0, 0, 23, 24, 25, 0, 26, 27,
    28, 29, 30, 0, 31, 32, 29, 29,
    33, 24, 34, 35, 36, 37, 38, 39,
    40, 41, 42, 43, 0, 0, 0, 0,
    0, 0, 0, 0, 0, 0, 0, 0,
    0, 0, 0, 0, 0, 0, 0, 0,
    0, 0, 0, 0, 0, 0, 0, 0,
    0, 0, 0, 0, 0, 0, 0, 0,
    0, 0, 0, 0, 0, 0, 0, 0,
    0, 0, 0, 0, 0, 0, 0, 0,
    0, 0, 0, 0, 0, 0, 0, 0,
    0
};

/*Map glyph_ids to kern right classes*/
static const uint8_t kern_right_class_mapping[] =
{
    0, 0, 1, 2, 0, 0, 0, 3,
    2, 0, 4, 2, 0, 5, 6, 5,
    7, 0, 0, 0, 0, 0, 0, 0,
    0, 0, 0, 8, 8, 0, 0, 0,
    9, 10, 11, 0, 12, 0, 0, 0,
    12, 0, 13, 14, 0, 0, 0, 0,
    12, 0, 12, 0, 15, 16, 17, 18,
    19, 20, 21, 22, 0, 0, 23, 0,
    24, 0, 25, 0, 26, 27, 26, 28,
    29, 0, 30, 31, 0, 32, 33, 33,
    26, 34, 27, 33, 35, 36, 37, 38,
    39, 40, 41, 42, 0, 0, 23, 0,
    0, 0, 0, 0, 0, 0, 0, 0,
    0, 0, 0, 0, 0, 0, 0, 0,
    0, 0, 0, 0, 0, 0, 0, 0,
    0, 0, 0, 0, 0, 0, 0, 0,
    0, 0, 0, 0, 0, 0, 0, 0,
    0, 0, 0, 0, 0, 0, 0, 0,
    0, 0, 0, 0, 0, 0, 0, 0,
    0
};

/*Kern values between classes*/
static const int8_t kern_class_values[] =
{
    0, -21, 0, 0, 0, 0, 0, 0,
    0, 0, 0, 0, 0, 0, 0, 0,
    0, 0, 0, 0, 0, 0, 0, 0,
    0, 0, 0, 0, 0, 0, 0, 0,
    0, 0, 0, 0, 0, 0, 0, 0,
    0, 0, 0, -18, -4, 0, 7, -5,
    0, 0, -18, -7, 4, -11, 0, -5,
    0, -23, -8, -19, -10, 2, -25, 0,
    0, 5, 1, 0, 0, 0, 0, 0,
    0, 0, 0, 0, 0, -7, 0, -11,
    -7, 0, -5, 4, 0, 0, 0, 0,
    -5, 0, -9, 0, 0, 0, -5, 0,
    0, -4, 0, -9, 0, -10, -3, -7,
    -15, 0, 0, -23, 0, 0, 0, -1,
    -1, 0, 0, 0, 0, 0, 0, -2,
    0, -3, -2, -4, -3, 0, 0, 0,
    -4, 0, 0, -4, -7, 0, 0, -4,
    -3, -5, 0, 0, 0, 0, 0, 0,
    0, -7, -4, 0, 0, -15, 0, 0,
    0, 0, 0, 0, 0, 0, 0, 0,
    0, 0, 0, 0, 0, 0, 0, 0,
    0, -4, 0, 0, -14, 5, -16, 0,
    0, 0, -13, 0, 0, -11, 0, -9,
    0, -11, -8, -11, -16, -9, 0, 0,
    0, 0, 0, 0, 0, 0, 0, 0,
    0, 0, 0, 0, 0, 0, 0, 0,
    0, 0, 0, 0, -5, 0, 0, 0,
    0, 0, 0, -4, 0, 0, 0, -7,
    0, 0, 0, 0, 0, 0, 0, 0,
    0, 0, 0, -4, -4, 0, -2, 0,
    0, 0, 0, 0, 0, 0, 0, 0,
    0, 0, 0, 0, 0, 2, -14, 5,
    -35, 0, -30, 0, 0, -11, -31, -11,
    0, -26, 0, 0, 0, 0, 0, 0,
    0, 0, 0, -49, -14, -11, -12, -2,
    -15, 0, -4, 0, -11, -11, -14, -5,
    -9, -7, -5, -14, -7, -9, 0, -4,
    0, 0, 0, 4, 0, 0, 0, 0,
    0, 0, 0, -4, 0, -13, 0, -11,
    -5, -4, -15, 0, 0, 0, 0, 0,
    0, 0, 0, 0, 0, 0, 0, 0,
    0, 0, 0, 0, 0, 0, 0, 0,
    0, 0, 0, 0, 0, -11, 0, 0,
    0, -7, 0, 0, 0, 0, 0, -1,
    0, 0, 0, 0, 0, 0, 0, 0,
    0, -2, -2, 0, 0, 0, 0, 0,
    0, 0, -2, 0, 0, -2, 0, 0,
    -2, 0, 0, 0, 0, 0, -9, 0,
    -12, 0, 0, 0, -7, 0, 0, -4,
    0, 0, 0, 0, 0, -5, 0, 0,
    0, -30, 0, 0, 0, 0, 0, 0,
    0, 0, 0, 0, 0, 0, 0, 0,
    0, 0, 0, 0, 0, -4, -11, 4,
    4, -16, 0, 0, 0, -14, 0, -14,
    0, -7, -4, -9, 0, -9, -4, 0,
    -7, 0, 0, 0, -4, -9, -9, -7,
    -4, 0, 0, -4, -4, -4, 0, -11,
    -7, -7, -7, -2, -7, 4, 0, -32,
    -2, 0, 7, -12, 4, 0, -21, -4,
    6, -14, 0, 0, 0, -26, -12, -25,
    -14, 0, -31, 0, 0, 7, 1, -4,
    -3, 0, 0, 0, 0, 0, 0, 0,
    0, -7, -2, -18, -11, 4, -12, 4,
    0, 2, -11, 0, -35, 0, -32, 0,
    0, -4, -26, 0, 0, -25, -4, 0,
    0, -2, -4, -12, -9, -9, 0, -53,
    -5, -7, -7, 0, -11, 0, 0, 0,
    -4, -5, -5, 0, 0, 0, 2, -5,
    0, 0, 0, 0, -9, 0, 0, -5,
    -7, 0, 0, -7, 0, -4, 0, -12,
    0, -8, -5, -11, -5, 0, -14, 0,
    0, 0, -4, -5, -5, 0, -9, 0,
    0, 0, 0, 0, 0, 0, 0, 0,
    0, 0, -1, 0, 0, 0, -4, 0,
    0, 5, -12, 0, 0, -4, 0, 0,
    0, 0, -5, -8, 0, -6, -6, 0,
    -14, 0, 0, -21, 0, 0, 0, 0,
    0, 0, 0, 0, 0, 0, 0, -2,
    0, 0, 0, 0, 0, 0, 0, 0,
    0, 0, 0, 0, 0, -14, 0, 0,
    0, 0, 0, 0, 0, 0, 0, 0,
    0, 0, 0, 0, 0, 0, 0, 0,
    0, 0, 0, 0, 0, 0, 0, 0,
    0, 0, 0, 0, 0, 0, 0, 0,
    0, 0, -4, 0, -12, 0, -14, 0,
    0, 0, -9, 0, 0, -5, 0, 0,
    0, 0, 0, 0, 0, 0, 0, -25,
    0, 0, 0, 0, -4, 0, 0, 0,
    0, 0, 0, 0, 0, 0, 0, 0,
    0, 0, 0, 0, 0, 0, 0, 0,
    0, -11, 0, 0, 0, 0, 0, 0,
    0, 0, 0, 0, 0, 0, 0, 0,
    0, 0, 0, 0, 0, 0, 0, 0,
    0, 0, 0, 0, 0, 0, 0, 0,
    0, 0, 0, 0, 0, 5, -12, 4,
    -14, -4, -18, 0, 0, -7, -10, -8,
    0, -18, 0, 1, 0, 1, 1, 0,
    0, -2, 0, -18, -11, -9, -9, 0,
    -7, 0, -2, 0, -4, -2, -4, 0,
    -2, 0, -4, -4, 0, -4, 0, 0,
    0, 0, 0, 0, 0, -5, 0, 0,
    0, 0, 0, 0, 0, 0, 0, 0,
    0, 0, 0, 0, 0, 0, 0, 0,
    0, 0, 0, 0, 0, 0, 0, 0,
    0, 0, 0, 0, 0, 0, 0, 0,
    0, 0, 0, 0, 0, 0, 0, -18,
    0, 0, 0, 0, 0, 0, 0, 0,
    0, 0, 0, 0, 0, 0, 0, 0,
    0, 0, 0, 0, 0, 0, 0, 0,
    0, 0, 0, 0, 0, 0, 0, 0,
    0, 0, 0, 2, -4, 4, 11, -14,
    0, 0, 0, -5, 0, -6, 0, -2,
    0, 0, 0, -3, -2, 0, -4, 0,
    0, 5, 0, -2, -2, 0, 0, 0,
    0, 0, 0, 0, 0, -4, -2, 0,
    0, 0, -2, 0, 0, -5, 0, 0,
    4, -2, 7, 0, 0, 0, 3, 0,
    0, 0, 0, -25, 0, -11, -4, 0,
    -16, 2, 0, 4, 0, 0, 0, 0,
    0, 0, 0, 0, 0, 0, 0, -2,
    0, -4, -2, 0, -3, 0, 0, -7,
    0, 0, -5, 4, 0, 0, 0, 0,
    0, 0, -2, 0, 0, -23, 0, -12,
    -9, -7, -21, -2, 0, -18, 0, 0,
    0, -2, 0, 0, 0, 0, 0, 0,
    0, -2, 0, -3, -4, -6, -4, -3,
    0, 0, 0, 0, 0, 0, -2, 0,
    0, 0, 3, 0, 0, 2, 0, -16,
    0, -10, -4, 0, -18, 2, 0, -14,
    0, -2, -2, 0, 0, 0, 0, 0,
    0, 0, 0, 0, 0, 0, 0, 0,
    0, 0, 0, -7, 0, 0, -5, 4,
    0, 0, 0, 0, 0, 0, -2, 0,
    -4, -23, 0, -12, -7, -7, -21, -2,
    0, -21, 0, 0, 0, 0, 0, 0,
    0, 0, 0, 0, 0, 0, 0, -4,
    -2, -6, -2, -2, 7, 11, -5, 9,
    -11, 0, -7, 0, 11, 0, -2, 5,
    0, -8, 0, 9, 0, 12, 9, 5,
    11, 1, 5, -22, 0, -1, -1, 1,
    -1, 5, 0, 0, 0, 0, 0, 0,
    0, 4, 0, 0, 4, 0, 0, 2,
    -2, 10, 2, 0, 8, 0, 0, 0,
    9, 0, 0, -3, 0, -3, 0, -2,
    0, 4, -3, 4, 4, 20, -1, -2,
    -2, 0, 2, 0, 10, 0, 0, 0,
    0, 0, -1, 0, 0, 0, 2, 0,
    0, -5, 0, 0, 0, 0, 0, 0,
    0, 0, 0, 0, 0, 0, 0, -19,
    0, -12, -9, 0, -19, 0, 0, 0,
    0, 0, 0, 0, 0, 0, 0, 0,
    0, 0, 0, 0, 0, -3, -2, 0,
    -3, 0, 0, 0, 0, 0, 0, 0,
    0, 0, 0, 0, 0, 0, 0, -4,
    0, 0, 0, 0, 0, 0, -4, 0,
    0, 0, 0, 0, 0, 0, 0, 0,
    0, 0, 0, 0, 0, 0, 0, 0,
    0, 0, 0, 0, 0, 0, -4, 0,
    0, -12, 0, 0, 0, -4, 5, -5,
    0, -2, -2, -11, 0, -6, -2, 0,
    -16, 6, 0, 7, 0, -10, -7, 0,
    0, 0, 0, 0, 0, 0, -4, -4,
    -4, -4, -2, 0, -2, 0, 0, 0,
    0, 0, 4, -4, 0, 0, 0, 0,
    8, 0, 0, 4, 0, -5, 0, -2,
    0, 5, -5, 5, 0, 9, 0, 0,
    0, 0, 0, 0, 0, -3, 0, 0,
    0, -2, 0, -2, -1, 0, -2, 2,
    0, -7, 0, 0, -5, 4, 0, 0,
    0, 0, 0, 0, -2, 0, 0, -23,
    0, -12, -9, -7, -21, -2, 0, -21,
    0, 0, 0, -2, 0, 0, 0, 0,
    0, 0, 0, -2, 0, -3, -4, -6,
    -4, -3, 0, 0, 0, 0, 0, 0,
    0, 0, 0, 0, 0, 0, 0, 0,
    0, -14, 0, -9, -4, 0, -11, 0,
    0, 0, 0, 0, 0, 0, 0, 0,
    0, 0, 0, 0, 0, 0, 0, 0,
    0, 0, 0, 0, 0, 11, -7, 0,
    -28, 0, -8, 0, 0, 0, -14, 4,
    0, -8, 2, -4, 0, 0, 0, -7,
    -7, -4, 0, -28, -5, -2, -1, 3,
    -5, 0, 0, 0, 0, 0, 0, 1,
    0, 2, 2, 0, 2, 0, 0, -4,
    0, 0, -3, 0, 0, 0, 0, 0,
    1, 0, 0, -1, 0, -23, 0, -12,
    0, -8, -19, 0, 0, -18, 0, 0,
    0, -1, 0, 0, 0, 0, 0, 0,
    -2, -3, 0, -4, -4, -6, -3, -4,
    0, 0, -4, 0, 0, -4, 0, 0,
    0, 0, 2, 0, 0, 0, 0, -8,
    0, 0, 0, 0, -7, 0, 0, 7,
    0, -1, -1, 0, 0, 0, 0, 0,
    0, 0, 0, -2, 0, 0, 0, 0,
    0, 0, 0, 0, 0, 0, 0, 0,
    0, 0, 0, 0, 0, 0, 0, 0,
    0, -16, 0, -9, -4, 0, -18, 0,
    0, 0, 0, 0, 0, 0, 0, 0,
    0, 0, 0, 0, 0, 0, 0, 0,
    0, 0, 0, 0, 0, 9, -7, 0,
    -17, -2, -5, 0, 0, 0, -11, 0,
    -2, -11, 0, -9, 0, -4, 0, 0,
    -12, 0, 0, -25, -3, -3, -3, 2,
    -5, 0, 0, 0, 0, 0, -1, 0,
    0, 0, 0, 0, 0, -1, 0, 7,
    -7, 0, -14, -1, 0, 0, 0, -4,
    -7, 0, 0, -11, 0, -12, 0, -4,
    -4, 0, -14, 0, 0, -18, -5, -4,
    -4, 0, -6, 0, 0, 0, 0, 0,
    -1, 0, 0, 0, 0, 0, 0, 0,
    0, 0, -11, 0, 0, -12, 0, 0,
    0, -7, 0, 0, 0, -5, 0, -12,
    0, -4, -4, 0, -14, 0, 0, 7,
    0, -6, -6, 0, 0, 0, 0, 0,
    0, 0, -1, 0, 0, 0, 0, 0,
    0, 0, 0, 7, -11, 0, -16, -2,
    -2, 0, 0, -4, -5, 0, -2, -11,
    0, -11, 0, -4, 0, 0, -12, 0,
    0, -28, -5, -3, -3, 2, -7, 0,
    0, 0, 0, 0, -3, 0, 0, 0,
    0, 0, 0, -1, 0, 2, -4, 0,
    4, -7, 0, 0, 0, -4, 4, 0,
    0, 0, 0, -12, 0, -4, -2, 4,
    -11, 0, 0, 2, 0, -4, -4, 0,
    0, 0, 0, 0, 0, 0, 0, 0,
    0, 0, 0, 0, 0, 0
};


/*Collect the kern class' data in one place*/
static const lv_font_fmt_txt_kern_classes_t kern_classes =
{
    .class_pair_values   = kern_class_values,
    .left_class_mapping  = kern_left_class_mapping,
    .right_class_mapping = kern_right_class_mapping,
    .left_class_cnt      = 43,
    .right_class_cnt     = 42,
};

/*--------------------
 *  ALL CUSTOM DATA
 *--------------------*/

#if LVGL_VERSION_MAJOR == 8
/*Store all the custom data of the font*/
static  lv_font_fmt_txt_glyph_cache_t cache;
#endif

#if LVGL_VERSION_MAJOR >= 8
static const lv_font_fmt_txt_dsc_t font_dsc = {
#else
static lv_font_fmt_txt_dsc_t font_dsc = {
#endif
    .glyph_bitmap = glyph_bitmap,
    .glyph_dsc = glyph_dsc,
    .cmaps = cmaps,
    .kern_dsc = &kern_classes,
    .kern_scale = 16,
    .cmap_num = 2,
    .bpp = 4,
    .kern_classes = 1,
    .bitmap_format = 0,
#if LVGL_VERSION_MAJOR == 8
    .cache = &cache
#endif
};



/*-----------------
 *  PUBLIC FONT
 *----------------*/

/*Initialize a public general font descriptor*/
#if LVGL_VERSION_MAJOR >= 8
const lv_font_t plex_bold_22 = {
#else
lv_font_t plex_bold_22 = {
#endif
    .get_glyph_dsc = lv_font_get_glyph_dsc_fmt_txt,    /*Function pointer to get glyph's data*/
    .get_glyph_bitmap = lv_font_get_bitmap_fmt_txt,    /*Function pointer to get glyph's bitmap*/
    .line_height = 24,          /*The maximum line height required by the font*/
    .base_line = 4,             /*Baseline measured from the bottom of the line*/
#if !(LVGL_VERSION_MAJOR == 6 && LVGL_VERSION_MINOR == 0)
    .subpx = LV_FONT_SUBPX_NONE,
#endif
#if LV_VERSION_CHECK(7, 4, 0) || LVGL_VERSION_MAJOR >= 8
    .underline_position = -1,
    .underline_thickness = 2,
#endif
    .dsc = &font_dsc,          /*The custom font data. Will be accessed by `get_glyph_bitmap/dsc` */
#if LV_VERSION_CHECK(8, 2, 0) || LVGL_VERSION_MAJOR >= 9
    .fallback = NULL,
#endif
    .user_data = NULL,
};



#endif /*#if PLEX_BOLD_22*/

