/*******************************************************************************
 * Size: 18 px
 * Bpp: 4
 * Opts: --bpp 4 --size 18 --font tools/fonts/ibmplexsans-bold.ttf -r 0x20-0x7F --font tools/fonts/symbols.woff -r 0xF001,0xF008,0xF00B,0xF00C,0xF00D,0xF011,0xF013,0xF015,0xF019,0xF01C,0xF021,0xF026,0xF027,0xF028,0xF03E,0xF048,0xF04B,0xF04C,0xF04D,0xF051,0xF052,0xF053,0xF054,0xF067,0xF068,0xF06E,0xF070,0xF071,0xF074,0xF077,0xF078,0xF079,0xF07B,0xF093,0xF095,0xF0C4,0xF0C5,0xF0C7,0xF0E7,0xF0EA,0xF0F3,0xF11C,0xF124,0xF158,0xF1EB,0xF240,0xF241,0xF242,0xF243,0xF244,0xF287,0xF293,0xF2ED,0xF304,0xF55A,0xF7C2,0xF8A2 --format lvgl --no-compress -o src/fonts/plex_medium_18.c
 ******************************************************************************/

#ifdef LV_LVGL_H_INCLUDE_SIMPLE
#include "lvgl.h"
#else
#include "lvgl/lvgl.h"
#endif

#ifndef PLEX_MEDIUM_18
#define PLEX_MEDIUM_18 1
#endif

#if PLEX_MEDIUM_18

/*-----------------
 *    BITMAPS
 *----------------*/

/*Store the image of the glyphs*/
static LV_ATTRIBUTE_LARGE_CONST const uint8_t glyph_bitmap[] = {
    /* U+0020 " " */

    /* U+0021 "!" */
    0x8f, 0xf4, 0x8f, 0xf4, 0x8f, 0xf4, 0x7f, 0xf4,
    0x5f, 0xf2, 0x3f, 0xf0, 0xf, 0xd0, 0xe, 0xa0,
    0xa, 0x70, 0x3, 0x20, 0x8f, 0xf4, 0xbf, 0xf7,
    0x5f, 0xe2,

    /* U+0022 "\"" */
    0xcf, 0x90, 0xbf, 0xac, 0xf9, 0xb, 0xfa, 0xcf,
    0x90, 0xbf, 0xac, 0xf9, 0xb, 0xfa, 0xcf, 0x90,
    0xbf, 0xac, 0xf9, 0xb, 0xfa, 0x1, 0x0, 0x1,
    0x0,

    /* U+0023 "#" */
    0x0, 0x7, 0xf3, 0x0, 0xed, 0x0, 0x0, 0x9,
    0xf0, 0x1, 0xfa, 0x0, 0x0, 0xc, 0xd0, 0x3,
    0xf7, 0x0, 0xf, 0xff, 0xff, 0xff, 0xff, 0xf2,
    0xa, 0xbf, 0xda, 0xae, 0xfb, 0xa1, 0x0, 0x4f,
    0x60, 0xb, 0xf0, 0x0, 0x0, 0x7f, 0x30, 0xe,
    0xc0, 0x0, 0x0, 0xaf, 0x10, 0xf, 0xa0, 0x0,
    0xcf, 0xff, 0xff, 0xff, 0xff, 0x60, 0x8a, 0xfe,
    0xaa, 0xdf, 0xca, 0x40, 0x1, 0xf9, 0x0, 0x8f,
    0x20, 0x0, 0x4, 0xf6, 0x0, 0xbf, 0x0, 0x0,
    0x7, 0xf4, 0x0, 0xdc, 0x0, 0x0,

    /* U+0024 "$" */
    0x0, 0x0, 0x0, 0x0, 0x0, 0x0, 0x0, 0x8,
    0xf8, 0x0, 0x0, 0x0, 0x0, 0x9f, 0xa1, 0x0,
    0x0, 0x9, 0xff, 0xff, 0xfa, 0x10, 0x9, 0xff,
    0xef, 0xff, 0xf8, 0x0, 0xef, 0xa4, 0xf5, 0x59,
    0x0, 0xf, 0xf8, 0x4f, 0x50, 0x0, 0x0, 0xcf,
    0xfb, 0xf5, 0x0, 0x0, 0x3, 0xef, 0xff, 0xfb,
    0x40, 0x0, 0x1, 0x7d, 0xff, 0xff, 0x50, 0x0,
    0x0, 0x4f, 0x9e, 0xfe, 0x0, 0x0, 0x4, 0xf5,
    0x7f, 0xf0, 0x8, 0xd3, 0x4f, 0x5b, 0xfd, 0x2,
    0xef, 0xff, 0xff, 0xff, 0x60, 0x2, 0xcf, 0xff,
    0xfe, 0x60, 0x0, 0x0, 0x19, 0xf9, 0x0, 0x0,
    0x0, 0x0, 0x8f, 0x80, 0x0, 0x0,

    /* U+0025 "%" */
    0x0, 0x9e, 0xfb, 0x20, 0x0, 0x6, 0xfe, 0x10,
    0x0, 0x9f, 0xb8, 0xfd, 0x0, 0x1, 0xff, 0x40,
    0x0, 0xf, 0xf3, 0xf, 0xf3, 0x0, 0xbf, 0xa0,
    0x0, 0x0, 0xff, 0x30, 0xef, 0x50, 0x6f, 0xe1,
    0x0, 0x0, 0xf, 0xf4, 0xf, 0xf3, 0x2f, 0xf4,
    0x0, 0x0, 0x0, 0x9f, 0xdb, 0xfd, 0xb, 0xf9,
    0x0, 0x0, 0x0, 0x0, 0x9e, 0xfb, 0x26, 0xfe,
    0x17, 0xdf, 0xc4, 0x0, 0x0, 0x0, 0x2, 0xff,
    0x45, 0xff, 0xaf, 0xf2, 0x0, 0x0, 0x0, 0xcf,
    0x90, 0xbf, 0x80, 0xcf, 0x70, 0x0, 0x0, 0x6f,
    0xe0, 0xc, 0xf7, 0xa, 0xf9, 0x0, 0x0, 0x2f,
    0xf4, 0x0, 0xbf, 0x70, 0xbf, 0x70, 0x0, 0xc,
    0xf9, 0x0, 0x5, 0xfd, 0x7f, 0xf2, 0x0, 0x7,
    0xfe, 0x0, 0x0, 0x7, 0xdf, 0xd4, 0x0,

    /* U+0026 "&" */
    0x0, 0x6, 0xcf, 0xea, 0x20, 0x0, 0x0, 0x7,
    0xff, 0xff, 0xfe, 0x10, 0x0, 0x0, 0xef, 0xc2,
    0x7f, 0xf5, 0x0, 0x0, 0xe, 0xfa, 0x3, 0xff,
    0x40, 0x0, 0x0, 0x8f, 0xf8, 0xdf, 0xc0, 0x0,
    0x0, 0x0, 0xdf, 0xff, 0xb0, 0x34, 0x41, 0x0,
    0x7f, 0xff, 0xf4, 0xb, 0xff, 0x50, 0x7f, 0xf9,
    0xef, 0xf3, 0xef, 0xf5, 0xe, 0xfc, 0x3, 0xff,
    0xff, 0xf1, 0x1, 0xff, 0xb0, 0x4, 0xff, 0xfa,
    0x0, 0xe, 0xff, 0x85, 0x6e, 0xff, 0xc0, 0x0,
    0x5f, 0xff, 0xff, 0xff, 0xff, 0xa0, 0x0, 0x4c,
    0xff, 0xe9, 0x2b, 0xff, 0x80,

    /* U+0027 "'" */
    0xcf, 0x9c, 0xf9, 0xcf, 0x9c, 0xf9, 0xcf, 0x9c,
    0xf9, 0x1, 0x0,

    /* U+0028 "(" */
    0x0, 0xa, 0xfd, 0x0, 0x6, 0xff, 0x20, 0x0,
    0xef, 0x70, 0x0, 0x6f, 0xf0, 0x0, 0xb, 0xfa,
    0x0, 0x0, 0xff, 0x60, 0x0, 0x2f, 0xf4, 0x0,
    0x4, 0xff, 0x30, 0x0, 0x4f, 0xf3, 0x0, 0x3,
    0xff, 0x30, 0x0, 0x2f, 0xf5, 0x0, 0x0, 0xef,
    0x70, 0x0, 0xa, 0xfb, 0x0, 0x0, 0x4f, 0xf1,
    0x0, 0x0, 0xcf, 0xa0, 0x0, 0x3, 0xff, 0x40,
    0x0, 0x6, 0xba, 0x0,

    /* U+0029 ")" */
    0xc, 0xfb, 0x0, 0x0, 0x1e, 0xf8, 0x0, 0x0,
    0x6f, 0xf1, 0x0, 0x0, 0xef, 0x80, 0x0, 0x9,
    0xfd, 0x0, 0x0, 0x5f, 0xf1, 0x0, 0x3, 0xff,
    0x30, 0x0, 0x2f, 0xf5, 0x0, 0x1, 0xff, 0x60,
    0x0, 0x2f, 0xf4, 0x0, 0x3, 0xff, 0x30, 0x0,
    0x6f, 0xf0, 0x0, 0xa, 0xfb, 0x0, 0x1, 0xff,
    0x60, 0x0, 0x8f, 0xe0, 0x0, 0x3f, 0xf5, 0x0,
    0x9, 0xb7, 0x0, 0x0,

    /* U+002A "*" */
    0x0, 0x0, 0xbf, 0x80, 0x0, 0x0, 0x0, 0xa,
    0xf7, 0x0, 0x0, 0x9, 0x40, 0xaf, 0x70, 0x57,
    0x2, 0xff, 0xdd, 0xfc, 0xef, 0xf0, 0x29, 0xef,
    0xff, 0xff, 0xd8, 0x10, 0x0, 0x7f, 0xff, 0x40,
    0x0, 0x0, 0x2e, 0xfc, 0xfd, 0x0, 0x0, 0xd,
    0xfb, 0xd, 0xfa, 0x0, 0x1, 0xcf, 0x20, 0x4f,
    0xa0, 0x0, 0x0, 0x30, 0x0, 0x30, 0x0,

    /* U+002B "+" */
    0x0, 0xc, 0xf8, 0x0, 0x0, 0x0, 0xcf, 0x80,
    0x0, 0x0, 0xc, 0xf8, 0x0, 0x2, 0x33, 0xcf,
    0xa3, 0x31, 0xcf, 0xff, 0xff, 0xff, 0x9c, 0xff,
    0xff, 0xff, 0xf9, 0x0, 0xc, 0xf8, 0x0, 0x0,
    0x0, 0xcf, 0x80, 0x0, 0x0, 0xc, 0xf8, 0x0,
    0x0, 0x0, 0x0, 0x0, 0x0,

    /* U+002C "," */
    0x4, 0xdb, 0x0, 0xcf, 0xf5, 0xa, 0xff, 0x50,
    0x1d, 0xf1, 0x2, 0xfa, 0x1, 0xdd, 0x10,

    /* U+002D "-" */
    0xa, 0xaa, 0xaa, 0x30, 0xff, 0xff, 0xf4, 0xf,
    0xff, 0xff, 0x40,

    /* U+002E "." */
    0x4, 0x20, 0x9f, 0xf3, 0xcf, 0xf5, 0x6f, 0xd1,

    /* U+002F "/" */
    0x0, 0x0, 0xb, 0xf7, 0x0, 0x0, 0x1f, 0xf1,
    0x0, 0x0, 0x6f, 0xc0, 0x0, 0x0, 0xbf, 0x70,
    0x0, 0x1, 0xff, 0x20, 0x0, 0x5, 0xfd, 0x0,
    0x0, 0xb, 0xf7, 0x0, 0x0, 0xf, 0xf2, 0x0,
    0x0, 0x5f, 0xd0, 0x0, 0x0, 0xaf, 0x80, 0x0,
    0x0, 0xff, 0x30, 0x0, 0x5, 0xfd, 0x0, 0x0,
    0xa, 0xf8, 0x0, 0x0, 0xf, 0xf3, 0x0, 0x0,
    0x4f, 0xe0, 0x0, 0x0, 0xaf, 0x90, 0x0, 0x0,
    0x68, 0x20, 0x0, 0x0,

    /* U+0030 "0" */
    0x0, 0x2a, 0xef, 0xd8, 0x0, 0x0, 0x2e, 0xff,
    0xff, 0xfc, 0x0, 0xa, 0xff, 0xa6, 0xcf, 0xf7,
    0x1, 0xff, 0xc0, 0x0, 0xff, 0xd0, 0x4f, 0xf8,
    0x0, 0xc, 0xff, 0x16, 0xff, 0x70, 0x0, 0xbf,
    0xf2, 0x6f, 0xf7, 0x0, 0xb, 0xff, 0x36, 0xff,
    0x70, 0x0, 0xbf, 0xf2, 0x4f, 0xf8, 0x0, 0xc,
    0xff, 0x11, 0xff, 0xc0, 0x0, 0xff, 0xd0, 0xa,
    0xff, 0xa6, 0xcf, 0xf7, 0x0, 0x2e, 0xff, 0xff,
    0xfc, 0x0, 0x0, 0x2a, 0xef, 0xe8, 0x0, 0x0,

    /* U+0031 "1" */
    0x0, 0xb, 0xff, 0xfc, 0x0, 0x0, 0x7, 0xff,
    0xff, 0xc0, 0x0, 0x3, 0xff, 0x8e, 0xfc, 0x0,
    0x1, 0xdf, 0xc0, 0xef, 0xc0, 0x0, 0x1c, 0xf2,
    0xe, 0xfc, 0x0, 0x0, 0x3, 0x0, 0xef, 0xc0,
    0x0, 0x0, 0x0, 0xe, 0xfc, 0x0, 0x0, 0x0,
    0x0, 0xef, 0xc0, 0x0, 0x0, 0x0, 0xe, 0xfc,
    0x0, 0x0, 0x0, 0x0, 0xef, 0xc0, 0x0, 0x1,
    0x44, 0x4f, 0xfd, 0x44, 0x10, 0x5f, 0xff, 0xff,
    0xff, 0xf7, 0x5, 0xff, 0xff, 0xff, 0xff, 0x70,

    /* U+0032 "2" */
    0x0, 0x2a, 0xef, 0xd8, 0x0, 0x3, 0xff, 0xff,
    0xff, 0xd0, 0xd, 0xff, 0x97, 0xef, 0xf6, 0x19,
    0xe6, 0x0, 0x5f, 0xfa, 0x0, 0x0, 0x0, 0x4f,
    0xf9, 0x0, 0x0, 0x0, 0xaf, 0xf4, 0x0, 0x0,
    0x7, 0xff, 0xb0, 0x0, 0x0, 0x8f, 0xfc, 0x0,
    0x0, 0xa, 0xff, 0xa0, 0x0, 0x1, 0xcf, 0xf7,
    0x0, 0x0, 0xd, 0xff, 0x95, 0x55, 0x55, 0xf,
    0xff, 0xff, 0xff, 0xfe, 0xf, 0xff, 0xff, 0xff,
    0xfe,

    /* U+0033 "3" */
    0x0, 0x6c, 0xef, 0xc7, 0x0, 0xa, 0xff, 0xff,
    0xff, 0xd0, 0x1d, 0xfb, 0x55, 0xef, 0xf5, 0x0,
    0x50, 0x0, 0x6f, 0xf6, 0x0, 0x0, 0x1, 0xbf,
    0xf2, 0x0, 0x7, 0xff, 0xfd, 0x50, 0x0, 0x7,
    0xff, 0xfc, 0x40, 0x0, 0x2, 0x57, 0xdf, 0xf3,
    0x0, 0x0, 0x0, 0x3f, 0xf9, 0x6, 0xa0, 0x0,
    0x3f, 0xfa, 0x7f, 0xfa, 0x55, 0xdf, 0xf7, 0x1d,
    0xff, 0xff, 0xff, 0xc0, 0x0, 0x7d, 0xff, 0xd7,
    0x0,

    /* U+0034 "4" */
    0x0, 0x0, 0xd, 0xff, 0xa0, 0x0, 0x0, 0x8,
    0xff, 0xfa, 0x0, 0x0, 0x2, 0xff, 0xff, 0xa0,
    0x0, 0x0, 0xcf, 0x8f, 0xfa, 0x0, 0x0, 0x6f,
    0xd0, 0xff, 0xa0, 0x0, 0x1e, 0xf4, 0xf, 0xfa,
    0x0, 0xa, 0xfa, 0x0, 0xff, 0xa0, 0x4, 0xfe,
    0x10, 0xf, 0xfa, 0x0, 0x7f, 0xff, 0xff, 0xff,
    0xff, 0x37, 0xff, 0xff, 0xff, 0xff, 0xf3, 0x12,
    0x22, 0x22, 0xff, 0xb2, 0x0, 0x0, 0x0, 0xf,
    0xfa, 0x0, 0x0, 0x0, 0x0, 0xff, 0xa0, 0x0,

    /* U+0035 "5" */
    0x5, 0xff, 0xff, 0xff, 0xf6, 0x0, 0x6f, 0xff,
    0xff, 0xff, 0x60, 0x7, 0xfc, 0x77, 0x77, 0x72,
    0x0, 0x8f, 0x90, 0x0, 0x0, 0x0, 0x9, 0xf8,
    0x5d, 0xfc, 0x40, 0x0, 0xaf, 0xaf, 0xff, 0xff,
    0x40, 0xb, 0xff, 0x74, 0xaf, 0xfd, 0x0, 0x1,
    0x10, 0x0, 0xdf, 0xf1, 0x0, 0x0, 0x0, 0xb,
    0xff, 0x10, 0x2d, 0x40, 0x0, 0xef, 0xf0, 0xe,
    0xfe, 0x75, 0xaf, 0xfa, 0x0, 0x6f, 0xff, 0xff,
    0xfe, 0x10, 0x0, 0x3b, 0xef, 0xd9, 0x10, 0x0,

    /* U+0036 "6" */
    0x0, 0x0, 0x6f, 0xfe, 0x50, 0x0, 0x0, 0x7f,
    0xfc, 0x10, 0x0, 0x0, 0x4f, 0xfb, 0x0, 0x0,
    0x0, 0xe, 0xfc, 0x0, 0x0, 0x0, 0x6, 0xff,
    0x6c, 0xfd, 0x40, 0x0, 0xdf, 0xde, 0xff, 0xff,
    0x50, 0x1f, 0xff, 0x62, 0x7f, 0xfd, 0x3, 0xff,
    0xb0, 0x0, 0xcf, 0xf1, 0x3f, 0xf9, 0x0, 0xa,
    0xff, 0x21, 0xff, 0xb0, 0x0, 0xcf, 0xf0, 0xb,
    0xff, 0x73, 0x7f, 0xfa, 0x0, 0x2e, 0xff, 0xff,
    0xfe, 0x10, 0x0, 0x2a, 0xef, 0xe9, 0x10, 0x0,

    /* U+0037 "7" */
    0xf, 0xff, 0xff, 0xff, 0xfe, 0xf, 0xff, 0xff,
    0xff, 0xfe, 0xf, 0xf7, 0x44, 0x4f, 0xfc, 0xf,
    0xf4, 0x0, 0x4f, 0xf7, 0xa, 0xa2, 0x0, 0xaf,
    0xf1, 0x0, 0x0, 0x1, 0xff, 0xb0, 0x0, 0x0,
    0x7, 0xff, 0x50, 0x0, 0x0, 0xd, 0xfe, 0x0,
    0x0, 0x0, 0x3f, 0xf8, 0x0, 0x0, 0x0, 0xaf,
    0xf2, 0x0, 0x0, 0x1, 0xff, 0xc0, 0x0, 0x0,
    0x6, 0xff, 0x60, 0x0, 0x0, 0xd, 0xff, 0x0,
    0x0,

    /* U+0038 "8" */
    0x0, 0x4b, 0xef, 0xda, 0x30, 0x0, 0x5f, 0xff,
    0xff, 0xff, 0x30, 0xc, 0xff, 0x52, 0x6f, 0xf9,
    0x0, 0xdf, 0xa0, 0x0, 0xef, 0xa0, 0x8, 0xfe,
    0x20, 0x4f, 0xf4, 0x0, 0x7, 0xff, 0xff, 0xe4,
    0x0, 0x2, 0xbf, 0xff, 0xff, 0xa0, 0x0, 0xdf,
    0xe4, 0x16, 0xff, 0xa0, 0x2f, 0xf9, 0x0, 0xc,
    0xff, 0x3, 0xff, 0x90, 0x0, 0xdf, 0xf0, 0xf,
    0xff, 0x52, 0x7f, 0xfc, 0x0, 0x6f, 0xff, 0xff,
    0xff, 0x30, 0x0, 0x4b, 0xef, 0xea, 0x20, 0x0,

    /* U+0039 "9" */
    0x0, 0x3b, 0xef, 0xd8, 0x0, 0x0, 0x5f, 0xff,
    0xff, 0xfc, 0x0, 0xf, 0xfe, 0x53, 0x8f, 0xf7,
    0x4, 0xff, 0x80, 0x0, 0xdf, 0xd0, 0x5f, 0xf7,
    0x0, 0xd, 0xff, 0x3, 0xff, 0xd2, 0x5, 0xff,
    0xf0, 0xb, 0xff, 0xff, 0xde, 0xfe, 0x0, 0x1a,
    0xff, 0xd6, 0xff, 0xa0, 0x0, 0x0, 0x10, 0xbf,
    0xf3, 0x0, 0x0, 0x0, 0x6f, 0xfb, 0x0, 0x0,
    0x0, 0x5f, 0xfe, 0x20, 0x0, 0x0, 0x5f, 0xff,
    0x40, 0x0, 0x0, 0x8f, 0xfe, 0x40, 0x0, 0x0,

    /* U+003A ":" */
    0x4e, 0xe3, 0x9f, 0xf8, 0x7f, 0xf5, 0x4, 0x30,
    0x0, 0x0, 0x0, 0x0, 0x4, 0x30, 0x7f, 0xf5,
    0x9f, 0xf8, 0x4e, 0xe3,

    /* U+003B ";" */
    0x4, 0xee, 0x30, 0x9f, 0xf8, 0x7, 0xff, 0x50,
    0x4, 0x30, 0x0, 0x0, 0x0, 0x0, 0x0, 0x0,
    0x0, 0x0, 0x4e, 0xe3, 0x9, 0xff, 0x80, 0x6f,
    0xf7, 0x0, 0xaf, 0x30, 0x1f, 0xc0, 0xa, 0xc1,
    0x0,

    /* U+003C "<" */
    0x0, 0x0, 0x0, 0x0, 0x0, 0x0, 0x0, 0x4d,
    0x0, 0x0, 0x9, 0xff, 0x0, 0x3, 0xdf, 0xfc,
    0x0, 0x8f, 0xff, 0x70, 0x1d, 0xff, 0xc2, 0x0,
    0x2f, 0xfe, 0x10, 0x0, 0xa, 0xff, 0xe5, 0x0,
    0x0, 0x5e, 0xff, 0xb1, 0x0, 0x1, 0xaf, 0xfe,
    0x0, 0x0, 0x5, 0xef, 0x0, 0x0, 0x0, 0x1a,
    0x0, 0x0, 0x0, 0x0,

    /* U+003D "=" */
    0x23, 0x33, 0x33, 0x33, 0x1c, 0xff, 0xff, 0xff,
    0xf9, 0xcf, 0xff, 0xff, 0xff, 0x90, 0x0, 0x0,
    0x0, 0x0, 0x23, 0x33, 0x33, 0x33, 0x1c, 0xff,
    0xff, 0xff, 0xf9, 0xcf, 0xff, 0xff, 0xff, 0x90,

    /* U+003E ">" */
    0x0, 0x0, 0x0, 0x0, 0x2c, 0x20, 0x0, 0x0,
    0x2f, 0xf7, 0x0, 0x0, 0x1e, 0xff, 0xc2, 0x0,
    0x0, 0x9f, 0xff, 0x60, 0x0, 0x4, 0xdf, 0xfb,
    0x0, 0x0, 0x3f, 0xff, 0x0, 0x7, 0xff, 0xf7,
    0x2, 0xcf, 0xfd, 0x30, 0x1f, 0xff, 0x80, 0x0,
    0x2f, 0xd3, 0x0, 0x0, 0x29, 0x0, 0x0, 0x0,
    0x0, 0x0, 0x0, 0x0,

    /* U+003F "?" */
    0x1, 0x9e, 0xfd, 0x60, 0x1, 0xdf, 0xff, 0xff,
    0xb0, 0x8f, 0xf8, 0x6d, 0xff, 0x41, 0x88, 0x0,
    0x5f, 0xf7, 0x0, 0x0, 0x6, 0xff, 0x60, 0x0,
    0x4, 0xdf, 0xf1, 0x0, 0x2f, 0xff, 0xf5, 0x0,
    0x2, 0xff, 0x91, 0x0, 0x0, 0x2d, 0xd4, 0x0,
    0x0, 0x0, 0x23, 0x0, 0x0, 0x0, 0x4f, 0xf8,
    0x0, 0x0, 0x7, 0xff, 0xb0, 0x0, 0x0, 0x2d,
    0xf5, 0x0, 0x0,

    /* U+0040 "@" */
    0x0, 0x0, 0x7c, 0xef, 0xea, 0x50, 0x0, 0x0,
    0x3, 0xef, 0xea, 0xab, 0xff, 0xc1, 0x0, 0x2,
    0xfe, 0x50, 0x0, 0x0, 0x8f, 0xc0, 0x0, 0xdf,
    0x20, 0x0, 0x0, 0x0, 0x7f, 0x70, 0x4f, 0x70,
    0x2b, 0xfa, 0x9f, 0x60, 0xed, 0x9, 0xf1, 0xc,
    0xfe, 0xce, 0xf6, 0x9, 0xf1, 0xcd, 0x2, 0xfe,
    0x0, 0xbf, 0x60, 0x7f, 0x3e, 0xc0, 0x4f, 0xc0,
    0x9, 0xf6, 0x7, 0xf2, 0xdc, 0x3, 0xfc, 0x0,
    0x9f, 0x60, 0x9f, 0xc, 0xe0, 0x1f, 0xf3, 0x1d,
    0xf9, 0x2e, 0xb0, 0x8f, 0x20, 0x9f, 0xff, 0x7f,
    0xff, 0xf3, 0x3, 0xf9, 0x0, 0x69, 0x50, 0x49,
    0x82, 0x0, 0xb, 0xf6, 0x0, 0x0, 0x0, 0x0,
    0x0, 0x0, 0x1d, 0xfa, 0x41, 0x0, 0x0, 0x0,
    0x0, 0x0, 0x1a, 0xff, 0xff, 0xff, 0xf1, 0x0,
    0x0, 0x0, 0x2, 0x69, 0xaa, 0xaa, 0x0, 0x0,

    /* U+0041 "A" */
    0x0, 0x0, 0xaf, 0xff, 0x10, 0x0, 0x0, 0x0,
    0xff, 0xff, 0x50, 0x0, 0x0, 0x4, 0xff, 0xff,
    0xa0, 0x0, 0x0, 0x9, 0xfd, 0x9f, 0xf0, 0x0,
    0x0, 0xe, 0xf8, 0x5f, 0xf4, 0x0, 0x0, 0x4f,
    0xf4, 0xf, 0xf9, 0x0, 0x0, 0x9f, 0xf0, 0xc,
    0xfe, 0x0, 0x0, 0xef, 0xd6, 0x6b, 0xff, 0x30,
    0x3, 0xff, 0xff, 0xff, 0xff, 0x80, 0x8, 0xff,
    0xff, 0xff, 0xff, 0xd0, 0xd, 0xfe, 0x0, 0x0,
    0xaf, 0xf2, 0x2f, 0xf9, 0x0, 0x0, 0x5f, 0xf7,
    0x7f, 0xf4, 0x0, 0x0, 0xf, 0xfc,

    /* U+0042 "B" */
    0x9f, 0xff, 0xff, 0xfd, 0x60, 0x9, 0xff, 0xff,
    0xff, 0xff, 0x50, 0x9f, 0xf7, 0x66, 0x9f, 0xfa,
    0x9, 0xff, 0x20, 0x0, 0xff, 0xb0, 0x9f, 0xf2,
    0x0, 0x4f, 0xf7, 0x9, 0xff, 0xff, 0xff, 0xe8,
    0x0, 0x9f, 0xff, 0xff, 0xff, 0xc2, 0x9, 0xff,
    0x65, 0x56, 0xef, 0xd0, 0x9f, 0xf2, 0x0, 0x9,
    0xff, 0x39, 0xff, 0x20, 0x0, 0x9f, 0xf3, 0x9f,
    0xf7, 0x66, 0x7e, 0xff, 0x9, 0xff, 0xff, 0xff,
    0xff, 0x80, 0x9f, 0xff, 0xff, 0xff, 0x80, 0x0,

    /* U+0043 "C" */
    0x0, 0x3, 0xae, 0xfe, 0x92, 0x0, 0x0, 0x5f,
    0xff, 0xff, 0xfe, 0x30, 0x2, 0xff, 0xfb, 0x8b,
    0xff, 0xd0, 0x9, 0xff, 0x60, 0x0, 0x9d, 0x50,
    0xd, 0xff, 0x0, 0x0, 0x0, 0x0, 0xf, 0xfd,
    0x0, 0x0, 0x0, 0x0, 0x1f, 0xfc, 0x0, 0x0,
    0x0, 0x0, 0xf, 0xfd, 0x0, 0x0, 0x0, 0x0,
    0xe, 0xfe, 0x0, 0x0, 0x1, 0x0, 0xa, 0xff,
    0x60, 0x0, 0x8f, 0x70, 0x3, 0xff, 0xfb, 0x8c,
    0xff, 0xd0, 0x0, 0x7f, 0xff, 0xff, 0xfe, 0x20,
    0x0, 0x4, 0xbe, 0xfd, 0x91, 0x0,

    /* U+0044 "D" */
    0x9f, 0xff, 0xff, 0xd8, 0x0, 0x9, 0xff, 0xff,
    0xff, 0xfd, 0x10, 0x9f, 0xf9, 0x89, 0xdf, 0xfb,
    0x9, 0xff, 0x20, 0x0, 0xcf, 0xf2, 0x9f, 0xf2,
    0x0, 0x6, 0xff, 0x69, 0xff, 0x20, 0x0, 0x4f,
    0xf9, 0x9f, 0xf2, 0x0, 0x4, 0xff, 0x99, 0xff,
    0x20, 0x0, 0x4f, 0xf9, 0x9f, 0xf2, 0x0, 0x6,
    0xff, 0x69, 0xff, 0x20, 0x0, 0xcf, 0xf2, 0x9f,
    0xf9, 0x89, 0xdf, 0xfb, 0x9, 0xff, 0xff, 0xff,
    0xfd, 0x10, 0x9f, 0xff, 0xff, 0xd8, 0x0, 0x0,

    /* U+0045 "E" */
    0x9f, 0xff, 0xff, 0xff, 0xf9, 0xff, 0xff, 0xff,
    0xff, 0x9f, 0xf9, 0x88, 0x88, 0x79, 0xff, 0x20,
    0x0, 0x0, 0x9f, 0xf2, 0x0, 0x0, 0x9, 0xff,
    0xff, 0xff, 0xf1, 0x9f, 0xff, 0xff, 0xff, 0x19,
    0xff, 0x87, 0x77, 0x70, 0x9f, 0xf2, 0x0, 0x0,
    0x9, 0xff, 0x20, 0x0, 0x0, 0x9f, 0xf9, 0x88,
    0x88, 0x79, 0xff, 0xff, 0xff, 0xff, 0x9f, 0xff,
    0xff, 0xff, 0xf0,

    /* U+0046 "F" */
    0x9f, 0xff, 0xff, 0xff, 0xb9, 0xff, 0xff, 0xff,
    0xfb, 0x9f, 0xf9, 0x88, 0x88, 0x59, 0xff, 0x20,
    0x0, 0x0, 0x9f, 0xf2, 0x0, 0x0, 0x9, 0xff,
    0xff, 0xff, 0xe0, 0x9f, 0xff, 0xff, 0xfe, 0x9,
    0xff, 0x87, 0x77, 0x60, 0x9f, 0xf2, 0x0, 0x0,
    0x9, 0xff, 0x20, 0x0, 0x0, 0x9f, 0xf2, 0x0,
    0x0, 0x9, 0xff, 0x20, 0x0, 0x0, 0x9f, 0xf2,
    0x0, 0x0, 0x0,

    /* U+0047 "G" */
    0x0, 0x2, 0x9e, 0xfe, 0xa3, 0x0, 0x0, 0x5f,
    0xff, 0xff, 0xff, 0x60, 0x2, 0xff, 0xfb, 0x8a,
    0xff, 0xf2, 0x9, 0xff, 0x60, 0x0, 0x4e, 0x70,
    0xd, 0xff, 0x0, 0x0, 0x0, 0x0, 0xf, 0xfd,
    0x0, 0x15, 0x55, 0x53, 0x1f, 0xfc, 0x0, 0x4f,
    0xff, 0xfa, 0xf, 0xfd, 0x0, 0x4f, 0xff, 0xfa,
    0xe, 0xff, 0x0, 0x0, 0xf, 0xfa, 0xa, 0xff,
    0x60, 0x0, 0x4f, 0xfa, 0x3, 0xff, 0xfb, 0x8a,
    0xff, 0xfa, 0x0, 0x7f, 0xff, 0xff, 0xea, 0xfa,
    0x0, 0x4, 0xbf, 0xfb, 0x2a, 0xfa,

    /* U+0048 "H" */
    0x9f, 0xf2, 0x0, 0x1, 0xff, 0xa9, 0xff, 0x20,
    0x0, 0x1f, 0xfa, 0x9f, 0xf2, 0x0, 0x1, 0xff,
    0xa9, 0xff, 0x20, 0x0, 0x1f, 0xfa, 0x9f, 0xf2,
    0x0, 0x1, 0xff, 0xa9, 0xff, 0xff, 0xff, 0xff,
    0xfa, 0x9f, 0xff, 0xff, 0xff, 0xff, 0xa9, 0xff,
    0x87, 0x77, 0x8f, 0xfa, 0x9f, 0xf2, 0x0, 0x1,
    0xff, 0xa9, 0xff, 0x20, 0x0, 0x1f, 0xfa, 0x9f,
    0xf2, 0x0, 0x1, 0xff, 0xa9, 0xff, 0x20, 0x0,
    0x1f, 0xfa, 0x9f, 0xf2, 0x0, 0x1, 0xff, 0xa0,

    /* U+0049 "I" */
    0x1f, 0xff, 0xff, 0xe1, 0xff, 0xff, 0xfe, 0x4,
    0x9f, 0xf7, 0x30, 0x7, 0xff, 0x40, 0x0, 0x7f,
    0xf4, 0x0, 0x7, 0xff, 0x40, 0x0, 0x7f, 0xf4,
    0x0, 0x7, 0xff, 0x40, 0x0, 0x7f, 0xf4, 0x0,
    0x7, 0xff, 0x40, 0x4, 0x9f, 0xf7, 0x31, 0xff,
    0xff, 0xfe, 0x1f, 0xff, 0xff, 0xe0,

    /* U+004A "J" */
    0x0, 0xcf, 0xff, 0xff, 0xc0, 0xc, 0xff, 0xff,
    0xfc, 0x0, 0x34, 0x44, 0xff, 0xc0, 0x0, 0x0,
    0xf, 0xfc, 0x0, 0x0, 0x0, 0xff, 0xc0, 0x0,
    0x0, 0xf, 0xfc, 0x0, 0x0, 0x0, 0xff, 0xc0,
    0x0, 0x0, 0xf, 0xfc, 0x0, 0x0, 0x0, 0xff,
    0xc4, 0xdf, 0x30, 0x1f, 0xfb, 0x3f, 0xfd, 0x8c,
    0xff, 0x80, 0xaf, 0xff, 0xff, 0xe1, 0x0, 0x7d,
    0xfe, 0x91, 0x0,

    /* U+004B "K" */
    0x9f, 0xf2, 0x0, 0x8, 0xff, 0x80, 0x9f, 0xf2,
    0x0, 0x5f, 0xfb, 0x0, 0x9f, 0xf2, 0x2, 0xff,
    0xe1, 0x0, 0x9f, 0xf2, 0xd, 0xff, 0x30, 0x0,
    0x9f, 0xf2, 0x9f, 0xf5, 0x0, 0x0, 0x9f, 0xf6,
    0xff, 0xd0, 0x0, 0x0, 0x9f, 0xff, 0xff, 0xf6,
    0x0, 0x0, 0x9f, 0xff, 0xbf, 0xfe, 0x10, 0x0,
    0x9f, 0xfc, 0x8, 0xff, 0x90, 0x0, 0x9f, 0xf2,
    0x0, 0xef, 0xf3, 0x0, 0x9f, 0xf2, 0x0, 0x6f,
    0xfc, 0x0, 0x9f, 0xf2, 0x0, 0xc, 0xff, 0x60,
    0x9f, 0xf2, 0x0, 0x3, 0xff, 0xe1,

    /* U+004C "L" */
    0x9f, 0xf2, 0x0, 0x0, 0x9f, 0xf2, 0x0, 0x0,
    0x9f, 0xf2, 0x0, 0x0, 0x9f, 0xf2, 0x0, 0x0,
    0x9f, 0xf2, 0x0, 0x0, 0x9f, 0xf2, 0x0, 0x0,
    0x9f, 0xf2, 0x0, 0x0, 0x9f, 0xf2, 0x0, 0x0,
    0x9f, 0xf2, 0x0, 0x0, 0x9f, 0xf2, 0x0, 0x0,
    0x9f, 0xf9, 0x88, 0x87, 0x9f, 0xff, 0xff, 0xfe,
    0x9f, 0xff, 0xff, 0xfe,

    /* U+004D "M" */
    0x9f, 0xf8, 0x0, 0x0, 0xc, 0xff, 0x59, 0xff,
    0xf1, 0x0, 0x5, 0xff, 0xf5, 0x9f, 0xff, 0x80,
    0x0, 0xcf, 0xff, 0x59, 0xff, 0xff, 0x10, 0x5f,
    0xff, 0xf5, 0x9f, 0xfe, 0xf8, 0xc, 0xfe, 0xff,
    0x59, 0xff, 0x7f, 0xf6, 0xff, 0x7f, 0xf5, 0x9f,
    0xf0, 0xef, 0xff, 0xb3, 0xff, 0x59, 0xff, 0x7,
    0xff, 0xf3, 0x3f, 0xf5, 0x9f, 0xf0, 0xe, 0xfa,
    0x3, 0xff, 0x59, 0xff, 0x0, 0x6f, 0x20, 0x3f,
    0xf5, 0x9f, 0xf0, 0x0, 0x70, 0x3, 0xff, 0x59,
    0xff, 0x0, 0x0, 0x0, 0x3f, 0xf5, 0x9f, 0xf0,
    0x0, 0x0, 0x3, 0xff, 0x50,

    /* U+004E "N" */
    0x9f, 0xfa, 0x0, 0x0, 0xef, 0xa9, 0xff, 0xf3,
    0x0, 0xe, 0xfa, 0x9f, 0xff, 0xc0, 0x0, 0xef,
    0xa9, 0xff, 0xff, 0x50, 0xe, 0xfa, 0x9f, 0xfd,
    0xfd, 0x0, 0xef, 0xa9, 0xff, 0x6f, 0xf7, 0xe,
    0xfa, 0x9f, 0xf0, 0xef, 0xe0, 0xef, 0xa9, 0xff,
    0x6, 0xff, 0x6e, 0xfa, 0x9f, 0xf0, 0xd, 0xfe,
    0xff, 0xa9, 0xff, 0x0, 0x4f, 0xff, 0xfa, 0x9f,
    0xf0, 0x0, 0xbf, 0xff, 0xa9, 0xff, 0x0, 0x3,
    0xff, 0xfa, 0x9f, 0xf0, 0x0, 0xa, 0xff, 0xa0,

    /* U+004F "O" */
    0x0, 0x3, 0xae, 0xfe, 0x92, 0x0, 0x0, 0x6f,
    0xff, 0xff, 0xff, 0x40, 0x2, 0xff, 0xfb, 0x9c,
    0xff, 0xe1, 0x9, 0xff, 0x60, 0x0, 0x9f, 0xf7,
    0xe, 0xff, 0x0, 0x0, 0x1f, 0xfb, 0xf, 0xfd,
    0x0, 0x0, 0xf, 0xfe, 0x1f, 0xfc, 0x0, 0x0,
    0xf, 0xfe, 0xf, 0xfd, 0x0, 0x0, 0xf, 0xfe,
    0xe, 0xff, 0x0, 0x0, 0x1f, 0xfb, 0x9, 0xff,
    0x60, 0x0, 0x9f, 0xf7, 0x2, 0xff, 0xfb, 0x8c,
    0xff, 0xe1, 0x0, 0x6f, 0xff, 0xff, 0xff, 0x40,
    0x0, 0x3, 0xbe, 0xfe, 0xa2, 0x0,

    /* U+0050 "P" */
    0x9f, 0xff, 0xff, 0xfc, 0x40, 0x9, 0xff, 0xff,
    0xff, 0xff, 0x40, 0x9f, 0xf8, 0x77, 0x9f, 0xfd,
    0x9, 0xff, 0x20, 0x0, 0xbf, 0xf1, 0x9f, 0xf2,
    0x0, 0xb, 0xff, 0x19, 0xff, 0x20, 0x2, 0xef,
    0xf0, 0x9f, 0xff, 0xff, 0xff, 0xf8, 0x9, 0xff,
    0xff, 0xff, 0xfb, 0x0, 0x9f, 0xf8, 0x77, 0x64,
    0x0, 0x9, 0xff, 0x20, 0x0, 0x0, 0x0, 0x9f,
    0xf2, 0x0, 0x0, 0x0, 0x9, 0xff, 0x20, 0x0,
    0x0, 0x0, 0x9f, 0xf2, 0x0, 0x0, 0x0, 0x0,

    /* U+0051 "Q" */
    0x0, 0x3, 0xae, 0xfe, 0x92, 0x0, 0x0, 0x5f,
    0xff, 0xff, 0xff, 0x30, 0x1, 0xff, 0xfb, 0x9c,
    0xff, 0xe0, 0x8, 0xff, 0x70, 0x0, 0xaf, 0xf6,
    0xd, 0xff, 0x0, 0x0, 0x2f, 0xfa, 0xf, 0xfd,
    0x0, 0x0, 0xf, 0xfd, 0x1f, 0xfc, 0x0, 0x0,
    0xf, 0xfe, 0x1f, 0xfc, 0x0, 0x0, 0xf, 0xfe,
    0xf, 0xfd, 0x0, 0x0, 0xf, 0xfd, 0xc, 0xff,
    0x10, 0x0, 0x4f, 0xfa, 0x7, 0xff, 0xb0, 0x1,
    0xdf, 0xf5, 0x0, 0xef, 0xff, 0xef, 0xff, 0xc0,
    0x0, 0x2e, 0xff, 0xff, 0xfd, 0x10, 0x0, 0x0,
    0x7e, 0xfe, 0x60, 0x0, 0x0, 0x0, 0xa, 0xfe,
    0x53, 0x0, 0x0, 0x0, 0x7, 0xff, 0xfc, 0x0,
    0x0, 0x0, 0x0, 0xae, 0xfc, 0x0,

    /* U+0052 "R" */
    0x9f, 0xff, 0xff, 0xfc, 0x50, 0x9, 0xff, 0xff,
    0xff, 0xff, 0x40, 0x9f, 0xf8, 0x77, 0x9f, 0xfd,
    0x9, 0xff, 0x20, 0x0, 0xbf, 0xf1, 0x9f, 0xf2,
    0x0, 0xb, 0xff, 0x19, 0xff, 0x20, 0x2, 0xef,
    0xf0, 0x9f, 0xff, 0xff, 0xff, 0xf9, 0x9, 0xff,
    0xff, 0xff, 0xfa, 0x0, 0x9f, 0xf7, 0x6d, 0xff,
    0x10, 0x9, 0xff, 0x20, 0x6f, 0xf9, 0x0, 0x9f,
    0xf2, 0x0, 0xef, 0xf1, 0x9, 0xff, 0x20, 0x6,
    0xff, 0x90, 0x9f, 0xf2, 0x0, 0xe, 0xff, 0x10,

    /* U+0053 "S" */
    0x0, 0x18, 0xdf, 0xec, 0x60, 0x0, 0x2e, 0xff,
    0xff, 0xff, 0xb0, 0xb, 0xff, 0xb8, 0x9e, 0xf7,
    0x0, 0xef, 0xd0, 0x0, 0x16, 0x0, 0xd, 0xff,
    0x30, 0x0, 0x0, 0x0, 0x8f, 0xff, 0xeb, 0x82,
    0x0, 0x0, 0xbf, 0xff, 0xff, 0xf6, 0x0, 0x0,
    0x37, 0x9c, 0xff, 0xf1, 0x0, 0x0, 0x0, 0x8,
    0xff, 0x40, 0x1a, 0x10, 0x0, 0x8f, 0xf4, 0x1d,
    0xff, 0xa8, 0xaf, 0xff, 0x10, 0xaf, 0xff, 0xff,
    0xff, 0x60, 0x0, 0x5b, 0xef, 0xeb, 0x40, 0x0,

    /* U+0054 "T" */
    0x8f, 0xff, 0xff, 0xff, 0xff, 0x8, 0xff, 0xff,
    0xff, 0xff, 0xf0, 0x48, 0x88, 0xff, 0xd8, 0x88,
    0x0, 0x0, 0x1f, 0xfa, 0x0, 0x0, 0x0, 0x1,
    0xff, 0xa0, 0x0, 0x0, 0x0, 0x1f, 0xfa, 0x0,
    0x0, 0x0, 0x1, 0xff, 0xa0, 0x0, 0x0, 0x0,
    0x1f, 0xfa, 0x0, 0x0, 0x0, 0x1, 0xff, 0xa0,
    0x0, 0x0, 0x0, 0x1f, 0xfa, 0x0, 0x0, 0x0,
    0x1, 0xff, 0xa0, 0x0, 0x0, 0x0, 0x1f, 0xfa,
    0x0, 0x0, 0x0, 0x1, 0xff, 0xa0, 0x0, 0x0,

    /* U+0055 "U" */
    0xbf, 0xf0, 0x0, 0x7, 0xff, 0x2b, 0xff, 0x0,
    0x0, 0x7f, 0xf2, 0xbf, 0xf0, 0x0, 0x7, 0xff,
    0x2b, 0xff, 0x0, 0x0, 0x7f, 0xf2, 0xbf, 0xf0,
    0x0, 0x7, 0xff, 0x2b, 0xff, 0x0, 0x0, 0x7f,
    0xf2, 0xbf, 0xf0, 0x0, 0x7, 0xff, 0x2a, 0xff,
    0x0, 0x0, 0x7f, 0xf2, 0xaf, 0xf0, 0x0, 0x9,
    0xff, 0x18, 0xff, 0x50, 0x0, 0xdf, 0xf0, 0x3f,
    0xff, 0xa9, 0xdf, 0xfb, 0x0, 0xaf, 0xff, 0xff,
    0xff, 0x30, 0x0, 0x7c, 0xff, 0xea, 0x30, 0x0,

    /* U+0056 "V" */
    0x9f, 0xf2, 0x0, 0x0, 0x6f, 0xf4, 0x4f, 0xf7,
    0x0, 0x0, 0xaf, 0xf0, 0xf, 0xfc, 0x0, 0x0,
    0xff, 0xa0, 0xa, 0xff, 0x10, 0x4, 0xff, 0x50,
    0x5, 0xff, 0x50, 0x9, 0xff, 0x0, 0x0, 0xff,
    0xa0, 0xe, 0xfb, 0x0, 0x0, 0xbf, 0xf0, 0x2f,
    0xf6, 0x0, 0x0, 0x6f, 0xf3, 0x6f, 0xf1, 0x0,
    0x0, 0x1f, 0xf7, 0xaf, 0xc0, 0x0, 0x0, 0xc,
    0xfb, 0xef, 0x70, 0x0, 0x0, 0x7, 0xff, 0xff,
    0x20, 0x0, 0x0, 0x2, 0xff, 0xfd, 0x0, 0x0,
    0x0, 0x0, 0xdf, 0xf8, 0x0, 0x0,

    /* U+0057 "W" */
    0x6f, 0xf4, 0x0, 0xc, 0xff, 0x60, 0x0, 0xbf,
    0xd2, 0xff, 0x80, 0x0, 0xff, 0xfa, 0x0, 0xe,
    0xfa, 0xe, 0xfb, 0x0, 0x3f, 0xff, 0xd0, 0x1,
    0xff, 0x60, 0xbf, 0xe0, 0x7, 0xfc, 0xff, 0x10,
    0x4f, 0xf3, 0x8, 0xff, 0x10, 0xbf, 0x6e, 0xf4,
    0x7, 0xff, 0x0, 0x4f, 0xf4, 0xe, 0xf2, 0xbf,
    0x80, 0xaf, 0xc0, 0x1, 0xff, 0x72, 0xff, 0x8,
    0xfc, 0xd, 0xf8, 0x0, 0xd, 0xfa, 0x5f, 0xb0,
    0x4f, 0xf0, 0xff, 0x40, 0x0, 0xaf, 0xd9, 0xf8,
    0x0, 0xff, 0x6f, 0xf1, 0x0, 0x6, 0xff, 0xdf,
    0x40, 0xd, 0xfc, 0xfd, 0x0, 0x0, 0x3f, 0xff,
    0xf1, 0x0, 0x9f, 0xff, 0xa0, 0x0, 0x0, 0xff,
    0xfd, 0x0, 0x5, 0xff, 0xf6, 0x0, 0x0, 0xc,
    0xff, 0x90, 0x0, 0x2f, 0xff, 0x30, 0x0,

    /* U+0058 "X" */
    0x3f, 0xfe, 0x0, 0x0, 0xaf, 0xf4, 0x9, 0xff,
    0x80, 0x3, 0xff, 0xb0, 0x1, 0xef, 0xf1, 0xc,
    0xff, 0x10, 0x0, 0x6f, 0xfa, 0x5f, 0xf7, 0x0,
    0x0, 0xc, 0xff, 0xef, 0xd0, 0x0, 0x0, 0x2,
    0xff, 0xff, 0x30, 0x0, 0x0, 0x0, 0xdf, 0xfe,
    0x0, 0x0, 0x0, 0x6, 0xff, 0xff, 0x70, 0x0,
    0x0, 0x1e, 0xfb, 0xdf, 0xf1, 0x0, 0x0, 0x9f,
    0xf2, 0x5f, 0xfa, 0x0, 0x3, 0xff, 0x90, 0xc,
    0xff, 0x40, 0xc, 0xff, 0x10, 0x3, 0xff, 0xd0,
    0x6f, 0xf8, 0x0, 0x0, 0xaf, 0xf8,

    /* U+0059 "Y" */
    0x9f, 0xf7, 0x0, 0x0, 0xbf, 0xf3, 0x1f, 0xfe,
    0x10, 0x3, 0xff, 0xb0, 0x7, 0xff, 0x80, 0xb,
    0xff, 0x20, 0x0, 0xef, 0xf1, 0x3f, 0xf9, 0x0,
    0x0, 0x6f, 0xf9, 0xbf, 0xf1, 0x0, 0x0, 0xd,
    0xff, 0xff, 0x80, 0x0, 0x0, 0x4, 0xff, 0xfe,
    0x0, 0x0, 0x0, 0x0, 0xcf, 0xf6, 0x0, 0x0,
    0x0, 0x0, 0x8f, 0xf3, 0x0, 0x0, 0x0, 0x0,
    0x8f, 0xf3, 0x0, 0x0, 0x0, 0x0, 0x8f, 0xf3,
    0x0, 0x0, 0x0, 0x0, 0x8f, 0xf3, 0x0, 0x0,
    0x0, 0x0, 0x8f, 0xf3, 0x0, 0x0,

    /* U+005A "Z" */
    0xf, 0xff, 0xff, 0xff, 0xff, 0x10, 0xff, 0xff,
    0xff, 0xff, 0xf1, 0x7, 0x88, 0x88, 0xaf, 0xff,
    0x0, 0x0, 0x0, 0xd, 0xff, 0x40, 0x0, 0x0,
    0xa, 0xff, 0x80, 0x0, 0x0, 0x6, 0xff, 0xb0,
    0x0, 0x0, 0x3, 0xff, 0xe1, 0x0, 0x0, 0x1,
    0xef, 0xf3, 0x0, 0x0, 0x0, 0xbf, 0xf6, 0x0,
    0x0, 0x0, 0x8f, 0xfa, 0x0, 0x0, 0x0, 0x3f,
    0xff, 0x88, 0x88, 0x88, 0x14, 0xff, 0xff, 0xff,
    0xff, 0xf3, 0x4f, 0xff, 0xff, 0xff, 0xff, 0x30,

    /* U+005B "[" */
    0x9f, 0xff, 0x19, 0xff, 0xf1, 0x9f, 0xd0, 0x9,
    0xfd, 0x0, 0x9f, 0xd0, 0x9, 0xfd, 0x0, 0x9f,
    0xd0, 0x9, 0xfd, 0x0, 0x9f, 0xd0, 0x9, 0xfd,
    0x0, 0x9f, 0xd0, 0x9, 0xfd, 0x0, 0x9f, 0xd0,
    0x9, 0xfd, 0x0, 0x9f, 0xd0, 0x9, 0xff, 0xf1,
    0x9f, 0xff, 0x10,

    /* U+005C "\\" */
    0x3f, 0xf0, 0x0, 0x0, 0x0, 0xdf, 0x50, 0x0,
    0x0, 0x8, 0xfa, 0x0, 0x0, 0x0, 0x3f, 0xf0,
    0x0, 0x0, 0x0, 0xef, 0x40, 0x0, 0x0, 0x9,
    0xfa, 0x0, 0x0, 0x0, 0x3f, 0xe0, 0x0, 0x0,
    0x0, 0xef, 0x40, 0x0, 0x0, 0x9, 0xf9, 0x0,
    0x0, 0x0, 0x4f, 0xe0, 0x0, 0x0, 0x0, 0xef,
    0x40, 0x0, 0x0, 0x9, 0xf9, 0x0, 0x0, 0x0,
    0x4f, 0xe0, 0x0, 0x0, 0x0, 0xff, 0x30, 0x0,
    0x0, 0xa, 0xf8, 0x0, 0x0, 0x0, 0x5f, 0xe0,
    0x0, 0x0, 0x0, 0x78, 0x0,

    /* U+005D "]" */
    0x1f, 0xff, 0xa1, 0xff, 0xfa, 0x0, 0xdf, 0xa0,
    0xd, 0xfa, 0x0, 0xdf, 0xa0, 0xd, 0xfa, 0x0,
    0xdf, 0xa0, 0xd, 0xfa, 0x0, 0xdf, 0xa0, 0xd,
    0xfa, 0x0, 0xdf, 0xa0, 0xd, 0xfa, 0x0, 0xdf,
    0xa0, 0xd, 0xfa, 0x0, 0xdf, 0xa1, 0xff, 0xfa,
    0x1f, 0xff, 0x90,

    /* U+005E "^" */
    0x0, 0x0, 0xef, 0xc0, 0x0, 0x0, 0x0, 0x7f,
    0xff, 0x40, 0x0, 0x0, 0xe, 0xff, 0xfd, 0x0,
    0x0, 0x8, 0xff, 0x6f, 0xf5, 0x0, 0x1, 0xff,
    0x80, 0xcf, 0xd0, 0x0, 0x9f, 0xe0, 0x4, 0xff,
    0x60, 0x1f, 0xf7, 0x0, 0xc, 0xfd, 0x0, 0x29,
    0x0, 0x0, 0x38, 0x10,

    /* U+005F "_" */
    0x24, 0x44, 0x44, 0x44, 0x42, 0x7f, 0xff, 0xff,
    0xff, 0xf7, 0x7f, 0xff, 0xff, 0xff, 0xf7,

    /* U+0060 "`" */
    0x0, 0x0, 0x0, 0x7e, 0x30, 0xd, 0xfb, 0x0,
    0x3f, 0xf3, 0x0, 0x6f, 0x60, 0x0, 0x10,

    /* U+0061 "a" */
    0x0, 0x7d, 0xff, 0xc4, 0x0, 0xb, 0xff, 0xff,
    0xff, 0x40, 0x6, 0xf7, 0x37, 0xff, 0xa0, 0x0,
    0x20, 0x0, 0xef, 0xc0, 0x0, 0x26, 0x89, 0xef,
    0xd0, 0xa, 0xff, 0xff, 0xff, 0xd0, 0x4f, 0xf9,
    0x0, 0xdf, 0xd0, 0x5f, 0xf5, 0x0, 0xef, 0xd1,
    0x2f, 0xfe, 0xbe, 0xbf, 0xfb, 0x5, 0xdf, 0xd6,
    0x1c, 0xfb,

    /* U+0062 "b" */
    0xcf, 0xe0, 0x0, 0x0, 0x0, 0xcf, 0xe0, 0x0,
    0x0, 0x0, 0xcf, 0xe0, 0x0, 0x0, 0x0, 0xcf,
    0xe0, 0x0, 0x0, 0x0, 0xcf, 0xe2, 0xcf, 0xd6,
    0x0, 0xcf, 0xed, 0xff, 0xff, 0x50, 0xcf, 0xf9,
    0x48, 0xff, 0xd0, 0xcf, 0xf0, 0x0, 0xcf, 0xf0,
    0xcf, 0xe0, 0x0, 0x9f, 0xf2, 0xcf, 0xe0, 0x0,
    0x9f, 0xf2, 0xcf, 0xf0, 0x0, 0xbf, 0xf0, 0xcf,
    0xf9, 0x48, 0xff, 0xd0, 0xcf, 0xed, 0xff, 0xff,
    0x50, 0xcf, 0xe2, 0xcf, 0xd6, 0x0,

    /* U+0063 "c" */
    0x0, 0x4b, 0xff, 0xb4, 0x0, 0x4f, 0xff, 0xff,
    0xf4, 0xe, 0xfe, 0x54, 0xdf, 0x83, 0xff, 0x80,
    0x2, 0x20, 0x5f, 0xf6, 0x0, 0x0, 0x5, 0xff,
    0x60, 0x0, 0x0, 0x3f, 0xf8, 0x0, 0x34, 0x0,
    0xef, 0xe4, 0x4d, 0xfa, 0x5, 0xff, 0xff, 0xff,
    0x40, 0x4, 0xbf, 0xfc, 0x40,

    /* U+0064 "d" */
    0x0, 0x0, 0x0, 0xf, 0xfb, 0x0, 0x0, 0x0,
    0xf, 0xfb, 0x0, 0x0, 0x0, 0xf, 0xfb, 0x0,
    0x0, 0x0, 0xf, 0xfb, 0x0, 0x7d, 0xfb, 0x2f,
    0xfb, 0x6, 0xff, 0xff, 0xcf, 0xfb, 0xe, 0xff,
    0x74, 0xaf, 0xfb, 0x1f, 0xfa, 0x0, 0xf, 0xfb,
    0x3f, 0xf8, 0x0, 0xf, 0xfb, 0x3f, 0xf8, 0x0,
    0xf, 0xfb, 0x1f, 0xfa, 0x0, 0xf, 0xfb, 0xe,
    0xff, 0x74, 0xaf, 0xfb, 0x6, 0xff, 0xff, 0xcf,
    0xfb, 0x0, 0x7e, 0xfb, 0x1f, 0xfb,

    /* U+0065 "e" */
    0x0, 0x3b, 0xff, 0xc5, 0x0, 0x4, 0xff, 0xff,
    0xff, 0x60, 0xd, 0xfe, 0x31, 0xcf, 0xf0, 0x3f,
    0xf7, 0x0, 0x5f, 0xf4, 0x5f, 0xff, 0xff, 0xff,
    0xf6, 0x5f, 0xfd, 0xbb, 0xbb, 0xb5, 0x3f, 0xf8,
    0x0, 0x1, 0x0, 0xd, 0xff, 0x52, 0x5e, 0x60,
    0x4, 0xff, 0xff, 0xff, 0xd0, 0x0, 0x3b, 0xff,
    0xd8, 0x10,

    /* U+0066 "f" */
    0x0, 0x4d, 0xff, 0x40, 0x1f, 0xff, 0xf4, 0x3,
    0xff, 0x72, 0x0, 0x4f, 0xf6, 0x0, 0xaf, 0xff,
    0xff, 0x4a, 0xff, 0xff, 0xf4, 0x16, 0xff, 0x72,
    0x0, 0x4f, 0xf6, 0x0, 0x4, 0xff, 0x60, 0x0,
    0x4f, 0xf6, 0x0, 0x4, 0xff, 0x60, 0x0, 0x4f,
    0xf6, 0x0, 0x4, 0xff, 0x60, 0x0, 0x4f, 0xf6,
    0x0,

    /* U+0067 "g" */
    0x0, 0x0, 0x0, 0x2e, 0xf7, 0x0, 0x0, 0x0,
    0x7f, 0xf7, 0x0, 0x7d, 0xff, 0xfc, 0x10, 0x8,
    0xff, 0xee, 0xff, 0x90, 0xf, 0xf9, 0x0, 0xbf,
    0xe0, 0x1f, 0xf5, 0x0, 0x8f, 0xe0, 0xf, 0xfb,
    0x11, 0xdf, 0xb0, 0x7, 0xff, 0xff, 0xff, 0x30,
    0x3, 0xca, 0xbc, 0x92, 0x0, 0x1f, 0xf6, 0x55,
    0x53, 0x0, 0x1f, 0xff, 0xff, 0xff, 0xe3, 0x5,
    0xff, 0xff, 0xff, 0xfc, 0x4f, 0x90, 0x0, 0xb,
    0xff, 0x9f, 0xa0, 0x0, 0xb, 0xfd, 0x5f, 0xfe,
    0xdd, 0xef, 0xf6, 0x5, 0xbe, 0xff, 0xeb, 0x50,

    /* U+0068 "h" */
    0xcf, 0xe0, 0x0, 0x0, 0xc, 0xfe, 0x0, 0x0,
    0x0, 0xcf, 0xe0, 0x0, 0x0, 0xc, 0xfe, 0x0,
    0x0, 0x0, 0xcf, 0xe2, 0xbf, 0xd5, 0xc, 0xfe,
    0xcf, 0xff, 0xf1, 0xcf, 0xf9, 0x4a, 0xff, 0x6c,
    0xff, 0x0, 0x2f, 0xf8, 0xcf, 0xe0, 0x1, 0xff,
    0x9c, 0xfe, 0x0, 0x1f, 0xf9, 0xcf, 0xe0, 0x1,
    0xff, 0x9c, 0xfe, 0x0, 0x1f, 0xf9, 0xcf, 0xe0,
    0x1, 0xff, 0x9c, 0xfe, 0x0, 0x1f, 0xf9,

    /* U+0069 "i" */
    0x9f, 0xb0, 0xff, 0xf1, 0xbf, 0xd0, 0x1, 0x0,
    0xcf, 0xe0, 0xcf, 0xe0, 0xcf, 0xe0, 0xcf, 0xe0,
    0xcf, 0xe0, 0xcf, 0xe0, 0xcf, 0xe0, 0xcf, 0xe0,
    0xcf, 0xe0, 0xcf, 0xe0,

    /* U+006A "j" */
    0x0, 0x9f, 0xb0, 0x0, 0xff, 0xf1, 0x0, 0xbf,
    0xd0, 0x0, 0x1, 0x0, 0x0, 0xcf, 0xe0, 0x0,
    0xcf, 0xe0, 0x0, 0xcf, 0xe0, 0x0, 0xcf, 0xe0,
    0x0, 0xcf, 0xe0, 0x0, 0xcf, 0xe0, 0x0, 0xcf,
    0xe0, 0x0, 0xcf, 0xe0, 0x0, 0xcf, 0xe0, 0x0,
    0xcf, 0xe0, 0x0, 0xcf, 0xe0, 0x2, 0xcf, 0xd0,
    0x2f, 0xff, 0xa0, 0x2f, 0xfb, 0x20,

    /* U+006B "k" */
    0xcf, 0xe0, 0x0, 0x0, 0x0, 0xcf, 0xe0, 0x0,
    0x0, 0x0, 0xcf, 0xe0, 0x0, 0x0, 0x0, 0xcf,
    0xe0, 0x0, 0x0, 0x0, 0xcf, 0xe0, 0x5, 0xff,
    0x90, 0xcf, 0xe0, 0x2f, 0xfc, 0x0, 0xcf, 0xe0,
    0xdf, 0xe1, 0x0, 0xcf, 0xe8, 0xff, 0x30, 0x0,
    0xcf, 0xff, 0xff, 0x40, 0x0, 0xcf, 0xff, 0xff,
    0xd0, 0x0, 0xcf, 0xf7, 0x8f, 0xf6, 0x0, 0xcf,
    0xe0, 0x1f, 0xfe, 0x0, 0xcf, 0xe0, 0x8, 0xff,
    0x80, 0xcf, 0xe0, 0x1, 0xff, 0xf2,

    /* U+006C "l" */
    0xcf, 0xe0, 0xc, 0xfe, 0x0, 0xcf, 0xe0, 0xc,
    0xfe, 0x0, 0xcf, 0xe0, 0xc, 0xfe, 0x0, 0xcf,
    0xe0, 0xc, 0xfe, 0x0, 0xcf, 0xe0, 0xc, 0xfe,
    0x0, 0xcf, 0xe0, 0xb, 0xfe, 0x20, 0x8f, 0xff,
    0x11, 0xaf, 0xf1,

    /* U+006D "m" */
    0xcf, 0xe3, 0xcf, 0xd4, 0x9, 0xef, 0x90, 0xcf,
    0xfe, 0xff, 0xff, 0xbf, 0xff, 0xf7, 0xcf, 0xf6,
    0xa, 0xff, 0xc1, 0x2f, 0xfc, 0xcf, 0xe0, 0x4,
    0xff, 0x70, 0xb, 0xfe, 0xcf, 0xe0, 0x3, 0xff,
    0x70, 0xb, 0xff, 0xcf, 0xe0, 0x3, 0xff, 0x70,
    0xb, 0xff, 0xcf, 0xe0, 0x3, 0xff, 0x70, 0xb,
    0xff, 0xcf, 0xe0, 0x3, 0xff, 0x70, 0xb, 0xff,
    0xcf, 0xe0, 0x3, 0xff, 0x70, 0xb, 0xff, 0xcf,
    0xe0, 0x3, 0xff, 0x70, 0xb, 0xff,

    /* U+006E "n" */
    0xcf, 0xe3, 0xcf, 0xd5, 0xc, 0xff, 0xef, 0xff,
    0xf1, 0xcf, 0xf6, 0x7, 0xff, 0x6c, 0xfe, 0x0,
    0x1f, 0xf8, 0xcf, 0xe0, 0x1, 0xff, 0x9c, 0xfe,
    0x0, 0x1f, 0xf9, 0xcf, 0xe0, 0x1, 0xff, 0x9c,
    0xfe, 0x0, 0x1f, 0xf9, 0xcf, 0xe0, 0x1, 0xff,
    0x9c, 0xfe, 0x0, 0x1f, 0xf9,

    /* U+006F "o" */
    0x0, 0x3b, 0xff, 0xc5, 0x0, 0x4, 0xff, 0xff,
    0xff, 0x60, 0xd, 0xfe, 0x54, 0xdf, 0xf0, 0x2f,
    0xf8, 0x0, 0x5f, 0xf5, 0x5f, 0xf6, 0x0, 0x4f,
    0xf7, 0x5f, 0xf6, 0x0, 0x4f, 0xf7, 0x2f, 0xf8,
    0x0, 0x5f, 0xf5, 0xd, 0xfe, 0x44, 0xdf, 0xf0,
    0x4, 0xff, 0xff, 0xff, 0x60, 0x0, 0x3b, 0xff,
    0xc5, 0x0,

    /* U+0070 "p" */
    0xcf, 0xe3, 0xcf, 0xd6, 0x0, 0xcf, 0xfe, 0xff,
    0xff, 0x50, 0xcf, 0xf6, 0x4, 0xff, 0xd0, 0xcf,
    0xe0, 0x0, 0xbf, 0xf0, 0xcf, 0xe0, 0x0, 0x9f,
    0xf2, 0xcf, 0xe0, 0x0, 0x9f, 0xf2, 0xcf, 0xf0,
    0x0, 0xcf, 0xf0, 0xcf, 0xf9, 0x48, 0xff, 0xd0,
    0xcf, 0xed, 0xff, 0xff, 0x50, 0xcf, 0xe2, 0xcf,
    0xd6, 0x0, 0xcf, 0xe0, 0x0, 0x0, 0x0, 0xcf,
    0xe0, 0x0, 0x0, 0x0, 0xcf, 0xe0, 0x0, 0x0,
    0x0, 0xcf, 0xe0, 0x0, 0x0, 0x0,

    /* U+0071 "q" */
    0x0, 0x7d, 0xfb, 0x2f, 0xfb, 0x6, 0xff, 0xff,
    0xcf, 0xfb, 0xe, 0xff, 0x74, 0xaf, 0xfb, 0x1f,
    0xfa, 0x0, 0xf, 0xfb, 0x3f, 0xf8, 0x0, 0xf,
    0xfb, 0x3f, 0xf8, 0x0, 0xf, 0xfb, 0x1f, 0xfa,
    0x0, 0xf, 0xfb, 0xe, 0xff, 0x74, 0xaf, 0xfb,
    0x6, 0xff, 0xff, 0xcf, 0xfb, 0x0, 0x7e, 0xfb,
    0x1f, 0xfb, 0x0, 0x0, 0x0, 0xf, 0xfb, 0x0,
    0x0, 0x0, 0xf, 0xfb, 0x0, 0x0, 0x0, 0xf,
    0xfb, 0x0, 0x0, 0x0, 0xf, 0xfb,

    /* U+0072 "r" */
    0xcf, 0xe2, 0xcd, 0xcf, 0xec, 0xfe, 0xcf, 0xfe,
    0xa7, 0xcf, 0xf1, 0x0, 0xcf, 0xe0, 0x0, 0xcf,
    0xe0, 0x0, 0xcf, 0xe0, 0x0, 0xcf, 0xe0, 0x0,
    0xcf, 0xe0, 0x0, 0xcf, 0xe0, 0x0,

    /* U+0073 "s" */
    0x0, 0x8d, 0xfe, 0xa2, 0x0, 0xbf, 0xff, 0xff,
    0xf1, 0x1f, 0xf9, 0x25, 0xd5, 0x2, 0xff, 0xa2,
    0x0, 0x0, 0xd, 0xff, 0xff, 0xb3, 0x0, 0x1a,
    0xef, 0xff, 0xf2, 0x0, 0x10, 0x16, 0xff, 0x60,
    0xce, 0x52, 0x6f, 0xf6, 0x3f, 0xff, 0xff, 0xfd,
    0x0, 0x2a, 0xef, 0xd9, 0x10,

    /* U+0074 "t" */
    0x0, 0x78, 0x30, 0x0, 0xf, 0xf6, 0x0, 0x2,
    0xff, 0x60, 0x9, 0xff, 0xff, 0xf4, 0x9f, 0xff,
    0xff, 0x41, 0x5f, 0xf7, 0x20, 0x4, 0xff, 0x60,
    0x0, 0x4f, 0xf6, 0x0, 0x4, 0xff, 0x60, 0x0,
    0x4f, 0xf6, 0x0, 0x3, 0xff, 0x72, 0x0, 0xe,
    0xff, 0xf2, 0x0, 0x4c, 0xff, 0x20,

    /* U+0075 "u" */
    0xdf, 0xc0, 0x2, 0xff, 0x7d, 0xfc, 0x0, 0x2f,
    0xf7, 0xdf, 0xc0, 0x2, 0xff, 0x7d, 0xfc, 0x0,
    0x2f, 0xf7, 0xdf, 0xc0, 0x2, 0xff, 0x7d, 0xfc,
    0x0, 0x2f, 0xf7, 0xdf, 0xd0, 0x3, 0xff, 0x7b,
    0xff, 0x74, 0xcf, 0xf7, 0x5f, 0xff, 0xfb, 0xff,
    0x70, 0x8e, 0xfa, 0x3f, 0xf7,

    /* U+0076 "v" */
    0xbf, 0xe0, 0x0, 0x2f, 0xf5, 0x6f, 0xf3, 0x0,
    0x6f, 0xf1, 0x1f, 0xf8, 0x0, 0xbf, 0xb0, 0xc,
    0xfc, 0x0, 0xff, 0x60, 0x7, 0xff, 0x13, 0xff,
    0x20, 0x2, 0xff, 0x47, 0xfc, 0x0, 0x0, 0xdf,
    0x8b, 0xf8, 0x0, 0x0, 0x8f, 0xdf, 0xf3, 0x0,
    0x0, 0x3f, 0xff, 0xe0, 0x0, 0x0, 0xe, 0xff,
    0x90, 0x0,

    /* U+0077 "w" */
    0x8f, 0xf0, 0x0, 0xbf, 0xe0, 0x0, 0xcf, 0xa4,
    0xff, 0x40, 0xf, 0xff, 0x30, 0xf, 0xf6, 0xf,
    0xf7, 0x4, 0xff, 0xf7, 0x3, 0xff, 0x20, 0xbf,
    0xb0, 0x8f, 0xcf, 0xc0, 0x7f, 0xe0, 0x7, 0xfe,
    0xc, 0xf4, 0xff, 0xb, 0xf9, 0x0, 0x3f, 0xf3,
    0xfe, 0xd, 0xf4, 0xef, 0x50, 0x0, 0xef, 0xaf,
    0xa0, 0x8f, 0xaf, 0xf1, 0x0, 0xa, 0xff, 0xf6,
    0x4, 0xff, 0xfd, 0x0, 0x0, 0x6f, 0xff, 0x20,
    0xf, 0xff, 0x90, 0x0, 0x2, 0xff, 0xd0, 0x0,
    0xbf, 0xf5, 0x0,

    /* U+0078 "x" */
    0x5f, 0xfa, 0x0, 0x5f, 0xf6, 0xb, 0xff, 0x30,
    0xdf, 0xc0, 0x1, 0xff, 0xc6, 0xff, 0x30, 0x0,
    0x7f, 0xff, 0xf8, 0x0, 0x0, 0xd, 0xff, 0xe0,
    0x0, 0x0, 0xe, 0xff, 0xd0, 0x0, 0x0, 0x8f,
    0xff, 0xf8, 0x0, 0x2, 0xff, 0x7a, 0xff, 0x30,
    0xc, 0xfd, 0x2, 0xff, 0xc0, 0x5f, 0xf5, 0x0,
    0x8f, 0xf6,

    /* U+0079 "y" */
    0xbf, 0xe0, 0x0, 0x2f, 0xf5, 0x6f, 0xf2, 0x0,
    0x6f, 0xf0, 0x1f, 0xf7, 0x0, 0xbf, 0xb0, 0xd,
    0xfc, 0x0, 0xff, 0x60, 0x8, 0xff, 0x14, 0xff,
    0x10, 0x3, 0xff, 0x48, 0xfc, 0x0, 0x0, 0xef,
    0x8c, 0xf7, 0x0, 0x0, 0x9f, 0xdf, 0xf2, 0x0,
    0x0, 0x4f, 0xff, 0xd0, 0x0, 0x0, 0xf, 0xff,
    0x80, 0x0, 0x0, 0xa, 0xff, 0x30, 0x0, 0x1,
    0x2c, 0xfe, 0x0, 0x0, 0xb, 0xff, 0xf8, 0x0,
    0x0, 0xb, 0xfe, 0x90, 0x0, 0x0,

    /* U+007A "z" */
    0x2f, 0xff, 0xff, 0xff, 0x82, 0xff, 0xff, 0xff,
    0xf8, 0x2, 0x22, 0x3e, 0xff, 0x30, 0x0, 0xb,
    0xff, 0x60, 0x0, 0x8, 0xff, 0x80, 0x0, 0x5,
    0xff, 0xb0, 0x0, 0x3, 0xff, 0xd0, 0x0, 0x1,
    0xef, 0xf4, 0x22, 0x21, 0x4f, 0xff, 0xff, 0xff,
    0xa4, 0xff, 0xff, 0xff, 0xfa,

    /* U+007B "{" */
    0x0, 0x5e, 0xfc, 0x0, 0xdf, 0xfb, 0x0, 0xef,
    0x80, 0x0, 0xef, 0x80, 0x0, 0xef, 0x80, 0x0,
    0xff, 0x80, 0x6, 0xff, 0x50, 0xaf, 0xf9, 0x0,
    0xaf, 0xf7, 0x0, 0x18, 0xff, 0x30, 0x0, 0xff,
    0x80, 0x0, 0xef, 0x80, 0x0, 0xef, 0x80, 0x0,
    0xef, 0x80, 0x0, 0xef, 0x80, 0x0, 0xdf, 0xfc,
    0x0, 0x4d, 0xfb,

    /* U+007C "|" */
    0x8f, 0xc8, 0xfc, 0x8f, 0xc8, 0xfc, 0x8f, 0xc8,
    0xfc, 0x8f, 0xc8, 0xfc, 0x8f, 0xc8, 0xfc, 0x8f,
    0xc8, 0xfc, 0x8f, 0xc8, 0xfc, 0x8f, 0xc8, 0xfc,
    0x5b, 0x80,

    /* U+007D "}" */
    0x1f, 0xfd, 0x20, 0x1, 0xff, 0xf8, 0x0, 0x0,
    0xdf, 0x90, 0x0, 0xd, 0xf9, 0x0, 0x0, 0xdf,
    0x90, 0x0, 0xd, 0xfa, 0x0, 0x0, 0xaf, 0xe3,
    0x0, 0x1, 0xcf, 0xf5, 0x0, 0xa, 0xff, 0x50,
    0x9, 0xff, 0x50, 0x0, 0xdf, 0xa0, 0x0, 0xd,
    0xf9, 0x0, 0x0, 0xdf, 0x90, 0x0, 0xd, 0xf9,
    0x0, 0x0, 0xdf, 0x90, 0x1, 0xff, 0xf8, 0x0,
    0x1f, 0xec, 0x10, 0x0,

    /* U+007E "~" */
    0x0, 0x12, 0x0, 0x0, 0x0, 0xa, 0xff, 0xfb,
    0x63, 0x61, 0xa, 0xff, 0xff, 0xff, 0xf8, 0x1,
    0x20, 0x39, 0xef, 0xd5,

    /* U+F001 "" */
    0x0, 0x0, 0x0, 0x0, 0x0, 0x0, 0x0, 0x27,
    0xba, 0x0, 0x0, 0x0, 0x0, 0x0, 0x0, 0x48,
    0xdf, 0xff, 0xf2, 0x0, 0x0, 0x0, 0x1, 0x6a,
    0xff, 0xff, 0xff, 0xff, 0x20, 0x0, 0x0, 0x7c,
    0xff, 0xff, 0xff, 0xff, 0xff, 0xf2, 0x0, 0x0,
    0x4f, 0xff, 0xff, 0xff, 0xff, 0xff, 0xff, 0x20,
    0x0, 0x5, 0xff, 0xff, 0xff, 0xff, 0xb7, 0x3f,
    0xf2, 0x0, 0x0, 0x5f, 0xff, 0xfe, 0x95, 0x0,
    0x1, 0xff, 0x20, 0x0, 0x5, 0xff, 0x73, 0x0,
    0x0, 0x0, 0x1f, 0xf2, 0x0, 0x0, 0x5f, 0xe0,
    0x0, 0x0, 0x0, 0x1, 0xff, 0x20, 0x0, 0x5,
    0xfe, 0x0, 0x0, 0x0, 0x0, 0x1f, 0xf2, 0x0,
    0x0, 0x5f, 0xe0, 0x0, 0x0, 0x0, 0x1, 0xff,
    0x20, 0x0, 0x5, 0xfe, 0x0, 0x0, 0x0, 0x69,
    0x8f, 0xf2, 0x0, 0x0, 0x5f, 0xe0, 0x0, 0x2,
    0xef, 0xff, 0xff, 0x20, 0x3, 0x58, 0xfe, 0x0,
    0x0, 0x8f, 0xff, 0xff, 0xf2, 0x2d, 0xff, 0xff,
    0xe0, 0x0, 0x4, 0xff, 0xff, 0xfd, 0xb, 0xff,
    0xff, 0xfe, 0x0, 0x0, 0x4, 0xbd, 0xc8, 0x10,
    0xaf, 0xff, 0xff, 0xb0, 0x0, 0x0, 0x0, 0x0,
    0x0, 0x0, 0xaf, 0xff, 0xb1, 0x0, 0x0, 0x0,
    0x0, 0x0, 0x0, 0x0, 0x1, 0x0, 0x0, 0x0,
    0x0, 0x0, 0x0, 0x0, 0x0,

    /* U+F008 "" */
    0x51, 0x6, 0x88, 0x88, 0x88, 0x88, 0x88, 0x30,
    0x15, 0xf7, 0x6e, 0xff, 0xff, 0xff, 0xff, 0xff,
    0xb6, 0x8f, 0xfd, 0xcf, 0xf3, 0x33, 0x33, 0x33,
    0x6f, 0xec, 0xdf, 0xf2, 0xc, 0xe0, 0x0, 0x0,
    0x0, 0x3f, 0x70, 0x2f, 0xf2, 0xc, 0xe0, 0x0,
    0x0, 0x0, 0x3f, 0x80, 0x2f, 0xff, 0xff, 0xe0,
    0x0, 0x0, 0x0, 0x3f, 0xff, 0xff, 0xf4, 0x2d,
    0xf9, 0x99, 0x99, 0x99, 0xbf, 0x92, 0x4f, 0xf2,
    0xc, 0xff, 0xff, 0xff, 0xff, 0xff, 0x70, 0x2f,
    0xfb, 0xaf, 0xf1, 0x11, 0x11, 0x11, 0x5f, 0xda,
    0xbf, 0xf9, 0x8e, 0xe0, 0x0, 0x0, 0x0, 0x3f,
    0xc8, 0x9f, 0xf2, 0xc, 0xe0, 0x0, 0x0, 0x0,
    0x3f, 0x70, 0x2f, 0xf6, 0x4d, 0xe0, 0x0, 0x0,
    0x0, 0x3f, 0xa4, 0x6f, 0xfe, 0xef, 0xfb, 0xbb,
    0xbb, 0xbb, 0xcf, 0xfe, 0xef, 0xc2, 0xc, 0xff,
    0xff, 0xff, 0xff, 0xff, 0x80, 0x2c,

    /* U+F00B "" */
    0x58, 0x88, 0x70, 0x28, 0x88, 0x88, 0x88, 0x88,
    0x85, 0xff, 0xff, 0xf3, 0x9f, 0xff, 0xff, 0xff,
    0xff, 0xff, 0xff, 0xff, 0xf3, 0xaf, 0xff, 0xff,
    0xff, 0xff, 0xff, 0xff, 0xff, 0xf3, 0xaf, 0xff,
    0xff, 0xff, 0xff, 0xff, 0xbf, 0xff, 0xd1, 0x6f,
    0xff, 0xff, 0xff, 0xff, 0xfb, 0x0, 0x0, 0x0,
    0x0, 0x0, 0x0, 0x0, 0x0, 0x0, 0xcf, 0xff,
    0xe1, 0x7f, 0xff, 0xff, 0xff, 0xff, 0xfc, 0xff,
    0xff, 0xf3, 0xaf, 0xff, 0xff, 0xff, 0xff, 0xff,
    0xff, 0xff, 0xf3, 0xaf, 0xff, 0xff, 0xff, 0xff,
    0xff, 0xff, 0xff, 0xf3, 0x9f, 0xff, 0xff, 0xff,
    0xff, 0xff, 0x58, 0x88, 0x60, 0x27, 0x88, 0x88,
    0x88, 0x88, 0x85, 0x47, 0x77, 0x50, 0x17, 0x77,
    0x77, 0x77, 0x77, 0x74, 0xff, 0xff, 0xf3, 0x9f,
    0xff, 0xff, 0xff, 0xff, 0xff, 0xff, 0xff, 0xf3,
    0xaf, 0xff, 0xff, 0xff, 0xff, 0xff, 0xff, 0xff,
    0xf3, 0xaf, 0xff, 0xff, 0xff, 0xff, 0xff, 0xdf,
    0xff, 0xf1, 0x7f, 0xff, 0xff, 0xff, 0xff, 0xfd,
    0x0, 0x0, 0x0, 0x0, 0x0, 0x0, 0x0, 0x0,
    0x0,

    /* U+F00C "" */
    0x0, 0x0, 0x0, 0x0, 0x0, 0x0, 0x0, 0x5,
    0x20, 0x0, 0x0, 0x0, 0x0, 0x0, 0x0, 0x0,
    0x7f, 0xf3, 0x0, 0x0, 0x0, 0x0, 0x0, 0x0,
    0x7, 0xff, 0xfe, 0x0, 0x0, 0x0, 0x0, 0x0,
    0x0, 0x7f, 0xff, 0xf8, 0x0, 0x0, 0x0, 0x0,
    0x0, 0x7, 0xff, 0xff, 0x90, 0x9, 0xd1, 0x0,
    0x0, 0x0, 0x7f, 0xff, 0xf9, 0x0, 0x9f, 0xfd,
    0x10, 0x0, 0x7, 0xff, 0xff, 0x90, 0x0, 0xdf,
    0xff, 0xd1, 0x0, 0x7f, 0xff, 0xf9, 0x0, 0x0,
    0x2e, 0xff, 0xfd, 0x17, 0xff, 0xff, 0x90, 0x0,
    0x0, 0x2, 0xef, 0xff, 0xef, 0xff, 0xf9, 0x0,
    0x0, 0x0, 0x0, 0x2e, 0xff, 0xff, 0xff, 0x90,
    0x0, 0x0, 0x0, 0x0, 0x2, 0xef, 0xff, 0xf9,
    0x0, 0x0, 0x0, 0x0, 0x0, 0x0, 0x2e, 0xff,
    0x90, 0x0, 0x0, 0x0, 0x0, 0x0, 0x0, 0x2,
    0xd8, 0x0, 0x0, 0x0, 0x0, 0x0,

    /* U+F00D "" */
    0x2d, 0xb0, 0x0, 0x0, 0x6, 0xe6, 0xd, 0xff,
    0xc0, 0x0, 0x6, 0xff, 0xf3, 0xcf, 0xff, 0xc0,
    0x6, 0xff, 0xff, 0x31, 0xdf, 0xff, 0xc7, 0xff,
    0xff, 0x50, 0x1, 0xdf, 0xff, 0xff, 0xff, 0x50,
    0x0, 0x1, 0xdf, 0xff, 0xff, 0x50, 0x0, 0x0,
    0x7, 0xff, 0xff, 0xd0, 0x0, 0x0, 0x6, 0xff,
    0xff, 0xff, 0xc0, 0x0, 0x6, 0xff, 0xff, 0xdf,
    0xff, 0xc0, 0x6, 0xff, 0xff, 0x51, 0xdf, 0xff,
    0xc0, 0xff, 0xff, 0x50, 0x1, 0xdf, 0xff, 0x58,
    0xff, 0x50, 0x0, 0x1, 0xdf, 0xd0, 0x5, 0x30,
    0x0, 0x0, 0x1, 0x61, 0x0,

    /* U+F011 "" */
    0x0, 0x0, 0x0, 0x0, 0xcd, 0x50, 0x0, 0x0,
    0x0, 0x0, 0x0, 0x0, 0x0, 0x3f, 0xfa, 0x0,
    0x0, 0x0, 0x0, 0x0, 0x7, 0xe3, 0x3, 0xff,
    0xa0, 0xb, 0xc1, 0x0, 0x0, 0x8, 0xff, 0xb0,
    0x3f, 0xfa, 0x4, 0xff, 0xd1, 0x0, 0x4, 0xff,
    0xf6, 0x3, 0xff, 0xa0, 0x1e, 0xff, 0xa0, 0x0,
    0xdf, 0xf7, 0x0, 0x3f, 0xfa, 0x0, 0x2e, 0xff,
    0x40, 0x3f, 0xfc, 0x0, 0x3, 0xff, 0xa0, 0x0,
    0x6f, 0xfa, 0x8, 0xff, 0x60, 0x0, 0x3f, 0xfa,
    0x0, 0x0, 0xef, 0xf0, 0xaf, 0xf2, 0x0, 0x3,
    0xff, 0xa0, 0x0, 0xb, 0xff, 0x1b, 0xff, 0x10,
    0x0, 0x1f, 0xf8, 0x0, 0x0, 0xbf, 0xf1, 0x9f,
    0xf3, 0x0, 0x0, 0x24, 0x0, 0x0, 0xd, 0xff,
    0x6, 0xff, 0x90, 0x0, 0x0, 0x0, 0x0, 0x2,
    0xff, 0xd0, 0x1f, 0xff, 0x20, 0x0, 0x0, 0x0,
    0x0, 0xbf, 0xf8, 0x0, 0x9f, 0xfd, 0x20, 0x0,
    0x0, 0x0, 0x9f, 0xfe, 0x10, 0x0, 0xcf, 0xfe,
    0x71, 0x0, 0x4, 0xcf, 0xff, 0x50, 0x0, 0x1,
    0xdf, 0xff, 0xfe, 0xdf, 0xff, 0xff, 0x60, 0x0,
    0x0, 0x0, 0x9f, 0xff, 0xff, 0xff, 0xfd, 0x40,
    0x0, 0x0, 0x0, 0x0, 0x28, 0xce, 0xfd, 0xa5,
    0x0, 0x0, 0x0,

    /* U+F013 "" */
    0x0, 0x0, 0x0, 0x4, 0x66, 0x40, 0x0, 0x0,
    0x0, 0x0, 0x0, 0x0, 0x3f, 0xff, 0xf3, 0x0,
    0x0, 0x0, 0x0, 0x0, 0x0, 0x4f, 0xff, 0xf4,
    0x0, 0x0, 0x0, 0x0, 0x78, 0x17, 0xff, 0xff,
    0xff, 0x71, 0x87, 0x0, 0x4, 0xff, 0xff, 0xff,
    0xff, 0xff, 0xff, 0xff, 0x40, 0xd, 0xff, 0xff,
    0xff, 0xff, 0xff, 0xff, 0xff, 0xd0, 0x3f, 0xff,
    0xff, 0xfe, 0x88, 0xef, 0xff, 0xff, 0xf3, 0x8,
    0xff, 0xff, 0xd0, 0x0, 0xd, 0xff, 0xff, 0x80,
    0x0, 0xaf, 0xff, 0x50, 0x0, 0x5, 0xff, 0xfa,
    0x0, 0x0, 0xbf, 0xff, 0x30, 0x0, 0x3, 0xff,
    0xfb, 0x0, 0x1, 0xcf, 0xff, 0x80, 0x0, 0x8,
    0xff, 0xfc, 0x10, 0x3e, 0xff, 0xff, 0xf6, 0x0,
    0x6f, 0xff, 0xff, 0xe3, 0x1f, 0xff, 0xff, 0xff,
    0xff, 0xff, 0xff, 0xff, 0xf1, 0x9, 0xff, 0xff,
    0xff, 0xff, 0xff, 0xff, 0xff, 0x90, 0x0, 0xdf,
    0x8e, 0xff, 0xff, 0xff, 0xe8, 0xfd, 0x0, 0x0,
    0x11, 0x1, 0x9f, 0xff, 0xf9, 0x10, 0x11, 0x0,
    0x0, 0x0, 0x0, 0x4f, 0xff, 0xf4, 0x0, 0x0,
    0x0, 0x0, 0x0, 0x0, 0x2c, 0xee, 0xd2, 0x0,
    0x0, 0x0, 0x0, 0x0, 0x0, 0x0, 0x0, 0x0,
    0x0, 0x0, 0x0,

    /* U+F015 "" */
    0x0, 0x0, 0x0, 0x0, 0x8, 0x92, 0x0, 0x6b,
    0xb1, 0x0, 0x0, 0x0, 0x0, 0x0, 0x2d, 0xff,
    0xe4, 0xa, 0xff, 0x20, 0x0, 0x0, 0x0, 0x0,
    0x4e, 0xff, 0xff, 0xf6, 0xaf, 0xf2, 0x0, 0x0,
    0x0, 0x0, 0x6f, 0xfe, 0x31, 0xcf, 0xff, 0xff,
    0x20, 0x0, 0x0, 0x0, 0x9f, 0xfd, 0x25, 0x70,
    0xaf, 0xff, 0xf2, 0x0, 0x0, 0x1, 0xbf, 0xfa,
    0x8, 0xff, 0xb0, 0x7f, 0xff, 0x40, 0x0, 0x2,
    0xdf, 0xf8, 0xa, 0xff, 0xff, 0xd2, 0x5f, 0xff,
    0x50, 0x4, 0xff, 0xf5, 0x1d, 0xff, 0xff, 0xff,
    0xe4, 0x2e, 0xff, 0x70, 0xdf, 0xe3, 0x3e, 0xff,
    0xff, 0xff, 0xff, 0xf6, 0x1c, 0xff, 0x13, 0xb1,
    0x5f, 0xff, 0xff, 0xff, 0xff, 0xff, 0xf8, 0x9,
    0x60, 0x0, 0xa, 0xff, 0xff, 0xff, 0xff, 0xff,
    0xff, 0xe0, 0x0, 0x0, 0x0, 0xaf, 0xff, 0xfd,
    0x88, 0xbf, 0xff, 0xfe, 0x0, 0x0, 0x0, 0xa,
    0xff, 0xff, 0x70, 0x3, 0xff, 0xff, 0xe0, 0x0,
    0x0, 0x0, 0xaf, 0xff, 0xf7, 0x0, 0x3f, 0xff,
    0xfe, 0x0, 0x0, 0x0, 0xa, 0xff, 0xff, 0x70,
    0x3, 0xff, 0xff, 0xe0, 0x0, 0x0, 0x0, 0x8f,
    0xff, 0xf5, 0x0, 0x2f, 0xff, 0xfc, 0x0, 0x0,
    0x0, 0x0, 0x0, 0x0, 0x0, 0x0, 0x0, 0x0,
    0x0, 0x0, 0x0,

    /* U+F019 "" */
    0x0, 0x0, 0x0, 0x9, 0xaa, 0x90, 0x0, 0x0,
    0x0, 0x0, 0x0, 0x0, 0x3f, 0xff, 0xf3, 0x0,
    0x0, 0x0, 0x0, 0x0, 0x0, 0x4f, 0xff, 0xf4,
    0x0, 0x0, 0x0, 0x0, 0x0, 0x0, 0x4f, 0xff,
    0xf4, 0x0, 0x0, 0x0, 0x0, 0x0, 0x0, 0x4f,
    0xff, 0xf4, 0x0, 0x0, 0x0, 0x0, 0x0, 0x0,
    0x4f, 0xff, 0xf4, 0x0, 0x0, 0x0, 0x0, 0x0,
    0x0, 0x4f, 0xff, 0xf4, 0x0, 0x0, 0x0, 0x0,
    0xc, 0xee, 0xef, 0xff, 0xfe, 0xee, 0xc0, 0x0,
    0x0, 0x8, 0xff, 0xff, 0xff, 0xff, 0xff, 0x90,
    0x0, 0x0, 0x0, 0x8f, 0xff, 0xff, 0xff, 0xf8,
    0x0, 0x0, 0x0, 0x0, 0x8, 0xff, 0xff, 0xff,
    0x80, 0x0, 0x0, 0x0, 0x0, 0x0, 0x8f, 0xff,
    0xf8, 0x0, 0x0, 0x0, 0x24, 0x44, 0x44, 0x7,
    0xff, 0x70, 0x44, 0x44, 0x42, 0xff, 0xff, 0xff,
    0xc1, 0x66, 0x1d, 0xff, 0xff, 0xff, 0xff, 0xff,
    0xff, 0xfe, 0x66, 0xef, 0xff, 0xff, 0xff, 0xff,
    0xff, 0xff, 0xff, 0xff, 0xff, 0xff, 0xff, 0xff,
    0xff, 0xff, 0xff, 0xff, 0xff, 0xff, 0x66, 0xc4,
    0xff, 0xdf, 0xff, 0xff, 0xff, 0xff, 0xff, 0xff,
    0xff, 0xfd, 0x0, 0x0, 0x0, 0x0, 0x0, 0x0,
    0x0, 0x0, 0x0,

    /* U+F01C "" */
    0x0, 0x0, 0x4, 0x44, 0x44, 0x44, 0x44, 0x41,
    0x0, 0x0, 0x0, 0x0, 0x1e, 0xff, 0xff, 0xff,
    0xff, 0xff, 0xf4, 0x0, 0x0, 0x0, 0xb, 0xff,
    0xff, 0xff, 0xff, 0xff, 0xff, 0xe1, 0x0, 0x0,
    0x6, 0xff, 0x50, 0x0, 0x0, 0x0, 0x1, 0xff,
    0xa0, 0x0, 0x1, 0xff, 0x90, 0x0, 0x0, 0x0,
    0x0, 0x5, 0xff, 0x50, 0x0, 0xbf, 0xd0, 0x0,
    0x0, 0x0, 0x0, 0x0, 0xa, 0xfe, 0x10, 0x6f,
    0xf3, 0x0, 0x0, 0x0, 0x0, 0x0, 0x0, 0x1e,
    0xfa, 0xe, 0xff, 0xcc, 0xcc, 0x20, 0x0, 0x0,
    0xbc, 0xcc, 0xef, 0xf2, 0xff, 0xff, 0xff, 0xfa,
    0x0, 0x0, 0x6f, 0xff, 0xff, 0xff, 0x4f, 0xff,
    0xff, 0xff, 0xf8, 0x88, 0x8e, 0xff, 0xff, 0xff,
    0xf4, 0xff, 0xff, 0xff, 0xff, 0xff, 0xff, 0xff,
    0xff, 0xff, 0xff, 0x4f, 0xff, 0xff, 0xff, 0xff,
    0xff, 0xff, 0xff, 0xff, 0xff, 0xf4, 0xff, 0xff,
    0xff, 0xff, 0xff, 0xff, 0xff, 0xff, 0xff, 0xff,
    0x37, 0xff, 0xff, 0xff, 0xff, 0xff, 0xff, 0xff,
    0xff, 0xff, 0xa0,

    /* U+F021 "" */
    0x0, 0x0, 0x0, 0x15, 0x66, 0x40, 0x0, 0x5,
    0xcb, 0x0, 0x0, 0x3b, 0xff, 0xff, 0xff, 0x92,
    0x7, 0xff, 0x0, 0x7, 0xff, 0xff, 0xff, 0xff,
    0xff, 0x66, 0xff, 0x0, 0x8f, 0xff, 0xa4, 0x12,
    0x5b, 0xff, 0xfd, 0xff, 0x4, 0xff, 0xe4, 0x0,
    0x0, 0x0, 0x4e, 0xff, 0xff, 0xd, 0xff, 0x30,
    0x0, 0x0, 0x45, 0x46, 0xff, 0xff, 0x4f, 0xf7,
    0x0, 0x0, 0x0, 0xdf, 0xff, 0xff, 0xff, 0x8f,
    0xf1, 0x0, 0x0, 0x0, 0xdf, 0xff, 0xff, 0xff,
    0x2, 0x10, 0x0, 0x0, 0x0, 0x12, 0x22, 0x22,
    0x21, 0x0, 0x0, 0x0, 0x0, 0x0, 0x0, 0x0,
    0x0, 0x0, 0x67, 0x77, 0x77, 0x75, 0x0, 0x0,
    0x0, 0x6, 0x73, 0xff, 0xff, 0xff, 0xfe, 0x0,
    0x0, 0x0, 0x3f, 0xf6, 0xff, 0xff, 0xee, 0xfd,
    0x0, 0x0, 0x0, 0xcf, 0xf1, 0xff, 0xff, 0x70,
    0x0, 0x0, 0x0, 0x9, 0xff, 0xa0, 0xff, 0xff,
    0xfb, 0x20, 0x0, 0x2, 0xbf, 0xfe, 0x10, 0xff,
    0x8d, 0xff, 0xfc, 0xa9, 0xcf, 0xff, 0xe2, 0x0,
    0xff, 0x61, 0x9f, 0xff, 0xff, 0xff, 0xfb, 0x10,
    0x0, 0xff, 0x70, 0x1, 0x7c, 0xee, 0xd9, 0x30,
    0x0, 0x0, 0x56, 0x20, 0x0, 0x0, 0x0, 0x0,
    0x0, 0x0, 0x0,

    /* U+F026 "" */
    0x0, 0x0, 0x0, 0x2, 0x40, 0x0, 0x0, 0x2,
    0xef, 0x0, 0x0, 0x2, 0xef, 0xf0, 0x0, 0x3,
    0xef, 0xff, 0xdf, 0xff, 0xff, 0xff, 0xff, 0xff,
    0xff, 0xff, 0xff, 0xff, 0xff, 0xff, 0xff, 0xff,
    0xff, 0xff, 0xff, 0xff, 0xff, 0xff, 0xff, 0xff,
    0xff, 0xff, 0xff, 0xff, 0xff, 0x7b, 0xbb, 0xdf,
    0xff, 0xf0, 0x0, 0x0, 0xbf, 0xff, 0x0, 0x0,
    0x0, 0xbf, 0xf0, 0x0, 0x0, 0x0, 0xbe, 0x0,
    0x0, 0x0, 0x0, 0x0,

    /* U+F027 "" */
    0x0, 0x0, 0x0, 0x2, 0x40, 0x0, 0x0, 0x0,
    0x0, 0x0, 0x2e, 0xf0, 0x0, 0x0, 0x0, 0x0,
    0x2, 0xef, 0xf0, 0x0, 0x0, 0x0, 0x0, 0x3e,
    0xff, 0xf0, 0x0, 0x0, 0xdf, 0xff, 0xff, 0xff,
    0xf0, 0x7, 0x10, 0xff, 0xff, 0xff, 0xff, 0xf0,
    0x3f, 0xd0, 0xff, 0xff, 0xff, 0xff, 0xf0, 0x8,
    0xf5, 0xff, 0xff, 0xff, 0xff, 0xf0, 0x4, 0xf7,
    0xff, 0xff, 0xff, 0xff, 0xf0, 0xd, 0xf3, 0xff,
    0xff, 0xff, 0xff, 0xf0, 0x3f, 0x70, 0x8b, 0xbb,
    0xdf, 0xff, 0xf0, 0x0, 0x0, 0x0, 0x0, 0xb,
    0xff, 0xf0, 0x0, 0x0, 0x0, 0x0, 0x0, 0xbf,
    0xf0, 0x0, 0x0, 0x0, 0x0, 0x0, 0xb, 0xe0,
    0x0, 0x0, 0x0, 0x0, 0x0, 0x0, 0x0, 0x0,
    0x0,

    /* U+F028 "" */
    0x0, 0x0, 0x0, 0x0, 0x0, 0x0, 0x0, 0x1,
    0x0, 0x0, 0x0, 0x0, 0x0, 0x0, 0x0, 0x0,
    0x0, 0x7, 0xf6, 0x0, 0x0, 0x0, 0x0, 0x0,
    0x2, 0x40, 0x0, 0x0, 0x2d, 0xf8, 0x0, 0x0,
    0x0, 0x0, 0x2, 0xef, 0x0, 0x0, 0x40, 0x1c,
    0xf4, 0x0, 0x0, 0x0, 0x2, 0xef, 0xf0, 0x0,
    0x5f, 0xb0, 0x1e, 0xe1, 0x0, 0x0, 0x3, 0xef,
    0xff, 0x0, 0x0, 0xaf, 0xa0, 0x6f, 0x70, 0xdf,
    0xff, 0xff, 0xff, 0xf0, 0x7, 0x10, 0xbf, 0x30,
    0xfd, 0xf, 0xff, 0xff, 0xff, 0xff, 0x3, 0xfd,
    0x3, 0xf9, 0xa, 0xf0, 0xff, 0xff, 0xff, 0xff,
    0xf0, 0x7, 0xf5, 0xe, 0xc0, 0x8f, 0x2f, 0xff,
    0xff, 0xff, 0xff, 0x0, 0x4f, 0x70, 0xdd, 0x7,
    0xf3, 0xff, 0xff, 0xff, 0xff, 0xf0, 0x1d, 0xf3,
    0xf, 0xb0, 0x9f, 0x2f, 0xff, 0xff, 0xff, 0xff,
    0x3, 0xf7, 0x7, 0xf6, 0xc, 0xf0, 0x7b, 0xbb,
    0xdf, 0xff, 0xf0, 0x0, 0x3, 0xfe, 0x12, 0xfa,
    0x0, 0x0, 0x0, 0xbf, 0xff, 0x0, 0x3, 0xff,
    0x40, 0xaf, 0x30, 0x0, 0x0, 0x0, 0xbf, 0xf0,
    0x0, 0x3c, 0x30, 0x6f, 0xa0, 0x0, 0x0, 0x0,
    0x0, 0xbe, 0x0, 0x0, 0x0, 0x6f, 0xe1, 0x0,
    0x0, 0x0, 0x0, 0x0, 0x0, 0x0, 0x0, 0x6f,
    0xd2, 0x0, 0x0, 0x0, 0x0, 0x0, 0x0, 0x0,
    0x0, 0x3, 0x90, 0x0, 0x0,

    /* U+F03E "" */
    0x3a, 0xbb, 0xbb, 0xbb, 0xbb, 0xbb, 0xbb, 0xbb,
    0xa3, 0xef, 0xff, 0xff, 0xff, 0xff, 0xff, 0xff,
    0xff, 0xfe, 0xff, 0xd5, 0x6e, 0xff, 0xff, 0xff,
    0xff, 0xff, 0xff, 0xff, 0x20, 0x4, 0xff, 0xff,
    0xff, 0xff, 0xff, 0xff, 0xff, 0x0, 0x2, 0xff,
    0xff, 0xff, 0xbf, 0xff, 0xff, 0xff, 0x50, 0x7,
    0xff, 0xff, 0xf5, 0x9, 0xff, 0xff, 0xff, 0xfb,
    0xbf, 0xff, 0xff, 0x50, 0x0, 0x9f, 0xff, 0xff,
    0xff, 0xcb, 0xff, 0xf5, 0x0, 0x0, 0x9, 0xff,
    0xff, 0xfc, 0x0, 0xaf, 0x50, 0x0, 0x0, 0x4,
    0xff, 0xff, 0xc0, 0x0, 0x3, 0x0, 0x0, 0x0,
    0x4, 0xff, 0xff, 0x40, 0x0, 0x0, 0x0, 0x0,
    0x0, 0x4, 0xff, 0xff, 0x74, 0x44, 0x44, 0x44,
    0x44, 0x44, 0x47, 0xff, 0xff, 0xff, 0xff, 0xff,
    0xff, 0xff, 0xff, 0xff, 0xff, 0x6f, 0xff, 0xff,
    0xff, 0xff, 0xff, 0xff, 0xff, 0xf6,

    /* U+F048 "" */
    0x6b, 0x90, 0x0, 0x0, 0x3, 0xa2, 0x9f, 0xe0,
    0x0, 0x0, 0x4f, 0xf9, 0x9f, 0xe0, 0x0, 0x5,
    0xff, 0xfa, 0x9f, 0xe0, 0x0, 0x6f, 0xff, 0xfa,
    0x9f, 0xe0, 0x7, 0xff, 0xff, 0xfa, 0x9f, 0xe0,
    0x8f, 0xff, 0xff, 0xfa, 0x9f, 0xe9, 0xff, 0xff,
    0xff, 0xfa, 0x9f, 0xff, 0xff, 0xff, 0xff, 0xfa,
    0x9f, 0xff, 0xff, 0xff, 0xff, 0xfa, 0x9f, 0xfe,
    0xff, 0xff, 0xff, 0xfa, 0x9f, 0xe1, 0xdf, 0xff,
    0xff, 0xfa, 0x9f, 0xe0, 0x1c, 0xff, 0xff, 0xfa,
    0x9f, 0xe0, 0x0, 0xbf, 0xff, 0xfa, 0x9f, 0xe0,
    0x0, 0xa, 0xff, 0xfa, 0x9f, 0xe0, 0x0, 0x0,
    0x9f, 0xfa, 0x9f, 0xe0, 0x0, 0x0, 0x8, 0xf6,
    0x0, 0x0, 0x0, 0x0, 0x0, 0x0,

    /* U+F04B "" */
    0x3a, 0x70, 0x0, 0x0, 0x0, 0x0, 0x0, 0x0,
    0xef, 0xfe, 0x50, 0x0, 0x0, 0x0, 0x0, 0x0,
    0xff, 0xff, 0xfb, 0x20, 0x0, 0x0, 0x0, 0x0,
    0xff, 0xff, 0xff, 0xf8, 0x0, 0x0, 0x0, 0x0,
    0xff, 0xff, 0xff, 0xff, 0xe6, 0x0, 0x0, 0x0,
    0xff, 0xff, 0xff, 0xff, 0xff, 0xc3, 0x0, 0x0,
    0xff, 0xff, 0xff, 0xff, 0xff, 0xff, 0x91, 0x0,
    0xff, 0xff, 0xff, 0xff, 0xff, 0xff, 0xfe, 0x60,
    0xff, 0xff, 0xff, 0xff, 0xff, 0xff, 0xff, 0xf7,
    0xff, 0xff, 0xff, 0xff, 0xff, 0xff, 0xff, 0xfa,
    0xff, 0xff, 0xff, 0xff, 0xff, 0xff, 0xff, 0xe2,
    0xff, 0xff, 0xff, 0xff, 0xff, 0xff, 0xf8, 0x0,
    0xff, 0xff, 0xff, 0xff, 0xff, 0xfb, 0x20, 0x0,
    0xff, 0xff, 0xff, 0xff, 0xfd, 0x40, 0x0, 0x0,
    0xff, 0xff, 0xff, 0xff, 0x70, 0x0, 0x0, 0x0,
    0xff, 0xff, 0xff, 0xa1, 0x0, 0x0, 0x0, 0x0,
    0xff, 0xff, 0xd3, 0x0, 0x0, 0x0, 0x0, 0x0,
    0xaf, 0xe6, 0x0, 0x0, 0x0, 0x0, 0x0, 0x0,
    0x2, 0x0, 0x0, 0x0, 0x0, 0x0, 0x0, 0x0,

    /* U+F04C "" */
    0x3a, 0xbb, 0xb9, 0x10, 0x3, 0xab, 0xbb, 0x91,
    0xef, 0xff, 0xff, 0xa0, 0xe, 0xff, 0xff, 0xfa,
    0xff, 0xff, 0xff, 0xc0, 0xf, 0xff, 0xff, 0xfc,
    0xff, 0xff, 0xff, 0xc0, 0xf, 0xff, 0xff, 0xfc,
    0xff, 0xff, 0xff, 0xc0, 0xf, 0xff, 0xff, 0xfc,
    0xff, 0xff, 0xff, 0xc0, 0xf, 0xff, 0xff, 0xfc,
    0xff, 0xff, 0xff, 0xc0, 0xf, 0xff, 0xff, 0xfc,
    0xff, 0xff, 0xff, 0xc0, 0xf, 0xff, 0xff, 0xfc,
    0xff, 0xff, 0xff, 0xc0, 0xf, 0xff, 0xff, 0xfc,
    0xff, 0xff, 0xff, 0xc0, 0xf, 0xff, 0xff, 0xfc,
    0xff, 0xff, 0xff, 0xc0, 0xf, 0xff, 0xff, 0xfc,
    0xff, 0xff, 0xff, 0xc0, 0xf, 0xff, 0xff, 0xfc,
    0xff, 0xff, 0xff, 0xc0, 0xf, 0xff, 0xff, 0xfc,
    0xff, 0xff, 0xff, 0xc0, 0xf, 0xff, 0xff, 0xfc,
    0xff, 0xff, 0xff, 0xb0, 0xf, 0xff, 0xff, 0xfb,
    0x7f, 0xff, 0xfe, 0x40, 0x7, 0xff, 0xff, 0xe4,
    0x0, 0x0, 0x0, 0x0, 0x0, 0x0, 0x0, 0x0,

    /* U+F04D "" */
    0x3a, 0xbb, 0xbb, 0xbb, 0xbb, 0xbb, 0xbb, 0x91,
    0xef, 0xff, 0xff, 0xff, 0xff, 0xff, 0xff, 0xfa,
    0xff, 0xff, 0xff, 0xff, 0xff, 0xff, 0xff, 0xfc,
    0xff, 0xff, 0xff, 0xff, 0xff, 0xff, 0xff, 0xfc,
    0xff, 0xff, 0xff, 0xff, 0xff, 0xff, 0xff, 0xfc,
    0xff, 0xff, 0xff, 0xff, 0xff, 0xff, 0xff, 0xfc,
    0xff, 0xff, 0xff, 0xff, 0xff, 0xff, 0xff, 0xfc,
    0xff, 0xff, 0xff, 0xff, 0xff, 0xff, 0xff, 0xfc,
    0xff, 0xff, 0xff, 0xff, 0xff, 0xff, 0xff, 0xfc,
    0xff, 0xff, 0xff, 0xff, 0xff, 0xff, 0xff, 0xfc,
    0xff, 0xff, 0xff, 0xff, 0xff, 0xff, 0xff, 0xfc,
    0xff, 0xff, 0xff, 0xff, 0xff, 0xff, 0xff, 0xfc,
    0xff, 0xff, 0xff, 0xff, 0xff, 0xff, 0xff, 0xfc,
    0xff, 0xff, 0xff, 0xff, 0xff, 0xff, 0xff, 0xfc,
    0xff, 0xff, 0xff, 0xff, 0xff, 0xff, 0xff, 0xfb,
    0x7f, 0xff, 0xff, 0xff, 0xff, 0xff, 0xff, 0xe4,
    0x0, 0x0, 0x0, 0x0, 0x0, 0x0, 0x0, 0x0,

    /* U+F051 "" */
    0x4a, 0x20, 0x0, 0x0, 0xa, 0xb4, 0xbf, 0xe3,
    0x0, 0x0, 0xf, 0xf8, 0xcf, 0xff, 0x40, 0x0,
    0xf, 0xf8, 0xcf, 0xff, 0xf5, 0x0, 0xf, 0xf8,
    0xcf, 0xff, 0xff, 0x60, 0xf, 0xf8, 0xcf, 0xff,
    0xff, 0xf7, 0xf, 0xf8, 0xcf, 0xff, 0xff, 0xff,
    0x9f, 0xf8, 0xcf, 0xff, 0xff, 0xff, 0xff, 0xf8,
    0xcf, 0xff, 0xff, 0xff, 0xff, 0xf8, 0xcf, 0xff,
    0xff, 0xff, 0xdf, 0xf8, 0xcf, 0xff, 0xff, 0xfc,
    0x1f, 0xf8, 0xcf, 0xff, 0xff, 0xb0, 0xf, 0xf8,
    0xcf, 0xff, 0xfa, 0x0, 0xf, 0xf8, 0xcf, 0xff,
    0x80, 0x0, 0xf, 0xf8, 0xbf, 0xf7, 0x0, 0x0,
    0xf, 0xf8, 0x7f, 0x60, 0x0, 0x0, 0xf, 0xf7,
    0x0, 0x0, 0x0, 0x0, 0x0, 0x0,

    /* U+F052 "" */
    0x0, 0x0, 0x0, 0x2, 0xca, 0x10, 0x0, 0x0,
    0x0, 0x0, 0x0, 0x0, 0x2e, 0xff, 0xc0, 0x0,
    0x0, 0x0, 0x0, 0x0, 0x1, 0xef, 0xff, 0xfb,
    0x0, 0x0, 0x0, 0x0, 0x0, 0x1d, 0xff, 0xff,
    0xff, 0xa0, 0x0, 0x0, 0x0, 0x0, 0xcf, 0xff,
    0xff, 0xff, 0xf9, 0x0, 0x0, 0x0, 0xb, 0xff,
    0xff, 0xff, 0xff, 0xff, 0x70, 0x0, 0x0, 0xaf,
    0xff, 0xff, 0xff, 0xff, 0xff, 0xf6, 0x0, 0x8,
    0xff, 0xff, 0xff, 0xff, 0xff, 0xff, 0xff, 0x40,
    0xf, 0xff, 0xff, 0xff, 0xff, 0xff, 0xff, 0xff,
    0xb0, 0xa, 0xff, 0xff, 0xff, 0xff, 0xff, 0xff,
    0xff, 0x60, 0x0, 0x34, 0x44, 0x44, 0x44, 0x44,
    0x44, 0x42, 0x0, 0x3, 0x77, 0x77, 0x77, 0x77,
    0x77, 0x77, 0x77, 0x10, 0xf, 0xff, 0xff, 0xff,
    0xff, 0xff, 0xff, 0xff, 0xb0, 0xf, 0xff, 0xff,
    0xff, 0xff, 0xff, 0xff, 0xff, 0xc0, 0xf, 0xff,
    0xff, 0xff, 0xff, 0xff, 0xff, 0xff, 0xb0, 0xc,
    0xff, 0xff, 0xff, 0xff, 0xff, 0xff, 0xff, 0x70,
    0x0, 0x0, 0x0, 0x0, 0x0, 0x0, 0x0, 0x0,
    0x0,

    /* U+F053 "" */
    0x0, 0x0, 0x0, 0x0, 0x41, 0x0, 0x0, 0x0,
    0x0, 0x9f, 0xd0, 0x0, 0x0, 0x0, 0x9f, 0xff,
    0x20, 0x0, 0x0, 0x9f, 0xff, 0x50, 0x0, 0x0,
    0x9f, 0xff, 0x50, 0x0, 0x0, 0x9f, 0xff, 0x50,
    0x0, 0x0, 0x9f, 0xff, 0x50, 0x0, 0x0, 0x9f,
    0xff, 0x50, 0x0, 0x0, 0xe, 0xff, 0xd1, 0x0,
    0x0, 0x0, 0x3e, 0xff, 0xc1, 0x0, 0x0, 0x0,
    0x3e, 0xff, 0xc1, 0x0, 0x0, 0x0, 0x3e, 0xff,
    0xc1, 0x0, 0x0, 0x0, 0x3e, 0xff, 0xc1, 0x0,
    0x0, 0x0, 0x3e, 0xff, 0xc0, 0x0, 0x0, 0x0,
    0x3e, 0xff, 0x20, 0x0, 0x0, 0x0, 0x3c, 0x60,

    /* U+F054 "" */
    0x0, 0x50, 0x0, 0x0, 0x0, 0x0, 0x9f, 0xc1,
    0x0, 0x0, 0x0, 0xe, 0xff, 0xc1, 0x0, 0x0,
    0x0, 0x2e, 0xff, 0xc1, 0x0, 0x0, 0x0, 0x2e,
    0xff, 0xc1, 0x0, 0x0, 0x0, 0x2e, 0xff, 0xc1,
    0x0, 0x0, 0x0, 0x2e, 0xff, 0xc1, 0x0, 0x0,
    0x0, 0x2e, 0xff, 0xc0, 0x0, 0x0, 0x0, 0xaf,
    0xff, 0x20, 0x0, 0x0, 0x9f, 0xff, 0x50, 0x0,
    0x0, 0x9f, 0xff, 0x50, 0x0, 0x0, 0x9f, 0xff,
    0x50, 0x0, 0x0, 0x9f, 0xff, 0x60, 0x0, 0x0,
    0x9f, 0xff, 0x60, 0x0, 0x0, 0xe, 0xff, 0x60,
    0x0, 0x0, 0x0, 0x3d, 0x50, 0x0, 0x0, 0x0,

    /* U+F067 "" */
    0x0, 0x0, 0x0, 0x39, 0x91, 0x0, 0x0, 0x0,
    0x0, 0x0, 0x0, 0xcf, 0xf8, 0x0, 0x0, 0x0,
    0x0, 0x0, 0x0, 0xdf, 0xf9, 0x0, 0x0, 0x0,
    0x0, 0x0, 0x0, 0xdf, 0xf9, 0x0, 0x0, 0x0,
    0x0, 0x0, 0x0, 0xdf, 0xf9, 0x0, 0x0, 0x0,
    0x0, 0x0, 0x0, 0xdf, 0xf9, 0x0, 0x0, 0x0,
    0x36, 0x77, 0x77, 0xef, 0xfc, 0x77, 0x77, 0x61,
    0xef, 0xff, 0xff, 0xff, 0xff, 0xff, 0xff, 0xfa,
    0xff, 0xff, 0xff, 0xff, 0xff, 0xff, 0xff, 0xfb,
    0xae, 0xff, 0xff, 0xff, 0xff, 0xff, 0xff, 0xe6,
    0x0, 0x0, 0x0, 0xdf, 0xf9, 0x0, 0x0, 0x0,
    0x0, 0x0, 0x0, 0xdf, 0xf9, 0x0, 0x0, 0x0,
    0x0, 0x0, 0x0, 0xdf, 0xf9, 0x0, 0x0, 0x0,
    0x0, 0x0, 0x0, 0xdf, 0xf9, 0x0, 0x0, 0x0,
    0x0, 0x0, 0x0, 0xdf, 0xf9, 0x0, 0x0, 0x0,
    0x0, 0x0, 0x0, 0x9f, 0xf5, 0x0, 0x0, 0x0,
    0x0, 0x0, 0x0, 0x1, 0x10, 0x0, 0x0, 0x0,

    /* U+F068 "" */
    0x36, 0x66, 0x66, 0x66, 0x66, 0x66, 0x66, 0x61,
    0xef, 0xff, 0xff, 0xff, 0xff, 0xff, 0xff, 0xfa,
    0xff, 0xff, 0xff, 0xff, 0xff, 0xff, 0xff, 0xfb,
    0xaf, 0xff, 0xff, 0xff, 0xff, 0xff, 0xff, 0xf6,

    /* U+F06E "" */
    0x0, 0x0, 0x0, 0x3, 0x68, 0x87, 0x40, 0x0,
    0x0, 0x0, 0x0, 0x0, 0x0, 0x8e, 0xff, 0xff,
    0xff, 0xf9, 0x20, 0x0, 0x0, 0x0, 0x4, 0xef,
    0xfd, 0x63, 0x25, 0xbf, 0xff, 0x70, 0x0, 0x0,
    0x7, 0xff, 0xfa, 0x0, 0x0, 0x0, 0x7f, 0xff,
    0xa0, 0x0, 0x6, 0xff, 0xfd, 0x0, 0x8, 0xfc,
    0x20, 0x9f, 0xff, 0xa0, 0x2, 0xff, 0xff, 0x50,
    0x0, 0x8f, 0xfe, 0x12, 0xff, 0xff, 0x60, 0xcf,
    0xff, 0xf2, 0x16, 0x7f, 0xff, 0xf5, 0xe, 0xff,
    0xfe, 0x1e, 0xff, 0xff, 0x12, 0xff, 0xff, 0xff,
    0x70, 0xdf, 0xff, 0xf2, 0x6f, 0xff, 0xf3, 0xe,
    0xff, 0xff, 0xf3, 0xf, 0xff, 0xfb, 0x0, 0xbf,
    0xff, 0x90, 0x4f, 0xff, 0xf8, 0x5, 0xff, 0xfe,
    0x10, 0x1, 0xdf, 0xff, 0x40, 0x28, 0x84, 0x1,
    0xef, 0xff, 0x30, 0x0, 0x1, 0xbf, 0xff, 0x60,
    0x0, 0x4, 0xef, 0xfd, 0x30, 0x0, 0x0, 0x0,
    0x6e, 0xff, 0xfb, 0xbe, 0xff, 0xf9, 0x0, 0x0,
    0x0, 0x0, 0x0, 0x5, 0xad, 0xff, 0xeb, 0x71,
    0x0, 0x0, 0x0,

    /* U+F070 "" */
    0x4a, 0x10, 0x0, 0x0, 0x0, 0x0, 0x0, 0x0,
    0x0, 0x0, 0x0, 0xe, 0xfe, 0x30, 0x0, 0x0,
    0x0, 0x0, 0x0, 0x0, 0x0, 0x0, 0x0, 0x5f,
    0xff, 0x60, 0x0, 0x15, 0x78, 0x74, 0x0, 0x0,
    0x0, 0x0, 0x0, 0x2d, 0xff, 0xa6, 0xdf, 0xff,
    0xff, 0xff, 0xa2, 0x0, 0x0, 0x0, 0x0, 0xa,
    0xff, 0xff, 0xe8, 0x32, 0x5b, 0xff, 0xf8, 0x0,
    0x0, 0x0, 0x0, 0x6, 0xff, 0xf6, 0x0, 0x10,
    0x6, 0xff, 0xfb, 0x0, 0x0, 0x0, 0x0, 0x3,
    0xef, 0xf8, 0x7f, 0xd3, 0x9, 0xff, 0xfb, 0x0,
    0x0, 0x1e, 0x70, 0x1, 0xbf, 0xfe, 0xff, 0xf2,
    0x1f, 0xff, 0xf7, 0x0, 0x9, 0xff, 0xa0, 0x0,
    0x8f, 0xff, 0xff, 0x70, 0xdf, 0xff, 0xf1, 0x0,
    0xcf, 0xff, 0xd1, 0x0, 0x5f, 0xff, 0xf9, 0xc,
    0xff, 0xff, 0x30, 0x5, 0xff, 0xff, 0x60, 0x0,
    0x2d, 0xff, 0xb0, 0xef, 0xff, 0xb0, 0x0, 0xa,
    0xff, 0xfc, 0x0, 0x0, 0xa, 0xff, 0xef, 0xff,
    0xe1, 0x0, 0x0, 0xc, 0xff, 0xf6, 0x0, 0x0,
    0x6, 0xff, 0xff, 0xf3, 0x0, 0x0, 0x0, 0xa,
    0xff, 0xf8, 0x10, 0x0, 0x3, 0xef, 0xfa, 0x0,
    0x0, 0x0, 0x0, 0x5, 0xef, 0xff, 0xcb, 0x80,
    0x1, 0xbf, 0xfb, 0x10, 0x0, 0x0, 0x0, 0x0,
    0x5a, 0xdf, 0xfe, 0x70, 0x0, 0x8f, 0xfe, 0x30,
    0x0, 0x0, 0x0, 0x0, 0x0, 0x0, 0x0, 0x0,
    0x0, 0x5f, 0xff, 0x30, 0x0, 0x0, 0x0, 0x0,
    0x0, 0x0, 0x0, 0x0, 0x0, 0x2d, 0xe1, 0x0,
    0x0, 0x0, 0x0, 0x0, 0x0, 0x0, 0x0, 0x0,
    0x0, 0x1, 0x0,

    /* U+F071 "" */
    0x0, 0x0, 0x0, 0x0, 0x1, 0xcd, 0x40, 0x0,
    0x0, 0x0, 0x0, 0x0, 0x0, 0x0, 0x0, 0xa,
    0xff, 0xe0, 0x0, 0x0, 0x0, 0x0, 0x0, 0x0,
    0x0, 0x0, 0x4f, 0xff, 0xf8, 0x0, 0x0, 0x0,
    0x0, 0x0, 0x0, 0x0, 0x0, 0xdf, 0xff, 0xff,
    0x10, 0x0, 0x0, 0x0, 0x0, 0x0, 0x0, 0x6,
    0xff, 0xff, 0xff, 0xa0, 0x0, 0x0, 0x0, 0x0,
    0x0, 0x0, 0xe, 0xff, 0xff, 0xff, 0xf3, 0x0,
    0x0, 0x0, 0x0, 0x0, 0x0, 0x8f, 0xfb, 0x33,
    0x8f, 0xfc, 0x0, 0x0, 0x0, 0x0, 0x0, 0x2,
    0xff, 0xf9, 0x0, 0x6f, 0xff, 0x60, 0x0, 0x0,
    0x0, 0x0, 0xa, 0xff, 0xfa, 0x0, 0x6f, 0xff,
    0xe0, 0x0, 0x0, 0x0, 0x0, 0x4f, 0xff, 0xfb,
    0x0, 0x7f, 0xff, 0xf8, 0x0, 0x0, 0x0, 0x0,
    0xdf, 0xff, 0xfc, 0x0, 0x8f, 0xff, 0xff, 0x10,
    0x0, 0x0, 0x6, 0xff, 0xff, 0xfd, 0x0, 0x9f,
    0xff, 0xff, 0xa0, 0x0, 0x0, 0xe, 0xff, 0xff,
    0xff, 0xcb, 0xff, 0xff, 0xff, 0xf3, 0x0, 0x0,
    0x8f, 0xff, 0xff, 0xfc, 0x0, 0x8f, 0xff, 0xff,
    0xfc, 0x0, 0x2, 0xff, 0xff, 0xff, 0xf9, 0x0,
    0x4f, 0xff, 0xff, 0xff, 0x60, 0xa, 0xff, 0xff,
    0xff, 0xfe, 0x42, 0xcf, 0xff, 0xff, 0xff, 0xe0,
    0xf, 0xff, 0xff, 0xff, 0xff, 0xff, 0xff, 0xff,
    0xff, 0xff, 0xf3, 0x9, 0xff, 0xff, 0xff, 0xff,
    0xff, 0xff, 0xff, 0xff, 0xff, 0xd0, 0x0, 0x23,
    0x33, 0x33, 0x33, 0x33, 0x33, 0x33, 0x33, 0x33,
    0x0,

    /* U+F074 "" */
    0x0, 0x0, 0x0, 0x0, 0x0, 0x0, 0x1, 0x40,
    0x0, 0x0, 0x0, 0x0, 0x0, 0x0, 0x0, 0x7,
    0xf9, 0x0, 0x12, 0x22, 0x10, 0x0, 0x0, 0x1,
    0x29, 0xff, 0x90, 0xff, 0xff, 0xe2, 0x0, 0x0,
    0x6f, 0xff, 0xff, 0xf8, 0xff, 0xff, 0xfe, 0x20,
    0x5, 0xff, 0xff, 0xff, 0xfd, 0x9a, 0xad, 0xff,
    0xd0, 0x5f, 0xff, 0xbd, 0xff, 0xe2, 0x0, 0x0,
    0xcf, 0x44, 0xff, 0xf9, 0x8, 0xfe, 0x20, 0x0,
    0x0, 0x4, 0x4f, 0xff, 0x90, 0x4, 0xd2, 0x0,
    0x0, 0x0, 0x3, 0xff, 0xfa, 0x0, 0x0, 0x10,
    0x0, 0x0, 0x0, 0x3f, 0xff, 0xa1, 0x91, 0x6,
    0xf6, 0x0, 0x0, 0x2, 0xef, 0xfb, 0xc, 0xfc,
    0x8, 0xff, 0x60, 0xef, 0xff, 0xff, 0xb0, 0x1d,
    0xff, 0xff, 0xff, 0xf6, 0xff, 0xff, 0xfc, 0x0,
    0x2, 0xef, 0xff, 0xff, 0xfe, 0xdd, 0xdd, 0xb0,
    0x0, 0x0, 0x2d, 0xde, 0xff, 0xf5, 0x0, 0x0,
    0x0, 0x0, 0x0, 0x0, 0x8, 0xff, 0x50, 0x0,
    0x0, 0x0, 0x0, 0x0, 0x0, 0x6, 0xf5, 0x0,
    0x0, 0x0, 0x0, 0x0, 0x0, 0x0, 0x0, 0x0,
    0x0,

    /* U+F077 "" */
    0x0, 0x0, 0x0, 0x4, 0x20, 0x0, 0x0, 0x0,
    0x0, 0x0, 0x0, 0x5f, 0xe2, 0x0, 0x0, 0x0,
    0x0, 0x0, 0x5, 0xff, 0xfe, 0x20, 0x0, 0x0,
    0x0, 0x0, 0x5f, 0xff, 0xff, 0xe3, 0x0, 0x0,
    0x0, 0x6, 0xff, 0xfa, 0xcf, 0xfe, 0x30, 0x0,
    0x0, 0x6f, 0xff, 0x90, 0xc, 0xff, 0xe3, 0x0,
    0x6, 0xff, 0xf9, 0x0, 0x0, 0xcf, 0xfe, 0x30,
    0x5f, 0xff, 0x90, 0x0, 0x0, 0xc, 0xff, 0xe2,
    0xaf, 0xf9, 0x0, 0x0, 0x0, 0x0, 0xcf, 0xf6,
    0x1b, 0x80, 0x0, 0x0, 0x0, 0x0, 0xb, 0x90,

    /* U+F078 "" */
    0x3, 0x20, 0x0, 0x0, 0x0, 0x0, 0x3, 0x20,
    0x6f, 0xe2, 0x0, 0x0, 0x0, 0x0, 0x5f, 0xf2,
    0xaf, 0xfe, 0x30, 0x0, 0x0, 0x5, 0xff, 0xf6,
    0x1c, 0xff, 0xe3, 0x0, 0x0, 0x5f, 0xff, 0x90,
    0x1, 0xcf, 0xfe, 0x30, 0x5, 0xff, 0xf9, 0x0,
    0x0, 0x1c, 0xff, 0xe3, 0x5f, 0xff, 0x90, 0x0,
    0x0, 0x1, 0xcf, 0xff, 0xff, 0xf9, 0x0, 0x0,
    0x0, 0x0, 0x1c, 0xff, 0xff, 0x90, 0x0, 0x0,
    0x0, 0x0, 0x1, 0xcf, 0xf9, 0x0, 0x0, 0x0,
    0x0, 0x0, 0x0, 0x1b, 0x90, 0x0, 0x0, 0x0,

    /* U+F079 "" */
    0x0, 0x0, 0x26, 0x0, 0x0, 0x0, 0x0, 0x0,
    0x0, 0x0, 0x0, 0x0, 0x0, 0x2, 0xef, 0xa0,
    0x0, 0x44, 0x44, 0x44, 0x44, 0x42, 0x0, 0x0,
    0x0, 0x2e, 0xff, 0xfa, 0x4, 0xff, 0xff, 0xff,
    0xff, 0xfd, 0x0, 0x0, 0x3, 0xef, 0xff, 0xff,
    0xa0, 0xaf, 0xff, 0xff, 0xff, 0xfe, 0x0, 0x0,
    0xe, 0xfd, 0xef, 0xcf, 0xf8, 0x0, 0x0, 0x0,
    0x5, 0xfe, 0x0, 0x0, 0xb, 0xe2, 0xdf, 0x67,
    0xf5, 0x0, 0x0, 0x0, 0x5, 0xfe, 0x0, 0x0,
    0x0, 0x0, 0xdf, 0x60, 0x0, 0x0, 0x0, 0x0,
    0x5, 0xfe, 0x0, 0x0, 0x0, 0x0, 0xdf, 0x60,
    0x0, 0x0, 0x0, 0x0, 0x5, 0xfe, 0x0, 0x0,
    0x0, 0x0, 0xdf, 0x60, 0x0, 0x0, 0x0, 0x4,
    0x15, 0xfe, 0x3, 0x20, 0x0, 0x0, 0xdf, 0x60,
    0x0, 0x0, 0x0, 0x6f, 0xd6, 0xfe, 0x4f, 0xf1,
    0x0, 0x0, 0xdf, 0x94, 0x44, 0x44, 0x41, 0x3f,
    0xff, 0xff, 0xff, 0xc0, 0x0, 0x0, 0xdf, 0xff,
    0xff, 0xff, 0xff, 0x24, 0xff, 0xff, 0xfc, 0x10,
    0x0, 0x0, 0x9f, 0xff, 0xff, 0xff, 0xfe, 0x30,
    0x4f, 0xff, 0xc0, 0x0, 0x0, 0x0, 0x0, 0x0,
    0x0, 0x0, 0x0, 0x0, 0x4, 0xfc, 0x0, 0x0,
    0x0, 0x0, 0x0, 0x0, 0x0, 0x0, 0x0, 0x0,
    0x0, 0x10, 0x0, 0x0,

    /* U+F07B "" */
    0x17, 0x88, 0x88, 0x84, 0x0, 0x0, 0x0, 0x0,
    0x0, 0xcf, 0xff, 0xff, 0xff, 0x50, 0x0, 0x0,
    0x0, 0x0, 0xff, 0xff, 0xff, 0xff, 0xf6, 0x44,
    0x44, 0x44, 0x30, 0xff, 0xff, 0xff, 0xff, 0xff,
    0xff, 0xff, 0xff, 0xfa, 0xff, 0xff, 0xff, 0xff,
    0xff, 0xff, 0xff, 0xff, 0xff, 0xff, 0xff, 0xff,
    0xff, 0xff, 0xff, 0xff, 0xff, 0xff, 0xff, 0xff,
    0xff, 0xff, 0xff, 0xff, 0xff, 0xff, 0xff, 0xff,
    0xff, 0xff, 0xff, 0xff, 0xff, 0xff, 0xff, 0xff,
    0xff, 0xff, 0xff, 0xff, 0xff, 0xff, 0xff, 0xff,
    0xff, 0xff, 0xff, 0xff, 0xff, 0xff, 0xff, 0xff,
    0xff, 0xff, 0xff, 0xff, 0xff, 0xff, 0xff, 0xff,
    0xff, 0xff, 0xff, 0xff, 0xff, 0xff, 0xff, 0xff,
    0xff, 0xff, 0xff, 0xff, 0xff, 0xff, 0xff, 0xff,
    0xff, 0xff, 0xff, 0xff, 0xff, 0x7f, 0xff, 0xff,
    0xff, 0xff, 0xff, 0xff, 0xff, 0xf6,

    /* U+F093 "" */
    0x0, 0x0, 0x0, 0x0, 0x47, 0x0, 0x0, 0x0,
    0x0, 0x0, 0x0, 0x0, 0x4, 0xff, 0x90, 0x0,
    0x0, 0x0, 0x0, 0x0, 0x0, 0x4f, 0xff, 0xf9,
    0x0, 0x0, 0x0, 0x0, 0x0, 0x4, 0xff, 0xff,
    0xff, 0x90, 0x0, 0x0, 0x0, 0x0, 0x4f, 0xff,
    0xff, 0xff, 0xf9, 0x0, 0x0, 0x0, 0x4, 0xff,
    0xff, 0xff, 0xff, 0xff, 0x90, 0x0, 0x0, 0xc,
    0xff, 0xff, 0xff, 0xff, 0xff, 0xf1, 0x0, 0x0,
    0x0, 0x11, 0x2f, 0xff, 0xf7, 0x11, 0x10, 0x0,
    0x0, 0x0, 0x0, 0x1f, 0xff, 0xf6, 0x0, 0x0,
    0x0, 0x0, 0x0, 0x0, 0x1f, 0xff, 0xf6, 0x0,
    0x0, 0x0, 0x0, 0x0, 0x0, 0x1f, 0xff, 0xf6,
    0x0, 0x0, 0x0, 0x0, 0x0, 0x0, 0x1f, 0xff,
    0xf6, 0x0, 0x0, 0x0, 0x24, 0x44, 0x42, 0x1f,
    0xff, 0xf6, 0x24, 0x44, 0x42, 0xff, 0xff, 0xfc,
    0x8, 0xbb, 0xa2, 0xcf, 0xff, 0xff, 0xff, 0xff,
    0xff, 0xa5, 0x55, 0x5a, 0xff, 0xff, 0xff, 0xff,
    0xff, 0xff, 0xff, 0xff, 0xff, 0xff, 0xff, 0xff,
    0xff, 0xff, 0xff, 0xff, 0xff, 0xff, 0x66, 0xc4,
    0xff, 0xdf, 0xff, 0xff, 0xff, 0xff, 0xff, 0xff,
    0xff, 0xfd, 0x0, 0x0, 0x0, 0x0, 0x0, 0x0,
    0x0, 0x0, 0x0,

    /* U+F095 "" */
    0x0, 0x0, 0x0, 0x0, 0x0, 0x0, 0x2, 0xb8,
    0x41, 0x0, 0x0, 0x0, 0x0, 0x0, 0x0, 0x0,
    0x9f, 0xff, 0xfb, 0x0, 0x0, 0x0, 0x0, 0x0,
    0x0, 0x1f, 0xff, 0xff, 0xf0, 0x0, 0x0, 0x0,
    0x0, 0x0, 0x7, 0xff, 0xff, 0xfe, 0x0, 0x0,
    0x0, 0x0, 0x0, 0x0, 0xdf, 0xff, 0xff, 0xc0,
    0x0, 0x0, 0x0, 0x0, 0x0, 0xc, 0xff, 0xff,
    0xf9, 0x0, 0x0, 0x0, 0x0, 0x0, 0x0, 0xa,
    0xff, 0xff, 0x50, 0x0, 0x0, 0x0, 0x0, 0x0,
    0x0, 0xc, 0xff, 0xf1, 0x0, 0x0, 0x0, 0x0,
    0x0, 0x0, 0x3, 0xff, 0xfa, 0x0, 0x0, 0x0,
    0x0, 0x0, 0x0, 0x0, 0xdf, 0xff, 0x20, 0x0,
    0x0, 0x0, 0x0, 0x0, 0x0, 0xaf, 0xff, 0x90,
    0x0, 0x0, 0x4, 0xa5, 0x0, 0x0, 0xaf, 0xff,
    0xd0, 0x0, 0x0, 0x7d, 0xff, 0xf4, 0x2, 0xcf,
    0xff, 0xe2, 0x0, 0x0, 0xdf, 0xff, 0xff, 0xe9,
    0xff, 0xff, 0xf3, 0x0, 0x0, 0xd, 0xff, 0xff,
    0xff, 0xff, 0xff, 0xe2, 0x0, 0x0, 0x0, 0x9f,
    0xff, 0xff, 0xff, 0xff, 0xa1, 0x0, 0x0, 0x0,
    0x6, 0xff, 0xff, 0xff, 0xfc, 0x40, 0x0, 0x0,
    0x0, 0x0, 0x2f, 0xff, 0xfd, 0x83, 0x0, 0x0,
    0x0, 0x0, 0x0, 0x0, 0x23, 0x20, 0x0, 0x0,
    0x0, 0x0, 0x0, 0x0, 0x0,

    /* U+F0C4 "" */
    0x0, 0x35, 0x20, 0x0, 0x0, 0x0, 0x0, 0x0,
    0x1c, 0xff, 0xfa, 0x0, 0x0, 0x1, 0x9c, 0xa1,
    0xaf, 0xfe, 0xff, 0x60, 0x0, 0x2e, 0xff, 0xf9,
    0xef, 0x60, 0xaf, 0xb0, 0x3, 0xef, 0xff, 0xb0,
    0xef, 0x92, 0xcf, 0x90, 0x3e, 0xff, 0xfa, 0x0,
    0x7f, 0xff, 0xff, 0xe6, 0xff, 0xff, 0xa0, 0x0,
    0x8, 0xff, 0xff, 0xff, 0xff, 0xfa, 0x0, 0x0,
    0x0, 0x1, 0xcf, 0xff, 0xff, 0xa0, 0x0, 0x0,
    0x0, 0x0, 0x3f, 0xff, 0xff, 0x10, 0x0, 0x0,
    0x0, 0x36, 0xef, 0xff, 0xff, 0xd1, 0x0, 0x0,
    0x1c, 0xff, 0xff, 0xff, 0xff, 0xfd, 0x10, 0x0,
    0xaf, 0xfe, 0xff, 0xc2, 0xdf, 0xff, 0xd1, 0x0,
    0xef, 0x60, 0xaf, 0xa0, 0x1c, 0xff, 0xfe, 0x20,
    0xef, 0x92, 0xcf, 0xa0, 0x0, 0xcf, 0xff, 0xe2,
    0x7f, 0xff, 0xff, 0x40, 0x0, 0xb, 0xff, 0xf9,
    0x8, 0xff, 0xe5, 0x0, 0x0, 0x0, 0x58, 0x50,
    0x0, 0x1, 0x0, 0x0, 0x0, 0x0, 0x0, 0x0,

    /* U+F0C5 "" */
    0x0, 0x0, 0x6f, 0xff, 0xff, 0xf1, 0x68, 0x0,
    0x0, 0x0, 0xaf, 0xff, 0xff, 0xf1, 0x7f, 0x80,
    0x0, 0x0, 0xaf, 0xff, 0xff, 0xf1, 0x7f, 0xf8,
    0x36, 0x62, 0xaf, 0xff, 0xff, 0xf1, 0x36, 0x66,
    0xff, 0xf6, 0xaf, 0xff, 0xff, 0xf6, 0x22, 0x22,
    0xff, 0xf6, 0xaf, 0xff, 0xff, 0xff, 0xff, 0xfe,
    0xff, 0xf6, 0xaf, 0xff, 0xff, 0xff, 0xff, 0xfe,
    0xff, 0xf6, 0xaf, 0xff, 0xff, 0xff, 0xff, 0xfe,
    0xff, 0xf6, 0xaf, 0xff, 0xff, 0xff, 0xff, 0xfe,
    0xff, 0xf6, 0xaf, 0xff, 0xff, 0xff, 0xff, 0xfe,
    0xff, 0xf6, 0xaf, 0xff, 0xff, 0xff, 0xff, 0xfe,
    0xff, 0xf6, 0xaf, 0xff, 0xff, 0xff, 0xff, 0xfe,
    0xff, 0xf6, 0xaf, 0xff, 0xff, 0xff, 0xff, 0xfe,
    0xff, 0xf6, 0xaf, 0xff, 0xff, 0xff, 0xff, 0xfe,
    0xff, 0xf7, 0x6f, 0xff, 0xff, 0xff, 0xff, 0xfa,
    0xff, 0xfe, 0x30, 0x0, 0x0, 0x0, 0x0, 0x0,
    0xff, 0xff, 0xff, 0xff, 0xff, 0xf1, 0x0, 0x0,
    0xef, 0xff, 0xff, 0xff, 0xff, 0xf0, 0x0, 0x0,
    0x14, 0x44, 0x44, 0x44, 0x44, 0x20, 0x0, 0x0,

    /* U+F0C7 "" */
    0x5, 0x66, 0x66, 0x66, 0x66, 0x64, 0x0, 0x0,
    0xcf, 0xff, 0xff, 0xff, 0xff, 0xff, 0x90, 0x0,
    0xff, 0xed, 0xdd, 0xdd, 0xdd, 0xef, 0xf9, 0x0,
    0xff, 0x40, 0x0, 0x0, 0x0, 0xf, 0xff, 0x90,
    0xff, 0x40, 0x0, 0x0, 0x0, 0xe, 0xff, 0xf6,
    0xff, 0x40, 0x0, 0x0, 0x0, 0xe, 0xff, 0xf9,
    0xff, 0x40, 0x0, 0x0, 0x0, 0xf, 0xff, 0xf9,
    0xff, 0xff, 0xff, 0xff, 0xff, 0xff, 0xff, 0xf9,
    0xff, 0xff, 0xff, 0xff, 0xff, 0xff, 0xff, 0xf9,
    0xff, 0xff, 0xff, 0xc5, 0x7f, 0xff, 0xff, 0xf9,
    0xff, 0xff, 0xfe, 0x0, 0x5, 0xff, 0xff, 0xf9,
    0xff, 0xff, 0xfa, 0x0, 0x1, 0xff, 0xff, 0xf9,
    0xff, 0xff, 0xfd, 0x0, 0x4, 0xff, 0xff, 0xf9,
    0xff, 0xff, 0xff, 0x93, 0x4d, 0xff, 0xff, 0xf9,
    0xff, 0xff, 0xff, 0xff, 0xff, 0xff, 0xff, 0xf8,
    0x8f, 0xff, 0xff, 0xff, 0xff, 0xff, 0xff, 0xe3,
    0x1, 0x22, 0x22, 0x22, 0x22, 0x22, 0x21, 0x0,

    /* U+F0E7 "" */
    0x0, 0xaf, 0xff, 0xff, 0xa0, 0x0, 0x0, 0xf,
    0xff, 0xff, 0xfb, 0x0, 0x0, 0x1, 0xff, 0xff,
    0xff, 0x60, 0x0, 0x0, 0x3f, 0xff, 0xff, 0xf1,
    0x0, 0x0, 0x5, 0xff, 0xff, 0xfb, 0x0, 0x0,
    0x0, 0x8f, 0xff, 0xff, 0xa5, 0x55, 0x40, 0xa,
    0xff, 0xff, 0xff, 0xff, 0xff, 0x30, 0xcf, 0xff,
    0xff, 0xff, 0xff, 0xc0, 0xe, 0xff, 0xff, 0xff,
    0xff, 0xf3, 0x0, 0xef, 0xff, 0xff, 0xff, 0xfa,
    0x0, 0x1, 0x22, 0x23, 0xff, 0xff, 0x10, 0x0,
    0x0, 0x0, 0x4f, 0xff, 0x70, 0x0, 0x0, 0x0,
    0x8, 0xff, 0xe0, 0x0, 0x0, 0x0, 0x0, 0xcf,
    0xf5, 0x0, 0x0, 0x0, 0x0, 0xf, 0xfc, 0x0,
    0x0, 0x0, 0x0, 0x3, 0xff, 0x30, 0x0, 0x0,
    0x0, 0x0, 0x7f, 0x90, 0x0, 0x0, 0x0, 0x0,
    0x7, 0xe1, 0x0, 0x0, 0x0, 0x0, 0x0, 0x0,
    0x0, 0x0, 0x0, 0x0,

    /* U+F0EA "" */
    0x0, 0x0, 0x8d, 0x90, 0x0, 0x0, 0x0, 0x0,
    0x8b, 0xbc, 0xfa, 0xfd, 0xbb, 0x90, 0x0, 0x0,
    0xff, 0xff, 0xd0, 0xcf, 0xff, 0xf1, 0x0, 0x0,
    0xff, 0xff, 0xf8, 0xff, 0xff, 0xf1, 0x0, 0x0,
    0xff, 0xff, 0xff, 0xff, 0xff, 0xf1, 0x0, 0x0,
    0xff, 0xff, 0xf3, 0x0, 0x0, 0x0, 0x0, 0x0,
    0xff, 0xff, 0x95, 0xff, 0xff, 0xf1, 0x79, 0x0,
    0xff, 0xff, 0x88, 0xff, 0xff, 0xf1, 0x7f, 0xb0,
    0xff, 0xff, 0x88, 0xff, 0xff, 0xf1, 0x7f, 0xfa,
    0xff, 0xff, 0x88, 0xff, 0xff, 0xf2, 0x2, 0x21,
    0xff, 0xff, 0x88, 0xff, 0xff, 0xff, 0xdd, 0xdc,
    0xff, 0xff, 0x88, 0xff, 0xff, 0xff, 0xff, 0xfe,
    0xff, 0xff, 0x88, 0xff, 0xff, 0xff, 0xff, 0xfe,
    0xff, 0xff, 0x88, 0xff, 0xff, 0xff, 0xff, 0xfe,
    0x7a, 0xaa, 0x58, 0xff, 0xff, 0xff, 0xff, 0xfe,
    0x0, 0x0, 0x8, 0xff, 0xff, 0xff, 0xff, 0xfe,
    0x0, 0x0, 0x8, 0xff, 0xff, 0xff, 0xff, 0xfe,
    0x0, 0x0, 0x6, 0xff, 0xff, 0xff, 0xff, 0xfc,
    0x0, 0x0, 0x0, 0x0, 0x0, 0x0, 0x0, 0x0,

    /* U+F0F3 "" */
    0x0, 0x0, 0x0, 0x8, 0x60, 0x0, 0x0, 0x0,
    0x0, 0x0, 0x0, 0x3f, 0xf0, 0x0, 0x0, 0x0,
    0x0, 0x0, 0x6, 0xcf, 0xfa, 0x40, 0x0, 0x0,
    0x0, 0x1, 0xcf, 0xff, 0xff, 0xf9, 0x0, 0x0,
    0x0, 0xc, 0xff, 0xff, 0xff, 0xff, 0x80, 0x0,
    0x0, 0x5f, 0xff, 0xff, 0xff, 0xff, 0xf1, 0x0,
    0x0, 0x9f, 0xff, 0xff, 0xff, 0xff, 0xf5, 0x0,
    0x0, 0xbf, 0xff, 0xff, 0xff, 0xff, 0xf7, 0x0,
    0x0, 0xcf, 0xff, 0xff, 0xff, 0xff, 0xf8, 0x0,
    0x0, 0xef, 0xff, 0xff, 0xff, 0xff, 0xfa, 0x0,
    0x2, 0xff, 0xff, 0xff, 0xff, 0xff, 0xfe, 0x0,
    0x8, 0xff, 0xff, 0xff, 0xff, 0xff, 0xff, 0x40,
    0x3f, 0xff, 0xff, 0xff, 0xff, 0xff, 0xff, 0xd1,
    0xef, 0xff, 0xff, 0xff, 0xff, 0xff, 0xff, 0xfa,
    0xaf, 0xff, 0xff, 0xff, 0xff, 0xff, 0xff, 0xf7,
    0x0, 0x0, 0x0, 0x0, 0x0, 0x0, 0x0, 0x0,
    0x0, 0x0, 0x4, 0xff, 0xff, 0x0, 0x0, 0x0,
    0x0, 0x0, 0x0, 0xbf, 0xf7, 0x0, 0x0, 0x0,
    0x0, 0x0, 0x0, 0x2, 0x10, 0x0, 0x0, 0x0,

    /* U+F11C "" */
    0x4, 0x44, 0x44, 0x44, 0x44, 0x44, 0x44, 0x44,
    0x44, 0x41, 0xb, 0xff, 0xff, 0xff, 0xff, 0xff,
    0xff, 0xff, 0xff, 0xff, 0xe0, 0xff, 0xff, 0xff,
    0xff, 0xff, 0xff, 0xff, 0xff, 0xff, 0xff, 0x3f,
    0xf4, 0x4, 0xd0, 0x2f, 0x0, 0xf3, 0x3, 0xf0,
    0xf, 0xf4, 0xff, 0x40, 0x5d, 0x2, 0xf0, 0xf,
    0x40, 0x4f, 0x0, 0xff, 0x4f, 0xff, 0xff, 0xff,
    0xff, 0xff, 0xff, 0xff, 0xff, 0xff, 0xf4, 0xff,
    0xff, 0x22, 0xb7, 0x29, 0xa2, 0x4f, 0x42, 0xcf,
    0xff, 0x4f, 0xff, 0xf0, 0xa, 0x60, 0x79, 0x2,
    0xf2, 0xb, 0xff, 0xf4, 0xff, 0xff, 0xdd, 0xfe,
    0xdf, 0xfd, 0xef, 0xed, 0xff, 0xff, 0x4f, 0xf8,
    0x48, 0xe4, 0x44, 0x44, 0x44, 0x47, 0xf4, 0x5f,
    0xf4, 0xff, 0x40, 0x4d, 0x0, 0x0, 0x0, 0x0,
    0x3e, 0x0, 0xff, 0x4f, 0xf7, 0x48, 0xe4, 0x44,
    0x44, 0x44, 0x47, 0xf4, 0x4f, 0xf4, 0xff, 0xff,
    0xff, 0xff, 0xff, 0xff, 0xff, 0xff, 0xff, 0xff,
    0x37, 0xff, 0xff, 0xff, 0xff, 0xff, 0xff, 0xff,
    0xff, 0xff, 0xa0,

    /* U+F124 "" */
    0x0, 0x0, 0x0, 0x0, 0x0, 0x0, 0x0, 0x0,
    0x0, 0x0, 0x0, 0x0, 0x0, 0x0, 0x0, 0x0,
    0x0, 0x1, 0x8b, 0x30, 0x0, 0x0, 0x0, 0x0,
    0x0, 0x0, 0x2, 0xaf, 0xff, 0xd0, 0x0, 0x0,
    0x0, 0x0, 0x0, 0x3, 0xbf, 0xff, 0xff, 0xd0,
    0x0, 0x0, 0x0, 0x0, 0x5, 0xcf, 0xff, 0xff,
    0xff, 0x70, 0x0, 0x0, 0x0, 0x6, 0xdf, 0xff,
    0xff, 0xff, 0xfe, 0x0, 0x0, 0x0, 0x17, 0xef,
    0xff, 0xff, 0xff, 0xff, 0xf8, 0x0, 0x0, 0x29,
    0xff, 0xff, 0xff, 0xff, 0xff, 0xff, 0xf1, 0x0,
    0x7, 0xff, 0xff, 0xff, 0xff, 0xff, 0xff, 0xff,
    0x90, 0x0, 0xf, 0xff, 0xff, 0xff, 0xff, 0xff,
    0xff, 0xff, 0x20, 0x0, 0xb, 0xff, 0xff, 0xff,
    0xff, 0xff, 0xff, 0xfb, 0x0, 0x0, 0x0, 0x56,
    0x66, 0x66, 0x7f, 0xff, 0xff, 0xf3, 0x0, 0x0,
    0x0, 0x0, 0x0, 0x0, 0x2f, 0xff, 0xff, 0xc0,
    0x0, 0x0, 0x0, 0x0, 0x0, 0x0, 0x2f, 0xff,
    0xff, 0x50, 0x0, 0x0, 0x0, 0x0, 0x0, 0x0,
    0x2f, 0xff, 0xfd, 0x0, 0x0, 0x0, 0x0, 0x0,
    0x0, 0x0, 0x2f, 0xff, 0xf6, 0x0, 0x0, 0x0,
    0x0, 0x0, 0x0, 0x0, 0x2f, 0xff, 0xe0, 0x0,
    0x0, 0x0, 0x0, 0x0, 0x0, 0x0, 0x1f, 0xff,
    0x70, 0x0, 0x0, 0x0, 0x0, 0x0, 0x0, 0x0,
    0xc, 0xfd, 0x0, 0x0, 0x0, 0x0, 0x0, 0x0,
    0x0, 0x0, 0x0, 0x30, 0x0, 0x0, 0x0, 0x0,

    /* U+F158 "" */
    0x0, 0x47, 0x77, 0x77, 0x75, 0x10, 0x0, 0x0,
    0xcf, 0xff, 0xff, 0xff, 0xf8, 0x0, 0x0, 0xcf,
    0xff, 0xff, 0xff, 0xff, 0x80, 0x0, 0xcf, 0xf2,
    0x0, 0x7, 0xff, 0xf2, 0x0, 0xcf, 0xf2, 0x0,
    0x0, 0xaf, 0xf6, 0x0, 0xcf, 0xf2, 0x0, 0x0,
    0x7f, 0xf7, 0x0, 0xcf, 0xf2, 0x0, 0x0, 0xaf,
    0xf6, 0x0, 0xcf, 0xf2, 0x0, 0x7, 0xff, 0xf1,
    0xef, 0xff, 0xff, 0xff, 0xff, 0xff, 0x80, 0xff,
    0xff, 0xff, 0xff, 0xff, 0xf8, 0x0, 0x67, 0xdf,
    0xf8, 0x77, 0x75, 0x10, 0x0, 0x44, 0xdf, 0xf6,
    0x44, 0x44, 0x40, 0x0, 0xff, 0xff, 0xff, 0xff,
    0xff, 0xf3, 0x0, 0xef, 0xff, 0xff, 0xff, 0xff,
    0xf3, 0x0, 0x0, 0xcf, 0xf2, 0x0, 0x0, 0x0,
    0x0, 0x0, 0xbf, 0xf2, 0x0, 0x0, 0x0, 0x0,
    0x0, 0x24, 0x40, 0x0, 0x0, 0x0, 0x0,

    /* U+F1EB "" */
    0x0, 0x0, 0x0, 0x0, 0x0, 0x0, 0x0, 0x0,
    0x0, 0x0, 0x0, 0x0, 0x0, 0x0, 0x0, 0x36,
    0x89, 0xa9, 0x74, 0x10, 0x0, 0x0, 0x0, 0x0,
    0x0, 0x29, 0xef, 0xff, 0xff, 0xff, 0xff, 0xc6,
    0x0, 0x0, 0x0, 0x1, 0xaf, 0xff, 0xff, 0xff,
    0xff, 0xff, 0xff, 0xfe, 0x60, 0x0, 0x6, 0xff,
    0xff, 0xfc, 0x75, 0x43, 0x46, 0x9e, 0xff, 0xff,
    0xb1, 0x8, 0xff, 0xfe, 0x71, 0x0, 0x0, 0x0,
    0x0, 0x3, 0xcf, 0xff, 0xe2, 0xcf, 0xfa, 0x10,
    0x0, 0x0, 0x0, 0x0, 0x0, 0x0, 0x4e, 0xff,
    0x40, 0xb6, 0x0, 0x0, 0x59, 0xde, 0xfe, 0xc7,
    0x20, 0x0, 0x1b, 0x50, 0x0, 0x0, 0x5, 0xdf,
    0xff, 0xff, 0xff, 0xff, 0xa1, 0x0, 0x0, 0x0,
    0x0, 0x9, 0xff, 0xff, 0xfe, 0xde, 0xff, 0xff,
    0xe3, 0x0, 0x0, 0x0, 0x0, 0xdf, 0xfc, 0x40,
    0x0, 0x2, 0x8f, 0xff, 0x50, 0x0, 0x0, 0x0,
    0x1, 0xb6, 0x0, 0x0, 0x0, 0x0, 0x1b, 0x60,
    0x0, 0x0, 0x0, 0x0, 0x0, 0x0, 0x0, 0x35,
    0x0, 0x0, 0x0, 0x0, 0x0, 0x0, 0x0, 0x0,
    0x0, 0x0, 0x7f, 0xfe, 0x10, 0x0, 0x0, 0x0,
    0x0, 0x0, 0x0, 0x0, 0x0, 0xe, 0xff, 0xf6,
    0x0, 0x0, 0x0, 0x0, 0x0, 0x0, 0x0, 0x0,
    0x0, 0xdf, 0xff, 0x50, 0x0, 0x0, 0x0, 0x0,
    0x0, 0x0, 0x0, 0x0, 0x4, 0xff, 0xb0, 0x0,
    0x0, 0x0, 0x0, 0x0, 0x0, 0x0, 0x0, 0x0,
    0x0, 0x10, 0x0, 0x0, 0x0, 0x0, 0x0,

    /* U+F240 "" */
    0x4, 0x44, 0x44, 0x44, 0x44, 0x44, 0x44, 0x44,
    0x44, 0x44, 0x10, 0xa, 0xff, 0xff, 0xff, 0xff,
    0xff, 0xff, 0xff, 0xff, 0xff, 0xfe, 0x10, 0xff,
    0xff, 0xff, 0xff, 0xff, 0xff, 0xff, 0xff, 0xff,
    0xff, 0xf5, 0xf, 0xf4, 0x0, 0x0, 0x0, 0x0,
    0x0, 0x0, 0x0, 0x0, 0xff, 0xf3, 0xff, 0x4a,
    0xff, 0xff, 0xff, 0xff, 0xff, 0xff, 0xff, 0xf,
    0xff, 0x5f, 0xf4, 0xaf, 0xff, 0xff, 0xff, 0xff,
    0xff, 0xff, 0xf0, 0x3f, 0xf5, 0xff, 0x4a, 0xff,
    0xff, 0xff, 0xff, 0xff, 0xff, 0xff, 0x0, 0xef,
    0x5f, 0xf4, 0xaf, 0xff, 0xff, 0xff, 0xff, 0xff,
    0xff, 0xf0, 0x8f, 0xf5, 0xff, 0x45, 0x88, 0x88,
    0x88, 0x88, 0x88, 0x88, 0x88, 0xf, 0xff, 0x5f,
    0xf7, 0x44, 0x44, 0x44, 0x44, 0x44, 0x44, 0x44,
    0x45, 0xff, 0xc1, 0xff, 0xff, 0xff, 0xff, 0xff,
    0xff, 0xff, 0xff, 0xff, 0xff, 0xf5, 0x6, 0xef,
    0xff, 0xff, 0xff, 0xff, 0xff, 0xff, 0xff, 0xff,
    0xfb, 0x0,

    /* U+F241 "" */
    0x4, 0x44, 0x44, 0x44, 0x44, 0x44, 0x44, 0x44,
    0x44, 0x44, 0x10, 0xa, 0xff, 0xff, 0xff, 0xff,
    0xff, 0xff, 0xff, 0xff, 0xff, 0xfe, 0x10, 0xff,
    0xff, 0xff, 0xff, 0xff, 0xff, 0xff, 0xff, 0xff,
    0xff, 0xf5, 0xf, 0xf4, 0x0, 0x0, 0x0, 0x0,
    0x0, 0x0, 0x0, 0x0, 0xff, 0xf3, 0xff, 0x4d,
    0xff, 0xff, 0xff, 0xff, 0xff, 0x60, 0x0, 0xf,
    0xff, 0x5f, 0xf4, 0xdf, 0xff, 0xff, 0xff, 0xff,
    0xf6, 0x0, 0x0, 0x3f, 0xf5, 0xff, 0x4d, 0xff,
    0xff, 0xff, 0xff, 0xff, 0x60, 0x0, 0x0, 0xef,
    0x5f, 0xf4, 0xdf, 0xff, 0xff, 0xff, 0xff, 0xf6,
    0x0, 0x0, 0x8f, 0xf5, 0xff, 0x46, 0x88, 0x88,
    0x88, 0x88, 0x88, 0x30, 0x0, 0xf, 0xff, 0x5f,
    0xf7, 0x44, 0x44, 0x44, 0x44, 0x44, 0x44, 0x44,
    0x45, 0xff, 0xc1, 0xff, 0xff, 0xff, 0xff, 0xff,
    0xff, 0xff, 0xff, 0xff, 0xff, 0xf5, 0x6, 0xef,
    0xff, 0xff, 0xff, 0xff, 0xff, 0xff, 0xff, 0xff,
    0xfb, 0x0,

    /* U+F242 "" */
    0x4, 0x44, 0x44, 0x44, 0x44, 0x44, 0x44, 0x44,
    0x44, 0x44, 0x10, 0xa, 0xff, 0xff, 0xff, 0xff,
    0xff, 0xff, 0xff, 0xff, 0xff, 0xfe, 0x10, 0xff,
    0xff, 0xff, 0xff, 0xff, 0xff, 0xff, 0xff, 0xff,
    0xff, 0xf5, 0xf, 0xf4, 0x0, 0x0, 0x0, 0x0,
    0x0, 0x0, 0x0, 0x0, 0xff, 0xf3, 0xff, 0x4c,
    0xff, 0xff, 0xff, 0xf1, 0x0, 0x0, 0x0, 0xf,
    0xff, 0x5f, 0xf4, 0xcf, 0xff, 0xff, 0xff, 0x10,
    0x0, 0x0, 0x0, 0x3f, 0xf5, 0xff, 0x4c, 0xff,
    0xff, 0xff, 0xf1, 0x0, 0x0, 0x0, 0x0, 0xef,
    0x5f, 0xf4, 0xcf, 0xff, 0xff, 0xff, 0x10, 0x0,
    0x0, 0x0, 0x8f, 0xf5, 0xff, 0x46, 0x88, 0x88,
    0x88, 0x80, 0x0, 0x0, 0x0, 0xf, 0xff, 0x5f,
    0xf7, 0x44, 0x44, 0x44, 0x44, 0x44, 0x44, 0x44,
    0x45, 0xff, 0xc1, 0xff, 0xff, 0xff, 0xff, 0xff,
    0xff, 0xff, 0xff, 0xff, 0xff, 0xf5, 0x6, 0xef,
    0xff, 0xff, 0xff, 0xff, 0xff, 0xff, 0xff, 0xff,
    0xfb, 0x0,

    /* U+F243 "" */
    0x4, 0x44, 0x44, 0x44, 0x44, 0x44, 0x44, 0x44,
    0x44, 0x44, 0x10, 0xa, 0xff, 0xff, 0xff, 0xff,
    0xff, 0xff, 0xff, 0xff, 0xff, 0xfe, 0x10, 0xff,
    0xff, 0xff, 0xff, 0xff, 0xff, 0xff, 0xff, 0xff,
    0xff, 0xf5, 0xf, 0xf4, 0x0, 0x0, 0x0, 0x0,
    0x0, 0x0, 0x0, 0x0, 0xff, 0xf3, 0xff, 0x49,
    0xff, 0xfe, 0x0, 0x0, 0x0, 0x0, 0x0, 0xf,
    0xff, 0x5f, 0xf4, 0x9f, 0xff, 0xe0, 0x0, 0x0,
    0x0, 0x0, 0x0, 0x3f, 0xf5, 0xff, 0x49, 0xff,
    0xfe, 0x0, 0x0, 0x0, 0x0, 0x0, 0x0, 0xef,
    0x5f, 0xf4, 0x9f, 0xff, 0xe0, 0x0, 0x0, 0x0,
    0x0, 0x0, 0x8f, 0xf5, 0xff, 0x44, 0x88, 0x87,
    0x0, 0x0, 0x0, 0x0, 0x0, 0xf, 0xff, 0x5f,
    0xf7, 0x44, 0x44, 0x44, 0x44, 0x44, 0x44, 0x44,
    0x45, 0xff, 0xc1, 0xff, 0xff, 0xff, 0xff, 0xff,
    0xff, 0xff, 0xff, 0xff, 0xff, 0xf5, 0x6, 0xef,
    0xff, 0xff, 0xff, 0xff, 0xff, 0xff, 0xff, 0xff,
    0xfb, 0x0,

    /* U+F244 "" */
    0x4, 0x44, 0x44, 0x44, 0x44, 0x44, 0x44, 0x44,
    0x44, 0x44, 0x10, 0xa, 0xff, 0xff, 0xff, 0xff,
    0xff, 0xff, 0xff, 0xff, 0xff, 0xfe, 0x10, 0xff,
    0xff, 0xff, 0xff, 0xff, 0xff, 0xff, 0xff, 0xff,
    0xff, 0xf5, 0xf, 0xf4, 0x0, 0x0, 0x0, 0x0,
    0x0, 0x0, 0x0, 0x0, 0xff, 0xf3, 0xff, 0x40,
    0x0, 0x0, 0x0, 0x0, 0x0, 0x0, 0x0, 0xf,
    0xff, 0x5f, 0xf4, 0x0, 0x0, 0x0, 0x0, 0x0,
    0x0, 0x0, 0x0, 0x3f, 0xf5, 0xff, 0x40, 0x0,
    0x0, 0x0, 0x0, 0x0, 0x0, 0x0, 0x0, 0xef,
    0x5f, 0xf4, 0x0, 0x0, 0x0, 0x0, 0x0, 0x0,
    0x0, 0x0, 0x8f, 0xf5, 0xff, 0x40, 0x0, 0x0,
    0x0, 0x0, 0x0, 0x0, 0x0, 0xf, 0xff, 0x5f,
    0xf7, 0x44, 0x44, 0x44, 0x44, 0x44, 0x44, 0x44,
    0x45, 0xff, 0xc1, 0xff, 0xff, 0xff, 0xff, 0xff,
    0xff, 0xff, 0xff, 0xff, 0xff, 0xf5, 0x6, 0xef,
    0xff, 0xff, 0xff, 0xff, 0xff, 0xff, 0xff, 0xff,
    0xfb, 0x0,

    /* U+F287 "" */
    0x0, 0x0, 0x0, 0x0, 0x0, 0x0, 0x78, 0x10,
    0x0, 0x0, 0x0, 0x0, 0x0, 0x0, 0x0, 0x0,
    0x26, 0x9f, 0xfd, 0x0, 0x0, 0x0, 0x0, 0x0,
    0x0, 0x0, 0x0, 0x4f, 0xef, 0xff, 0xf0, 0x0,
    0x0, 0x0, 0x0, 0x0, 0x0, 0x0, 0xe, 0x80,
    0x2e, 0xf7, 0x0, 0x0, 0x0, 0x0, 0x0, 0x20,
    0x0, 0x6, 0xe0, 0x0, 0x0, 0x0, 0x0, 0x0,
    0x0, 0x3, 0xef, 0xe3, 0x0, 0xd7, 0x0, 0x0,
    0x0, 0x0, 0x2, 0xa1, 0x0, 0xcf, 0xff, 0xd4,
    0x9f, 0x55, 0x55, 0x55, 0x55, 0x55, 0x7f, 0xf7,
    0xf, 0xff, 0xff, 0xff, 0xff, 0xff, 0xff, 0xff,
    0xff, 0xff, 0xff, 0xf5, 0xaf, 0xff, 0xa0, 0x0,
    0xb, 0xb0, 0x0, 0x0, 0x0, 0x3f, 0xb2, 0x0,
    0x9c, 0x90, 0x0, 0x0, 0x3f, 0x30, 0x0, 0x0,
    0x1, 0x50, 0x0, 0x0, 0x0, 0x0, 0x0, 0x0,
    0xbb, 0x2, 0xbb, 0xb5, 0x0, 0x0, 0x0, 0x0,
    0x0, 0x0, 0x0, 0x2, 0xf9, 0x9f, 0xff, 0x80,
    0x0, 0x0, 0x0, 0x0, 0x0, 0x0, 0x0, 0x3,
    0xbd, 0xff, 0xf8, 0x0, 0x0, 0x0, 0x0, 0x0,
    0x0, 0x0, 0x0, 0x0, 0x3f, 0xff, 0x80, 0x0,
    0x0, 0x0, 0x0, 0x0, 0x0, 0x0, 0x0, 0x0,
    0x0, 0x0, 0x0, 0x0, 0x0,

    /* U+F293 "" */
    0x0, 0x1, 0x7b, 0xdd, 0xb8, 0x20, 0x0, 0x0,
    0x5f, 0xff, 0xdf, 0xff, 0xf6, 0x0, 0x4, 0xff,
    0xff, 0x68, 0xff, 0xff, 0x40, 0xe, 0xff, 0xff,
    0x60, 0x8f, 0xff, 0xd0, 0x4f, 0xff, 0xff, 0x60,
    0x9, 0xff, 0xf3, 0x8f, 0xf6, 0xbf, 0x61, 0xc0,
    0x9f, 0xf7, 0xbf, 0xf6, 0xb, 0x60, 0xe2, 0x5f,
    0xf9, 0xdf, 0xff, 0x50, 0x20, 0x33, 0xff, 0xfb,
    0xef, 0xff, 0xf5, 0x0, 0x2e, 0xff, 0xfc, 0xef,
    0xff, 0xfc, 0x0, 0x7f, 0xff, 0xfc, 0xdf, 0xff,
    0xd1, 0x0, 0x9, 0xff, 0xfc, 0xcf, 0xfc, 0x13,
    0x50, 0x90, 0xaf, 0xfb, 0xaf, 0xf2, 0x4f, 0x60,
    0xf3, 0x2f, 0xf9, 0x6f, 0xfd, 0xff, 0x70, 0x52,
    0xef, 0xf6, 0x1f, 0xff, 0xff, 0x70, 0x2e, 0xff,
    0xf1, 0x9, 0xff, 0xff, 0x72, 0xef, 0xff, 0x90,
    0x0, 0xbf, 0xff, 0xae, 0xff, 0xfd, 0x10, 0x0,
    0x5, 0xcf, 0xff, 0xfd, 0x80, 0x0, 0x0, 0x0,
    0x0, 0x11, 0x0, 0x0, 0x0,

    /* U+F2ED "" */
    0x0, 0x0, 0x5, 0x88, 0x88, 0x30, 0x0, 0x0,
    0x56, 0x66, 0x7f, 0xff, 0xff, 0xe6, 0x66, 0x63,
    0xff, 0xff, 0xff, 0xff, 0xff, 0xff, 0xff, 0xfb,
    0xcd, 0xdd, 0xdd, 0xdd, 0xdd, 0xdd, 0xdd, 0xd8,
    0x3, 0x44, 0x44, 0x44, 0x44, 0x44, 0x44, 0x20,
    0xe, 0xff, 0xff, 0xff, 0xff, 0xff, 0xff, 0xa0,
    0xe, 0xff, 0xff, 0xff, 0xff, 0xff, 0xff, 0xa0,
    0xe, 0xff, 0x1f, 0xf6, 0xaf, 0xc4, 0xff, 0xa0,
    0xe, 0xff, 0xf, 0xf5, 0x9f, 0xb3, 0xff, 0xa0,
    0xe, 0xff, 0xf, 0xf5, 0x9f, 0xb3, 0xff, 0xa0,
    0xe, 0xff, 0xf, 0xf5, 0x9f, 0xb3, 0xff, 0xa0,
    0xe, 0xff, 0xf, 0xf5, 0x9f, 0xb3, 0xff, 0xa0,
    0xe, 0xff, 0xf, 0xf5, 0x9f, 0xb3, 0xff, 0xa0,
    0xe, 0xff, 0xf, 0xf5, 0x9f, 0xb3, 0xff, 0xa0,
    0xe, 0xff, 0xf, 0xf5, 0x9f, 0xb3, 0xff, 0xa0,
    0xe, 0xff, 0x1f, 0xf6, 0xaf, 0xc4, 0xff, 0xa0,
    0xd, 0xff, 0xff, 0xff, 0xff, 0xff, 0xff, 0x90,
    0x8, 0xff, 0xff, 0xff, 0xff, 0xff, 0xff, 0x40,
    0x0, 0x24, 0x44, 0x44, 0x44, 0x44, 0x31, 0x0,

    /* U+F304 "" */
    0x0, 0x0, 0x0, 0x0, 0x0, 0x0, 0x0, 0x8a,
    0x30, 0x0, 0x0, 0x0, 0x0, 0x0, 0x0, 0x0,
    0xbf, 0xff, 0x30, 0x0, 0x0, 0x0, 0x0, 0x0,
    0x0, 0xbf, 0xff, 0xff, 0x30, 0x0, 0x0, 0x0,
    0x0, 0x0, 0x34, 0xff, 0xff, 0xfd, 0x0, 0x0,
    0x0, 0x0, 0x0, 0xbf, 0x44, 0xff, 0xff, 0xe0,
    0x0, 0x0, 0x0, 0x0, 0xbf, 0xff, 0x44, 0xff,
    0xf4, 0x0, 0x0, 0x0, 0x0, 0xbf, 0xff, 0xff,
    0x44, 0xf4, 0x0, 0x0, 0x0, 0x0, 0xbf, 0xff,
    0xff, 0xff, 0x41, 0x0, 0x0, 0x0, 0x0, 0xbf,
    0xff, 0xff, 0xff, 0xf4, 0x0, 0x0, 0x0, 0x0,
    0xbf, 0xff, 0xff, 0xff, 0xf4, 0x0, 0x0, 0x0,
    0x0, 0xbf, 0xff, 0xff, 0xff, 0xf4, 0x0, 0x0,
    0x0, 0x0, 0xbf, 0xff, 0xff, 0xff, 0xf4, 0x0,
    0x0, 0x0, 0x0, 0xbf, 0xff, 0xff, 0xff, 0xf4,
    0x0, 0x0, 0x0, 0x0, 0x8f, 0xff, 0xff, 0xff,
    0xf4, 0x0, 0x0, 0x0, 0x0, 0xa, 0xff, 0xff,
    0xff, 0xf4, 0x0, 0x0, 0x0, 0x0, 0x0, 0xcf,
    0xff, 0xff, 0xf4, 0x0, 0x0, 0x0, 0x0, 0x0,
    0xe, 0xff, 0xff, 0xf4, 0x0, 0x0, 0x0, 0x0,
    0x0, 0x0, 0xff, 0xff, 0xd4, 0x0, 0x0, 0x0,
    0x0, 0x0, 0x0, 0x2, 0x31, 0x0, 0x0, 0x0,
    0x0, 0x0, 0x0, 0x0, 0x0,

    /* U+F55A "" */
    0x0, 0x0, 0x0, 0x57, 0x88, 0x88, 0x88, 0x88,
    0x88, 0x88, 0x72, 0x0, 0x0, 0x0, 0xaf, 0xff,
    0xff, 0xff, 0xff, 0xff, 0xff, 0xff, 0xf2, 0x0,
    0x0, 0xbf, 0xff, 0xff, 0xff, 0xff, 0xff, 0xff,
    0xff, 0xff, 0x70, 0x0, 0xbf, 0xff, 0xff, 0xf8,
    0xaf, 0xff, 0xa8, 0xff, 0xff, 0xf8, 0x0, 0xbf,
    0xff, 0xff, 0xfa, 0x0, 0xaf, 0xa0, 0xa, 0xff,
    0xff, 0x80, 0xbf, 0xff, 0xff, 0xff, 0xf3, 0x0,
    0x60, 0x3, 0xff, 0xff, 0xf8, 0xaf, 0xff, 0xff,
    0xff, 0xff, 0xf3, 0x0, 0x3, 0xff, 0xff, 0xff,
    0x8e, 0xff, 0xff, 0xff, 0xff, 0xff, 0x90, 0x0,
    0x9f, 0xff, 0xff, 0xf8, 0x4f, 0xff, 0xff, 0xff,
    0xff, 0xa0, 0x0, 0x0, 0xaf, 0xff, 0xff, 0x80,
    0x4f, 0xff, 0xff, 0xff, 0xb0, 0x3, 0xe3, 0x0,
    0xbf, 0xff, 0xf8, 0x0, 0x4f, 0xff, 0xff, 0xfe,
    0x13, 0xff, 0xf3, 0x1e, 0xff, 0xff, 0x80, 0x0,
    0x4f, 0xff, 0xff, 0xfe, 0xff, 0xff, 0xfe, 0xff,
    0xff, 0xf7, 0x0, 0x0, 0x4f, 0xff, 0xff, 0xff,
    0xff, 0xff, 0xff, 0xff, 0xff, 0x50, 0x0, 0x0,
    0x3d, 0xff, 0xff, 0xff, 0xff, 0xff, 0xff, 0xff,
    0x90,

    /* U+F7C2 "" */
    0x0, 0x1, 0xcf, 0xff, 0xff, 0xfe, 0x60, 0x0,
    0x1c, 0xff, 0xff, 0xff, 0xff, 0xf2, 0x0, 0xcf,
    0x47, 0xf4, 0xd8, 0x4f, 0xf5, 0xc, 0xff, 0x3,
    0xe0, 0xc5, 0xe, 0xf5, 0xcf, 0xff, 0x3, 0xe0,
    0xc5, 0xe, 0xf5, 0xff, 0xff, 0x24, 0xe2, 0xc6,
    0x2e, 0xf5, 0xff, 0xff, 0xff, 0xff, 0xff, 0xff,
    0xf5, 0xff, 0xff, 0xff, 0xff, 0xff, 0xff, 0xf5,
    0xff, 0xff, 0xff, 0xff, 0xff, 0xff, 0xf5, 0xff,
    0xff, 0xff, 0xff, 0xff, 0xff, 0xf5, 0xff, 0xff,
    0xff, 0xff, 0xff, 0xff, 0xf5, 0xff, 0xff, 0xff,
    0xff, 0xff, 0xff, 0xf5, 0xff, 0xff, 0xff, 0xff,
    0xff, 0xff, 0xf5, 0xff, 0xff, 0xff, 0xff, 0xff,
    0xff, 0xf5, 0xff, 0xff, 0xff, 0xff, 0xff, 0xff,
    0xf5, 0xff, 0xff, 0xff, 0xff, 0xff, 0xff, 0xf5,
    0xef, 0xff, 0xff, 0xff, 0xff, 0xff, 0xf3, 0x5f,
    0xff, 0xff, 0xff, 0xff, 0xff, 0xa0, 0x1, 0x34,
    0x44, 0x44, 0x44, 0x42, 0x0,

    /* U+F8A2 "" */
    0x0, 0x0, 0x0, 0x0, 0x0, 0x0, 0x0, 0x0,
    0x3, 0x0, 0x0, 0x0, 0x0, 0x0, 0x0, 0x0,
    0x0, 0x5, 0xf1, 0x0, 0x0, 0x0, 0x0, 0x0,
    0x0, 0x0, 0x5, 0xff, 0x10, 0x0, 0x3e, 0x90,
    0x0, 0x0, 0x0, 0x0, 0xbf, 0xf1, 0x0, 0x4f,
    0xfb, 0x0, 0x0, 0x0, 0x0, 0xb, 0xff, 0x10,
    0x5f, 0xff, 0xb0, 0x0, 0x0, 0x0, 0x0, 0xbf,
    0xf1, 0x6f, 0xff, 0xff, 0xff, 0xff, 0xff, 0xff,
    0xff, 0xff, 0x1d, 0xff, 0xff, 0xff, 0xff, 0xff,
    0xff, 0xff, 0xff, 0xf1, 0x3e, 0xff, 0xfe, 0xcc,
    0xcc, 0xcc, 0xcc, 0xcc, 0xca, 0x0, 0x2e, 0xff,
    0xb0, 0x0, 0x0, 0x0, 0x0, 0x0, 0x0, 0x0,
    0x1d, 0xfb, 0x0, 0x0, 0x0, 0x0, 0x0, 0x0,
    0x0, 0x0, 0x1b, 0x60, 0x0, 0x0, 0x0, 0x0,
    0x0, 0x0
};


/*---------------------
 *  GLYPH DESCRIPTION
 *--------------------*/

static const lv_font_fmt_txt_glyph_dsc_t glyph_dsc[] = {
    {.bitmap_index = 0, .adv_w = 0, .box_w = 0, .box_h = 0, .ofs_x = 0, .ofs_y = 0} /* id = 0 reserved */,
    {.bitmap_index = 0, .adv_w = 68, .box_w = 0, .box_h = 0, .ofs_x = 0, .ofs_y = 0},
    {.bitmap_index = 0, .adv_w = 92, .box_w = 4, .box_h = 13, .ofs_x = 1, .ofs_y = 0},
    {.bitmap_index = 26, .adv_w = 142, .box_w = 7, .box_h = 7, .ofs_x = 1, .ofs_y = 7},
    {.bitmap_index = 51, .adv_w = 182, .box_w = 12, .box_h = 13, .ofs_x = 0, .ofs_y = 0},
    {.bitmap_index = 129, .adv_w = 173, .box_w = 11, .box_h = 17, .ofs_x = 0, .ofs_y = -2},
    {.bitmap_index = 223, .adv_w = 281, .box_w = 17, .box_h = 13, .ofs_x = 0, .ofs_y = 0},
    {.bitmap_index = 334, .adv_w = 208, .box_w = 13, .box_h = 13, .ofs_x = 0, .ofs_y = 0},
    {.bitmap_index = 419, .adv_w = 77, .box_w = 3, .box_h = 7, .ofs_x = 1, .ofs_y = 7},
    {.bitmap_index = 430, .adv_w = 97, .box_w = 7, .box_h = 17, .ofs_x = 0, .ofs_y = -3},
    {.bitmap_index = 490, .adv_w = 97, .box_w = 7, .box_h = 17, .ofs_x = -1, .ofs_y = -3},
    {.bitmap_index = 550, .adv_w = 173, .box_w = 11, .box_h = 10, .ofs_x = 0, .ofs_y = 4},
    {.bitmap_index = 605, .adv_w = 173, .box_w = 9, .box_h = 10, .ofs_x = 1, .ofs_y = 0},
    {.bitmap_index = 650, .adv_w = 89, .box_w = 5, .box_h = 6, .ofs_x = 0, .ofs_y = -3},
    {.bitmap_index = 665, .adv_w = 116, .box_w = 7, .box_h = 3, .ofs_x = 0, .ofs_y = 4},
    {.bitmap_index = 676, .adv_w = 89, .box_w = 4, .box_h = 4, .ofs_x = 1, .ofs_y = 0},
    {.bitmap_index = 684, .adv_w = 132, .box_w = 8, .box_h = 17, .ofs_x = 0, .ofs_y = -3},
    {.bitmap_index = 752, .adv_w = 173, .box_w = 11, .box_h = 13, .ofs_x = 0, .ofs_y = 0},
    {.bitmap_index = 824, .adv_w = 173, .box_w = 11, .box_h = 13, .ofs_x = 0, .ofs_y = 0},
    {.bitmap_index = 896, .adv_w = 173, .box_w = 10, .box_h = 13, .ofs_x = 0, .ofs_y = 0},
    {.bitmap_index = 961, .adv_w = 173, .box_w = 10, .box_h = 13, .ofs_x = 0, .ofs_y = 0},
    {.bitmap_index = 1026, .adv_w = 173, .box_w = 11, .box_h = 13, .ofs_x = 0, .ofs_y = 0},
    {.bitmap_index = 1098, .adv_w = 173, .box_w = 11, .box_h = 13, .ofs_x = 0, .ofs_y = 0},
    {.bitmap_index = 1170, .adv_w = 173, .box_w = 11, .box_h = 13, .ofs_x = 0, .ofs_y = 0},
    {.bitmap_index = 1242, .adv_w = 173, .box_w = 10, .box_h = 13, .ofs_x = 0, .ofs_y = 0},
    {.bitmap_index = 1307, .adv_w = 173, .box_w = 11, .box_h = 13, .ofs_x = 0, .ofs_y = 0},
    {.bitmap_index = 1379, .adv_w = 173, .box_w = 11, .box_h = 13, .ofs_x = 0, .ofs_y = 0},
    {.bitmap_index = 1451, .adv_w = 95, .box_w = 4, .box_h = 10, .ofs_x = 1, .ofs_y = 0},
    {.bitmap_index = 1471, .adv_w = 95, .box_w = 5, .box_h = 13, .ofs_x = 0, .ofs_y = -3},
    {.bitmap_index = 1504, .adv_w = 173, .box_w = 8, .box_h = 13, .ofs_x = 1, .ofs_y = -1},
    {.bitmap_index = 1556, .adv_w = 173, .box_w = 9, .box_h = 7, .ofs_x = 1, .ofs_y = 2},
    {.bitmap_index = 1588, .adv_w = 173, .box_w = 8, .box_h = 13, .ofs_x = 1, .ofs_y = -1},
    {.bitmap_index = 1640, .adv_w = 144, .box_w = 9, .box_h = 13, .ofs_x = 0, .ofs_y = 0},
    {.bitmap_index = 1699, .adv_w = 260, .box_w = 15, .box_h = 16, .ofs_x = 1, .ofs_y = -3},
    {.bitmap_index = 1819, .adv_w = 197, .box_w = 12, .box_h = 13, .ofs_x = 0, .ofs_y = 0},
    {.bitmap_index = 1897, .adv_w = 192, .box_w = 11, .box_h = 13, .ofs_x = 1, .ofs_y = 0},
    {.bitmap_index = 1969, .adv_w = 187, .box_w = 12, .box_h = 13, .ofs_x = 0, .ofs_y = 0},
    {.bitmap_index = 2047, .adv_w = 201, .box_w = 11, .box_h = 13, .ofs_x = 1, .ofs_y = 0},
    {.bitmap_index = 2119, .adv_w = 175, .box_w = 9, .box_h = 13, .ofs_x = 1, .ofs_y = 0},
    {.bitmap_index = 2178, .adv_w = 168, .box_w = 9, .box_h = 13, .ofs_x = 1, .ofs_y = 0},
    {.bitmap_index = 2237, .adv_w = 207, .box_w = 12, .box_h = 13, .ofs_x = 0, .ofs_y = 0},
    {.bitmap_index = 2315, .adv_w = 209, .box_w = 11, .box_h = 13, .ofs_x = 1, .ofs_y = 0},
    {.bitmap_index = 2387, .adv_w = 124, .box_w = 7, .box_h = 13, .ofs_x = 0, .ofs_y = 0},
    {.bitmap_index = 2433, .adv_w = 161, .box_w = 9, .box_h = 13, .ofs_x = 0, .ofs_y = 0},
    {.bitmap_index = 2492, .adv_w = 200, .box_w = 12, .box_h = 13, .ofs_x = 1, .ofs_y = 0},
    {.bitmap_index = 2570, .adv_w = 153, .box_w = 8, .box_h = 13, .ofs_x = 1, .ofs_y = 0},
    {.bitmap_index = 2622, .adv_w = 236, .box_w = 13, .box_h = 13, .ofs_x = 1, .ofs_y = 0},
    {.bitmap_index = 2707, .adv_w = 209, .box_w = 11, .box_h = 13, .ofs_x = 1, .ofs_y = 0},
    {.bitmap_index = 2779, .adv_w = 206, .box_w = 12, .box_h = 13, .ofs_x = 0, .ofs_y = 0},
    {.bitmap_index = 2857, .adv_w = 189, .box_w = 11, .box_h = 13, .ofs_x = 1, .ofs_y = 0},
    {.bitmap_index = 2929, .adv_w = 206, .box_w = 12, .box_h = 17, .ofs_x = 0, .ofs_y = -4},
    {.bitmap_index = 3031, .adv_w = 194, .box_w = 11, .box_h = 13, .ofs_x = 1, .ofs_y = 0},
    {.bitmap_index = 3103, .adv_w = 180, .box_w = 11, .box_h = 13, .ofs_x = 0, .ofs_y = 0},
    {.bitmap_index = 3175, .adv_w = 168, .box_w = 11, .box_h = 13, .ofs_x = 0, .ofs_y = 0},
    {.bitmap_index = 3247, .adv_w = 200, .box_w = 11, .box_h = 13, .ofs_x = 1, .ofs_y = 0},
    {.bitmap_index = 3319, .adv_w = 187, .box_w = 12, .box_h = 13, .ofs_x = 0, .ofs_y = 0},
    {.bitmap_index = 3397, .adv_w = 280, .box_w = 17, .box_h = 13, .ofs_x = 0, .ofs_y = 0},
    {.bitmap_index = 3508, .adv_w = 194, .box_w = 12, .box_h = 13, .ofs_x = 0, .ofs_y = 0},
    {.bitmap_index = 3586, .adv_w = 187, .box_w = 12, .box_h = 13, .ofs_x = 0, .ofs_y = 0},
    {.bitmap_index = 3664, .adv_w = 175, .box_w = 11, .box_h = 13, .ofs_x = 0, .ofs_y = 0},
    {.bitmap_index = 3736, .adv_w = 96, .box_w = 5, .box_h = 17, .ofs_x = 1, .ofs_y = -3},
    {.bitmap_index = 3779, .adv_w = 132, .box_w = 9, .box_h = 17, .ofs_x = 0, .ofs_y = -3},
    {.bitmap_index = 3856, .adv_w = 96, .box_w = 5, .box_h = 17, .ofs_x = 0, .ofs_y = -3},
    {.bitmap_index = 3899, .adv_w = 173, .box_w = 11, .box_h = 8, .ofs_x = 0, .ofs_y = 5},
    {.bitmap_index = 3943, .adv_w = 160, .box_w = 10, .box_h = 3, .ofs_x = 0, .ofs_y = -4},
    {.bitmap_index = 3958, .adv_w = 173, .box_w = 5, .box_h = 6, .ofs_x = 2, .ofs_y = 10},
    {.bitmap_index = 3973, .adv_w = 164, .box_w = 10, .box_h = 10, .ofs_x = 0, .ofs_y = 0},
    {.bitmap_index = 4023, .adv_w = 175, .box_w = 10, .box_h = 14, .ofs_x = 1, .ofs_y = 0},
    {.bitmap_index = 4093, .adv_w = 149, .box_w = 9, .box_h = 10, .ofs_x = 0, .ofs_y = 0},
    {.bitmap_index = 4138, .adv_w = 175, .box_w = 10, .box_h = 14, .ofs_x = 0, .ofs_y = 0},
    {.bitmap_index = 4208, .adv_w = 162, .box_w = 10, .box_h = 10, .ofs_x = 0, .ofs_y = 0},
    {.bitmap_index = 4258, .adv_w = 104, .box_w = 7, .box_h = 14, .ofs_x = 0, .ofs_y = 0},
    {.bitmap_index = 4307, .adv_w = 159, .box_w = 10, .box_h = 16, .ofs_x = 0, .ofs_y = -4},
    {.bitmap_index = 4387, .adv_w = 172, .box_w = 9, .box_h = 14, .ofs_x = 1, .ofs_y = 0},
    {.bitmap_index = 4450, .adv_w = 82, .box_w = 4, .box_h = 14, .ofs_x = 1, .ofs_y = 0},
    {.bitmap_index = 4478, .adv_w = 82, .box_w = 6, .box_h = 18, .ofs_x = -1, .ofs_y = -4},
    {.bitmap_index = 4532, .adv_w = 166, .box_w = 10, .box_h = 14, .ofs_x = 1, .ofs_y = 0},
    {.bitmap_index = 4602, .adv_w = 87, .box_w = 5, .box_h = 14, .ofs_x = 1, .ofs_y = 0},
    {.bitmap_index = 4637, .adv_w = 257, .box_w = 14, .box_h = 10, .ofs_x = 1, .ofs_y = 0},
    {.bitmap_index = 4707, .adv_w = 172, .box_w = 9, .box_h = 10, .ofs_x = 1, .ofs_y = 0},
    {.bitmap_index = 4752, .adv_w = 162, .box_w = 10, .box_h = 10, .ofs_x = 0, .ofs_y = 0},
    {.bitmap_index = 4802, .adv_w = 175, .box_w = 10, .box_h = 14, .ofs_x = 1, .ofs_y = -4},
    {.bitmap_index = 4872, .adv_w = 175, .box_w = 10, .box_h = 14, .ofs_x = 0, .ofs_y = -4},
    {.bitmap_index = 4942, .adv_w = 116, .box_w = 6, .box_h = 10, .ofs_x = 1, .ofs_y = 0},
    {.bitmap_index = 4972, .adv_w = 145, .box_w = 9, .box_h = 10, .ofs_x = 0, .ofs_y = 0},
    {.bitmap_index = 5017, .adv_w = 110, .box_w = 7, .box_h = 13, .ofs_x = 0, .ofs_y = 0},
    {.bitmap_index = 5063, .adv_w = 172, .box_w = 9, .box_h = 10, .ofs_x = 1, .ofs_y = 0},
    {.bitmap_index = 5108, .adv_w = 155, .box_w = 10, .box_h = 10, .ofs_x = 0, .ofs_y = 0},
    {.bitmap_index = 5158, .adv_w = 242, .box_w = 15, .box_h = 10, .ofs_x = 0, .ofs_y = 0},
    {.bitmap_index = 5233, .adv_w = 161, .box_w = 10, .box_h = 10, .ofs_x = 0, .ofs_y = 0},
    {.bitmap_index = 5283, .adv_w = 154, .box_w = 10, .box_h = 14, .ofs_x = 0, .ofs_y = -4},
    {.bitmap_index = 5353, .adv_w = 149, .box_w = 9, .box_h = 10, .ofs_x = 0, .ofs_y = 0},
    {.bitmap_index = 5398, .adv_w = 107, .box_w = 6, .box_h = 17, .ofs_x = 0, .ofs_y = -3},
    {.bitmap_index = 5449, .adv_w = 116, .box_w = 3, .box_h = 17, .ofs_x = 2, .ofs_y = -3},
    {.bitmap_index = 5475, .adv_w = 107, .box_w = 7, .box_h = 17, .ofs_x = 0, .ofs_y = -3},
    {.bitmap_index = 5535, .adv_w = 173, .box_w = 10, .box_h = 4, .ofs_x = 0, .ofs_y = 4},
    {.bitmap_index = 5555, .adv_w = 288, .box_w = 19, .box_h = 19, .ofs_x = 0, .ofs_y = -3},
    {.bitmap_index = 5736, .adv_w = 288, .box_w = 18, .box_h = 14, .ofs_x = 0, .ofs_y = 0},
    {.bitmap_index = 5862, .adv_w = 288, .box_w = 18, .box_h = 17, .ofs_x = 0, .ofs_y = -2},
    {.bitmap_index = 6015, .adv_w = 288, .box_w = 18, .box_h = 14, .ofs_x = 0, .ofs_y = 0},
    {.bitmap_index = 6141, .adv_w = 198, .box_w = 13, .box_h = 13, .ofs_x = 0, .ofs_y = 0},
    {.bitmap_index = 6226, .adv_w = 288, .box_w = 19, .box_h = 18, .ofs_x = 0, .ofs_y = -2},
    {.bitmap_index = 6397, .adv_w = 288, .box_w = 18, .box_h = 19, .ofs_x = 0, .ofs_y = -3},
    {.bitmap_index = 6568, .adv_w = 324, .box_w = 21, .box_h = 17, .ofs_x = 0, .ofs_y = -2},
    {.bitmap_index = 6747, .adv_w = 288, .box_w = 18, .box_h = 19, .ofs_x = 0, .ofs_y = -3},
    {.bitmap_index = 6918, .adv_w = 324, .box_w = 21, .box_h = 14, .ofs_x = 0, .ofs_y = 0},
    {.bitmap_index = 7065, .adv_w = 288, .box_w = 18, .box_h = 19, .ofs_x = 0, .ofs_y = -3},
    {.bitmap_index = 7236, .adv_w = 144, .box_w = 9, .box_h = 15, .ofs_x = 0, .ofs_y = -1},
    {.bitmap_index = 7304, .adv_w = 216, .box_w = 14, .box_h = 15, .ofs_x = 0, .ofs_y = -1},
    {.bitmap_index = 7409, .adv_w = 324, .box_w = 21, .box_h = 18, .ofs_x = 0, .ofs_y = -2},
    {.bitmap_index = 7598, .adv_w = 288, .box_w = 18, .box_h = 14, .ofs_x = 0, .ofs_y = 0},
    {.bitmap_index = 7724, .adv_w = 252, .box_w = 12, .box_h = 17, .ofs_x = 2, .ofs_y = -2},
    {.bitmap_index = 7826, .adv_w = 252, .box_w = 16, .box_h = 19, .ofs_x = 0, .ofs_y = -3},
    {.bitmap_index = 7978, .adv_w = 252, .box_w = 16, .box_h = 17, .ofs_x = 0, .ofs_y = -2},
    {.bitmap_index = 8114, .adv_w = 252, .box_w = 16, .box_h = 17, .ofs_x = 0, .ofs_y = -2},
    {.bitmap_index = 8250, .adv_w = 252, .box_w = 12, .box_h = 17, .ofs_x = 2, .ofs_y = -2},
    {.bitmap_index = 8352, .adv_w = 252, .box_w = 18, .box_h = 17, .ofs_x = -1, .ofs_y = -2},
    {.bitmap_index = 8505, .adv_w = 180, .box_w = 11, .box_h = 16, .ofs_x = 0, .ofs_y = -1},
    {.bitmap_index = 8593, .adv_w = 180, .box_w = 11, .box_h = 16, .ofs_x = 0, .ofs_y = -1},
    {.bitmap_index = 8681, .adv_w = 252, .box_w = 16, .box_h = 17, .ofs_x = 0, .ofs_y = -2},
    {.bitmap_index = 8817, .adv_w = 252, .box_w = 16, .box_h = 4, .ofs_x = 0, .ofs_y = 5},
    {.bitmap_index = 8849, .adv_w = 324, .box_w = 21, .box_h = 14, .ofs_x = 0, .ofs_y = 0},
    {.bitmap_index = 8996, .adv_w = 360, .box_w = 23, .box_h = 19, .ofs_x = 0, .ofs_y = -3},
    {.bitmap_index = 9215, .adv_w = 324, .box_w = 22, .box_h = 19, .ofs_x = -1, .ofs_y = -3},
    {.bitmap_index = 9424, .adv_w = 288, .box_w = 18, .box_h = 17, .ofs_x = 0, .ofs_y = -2},
    {.bitmap_index = 9577, .adv_w = 252, .box_w = 16, .box_h = 10, .ofs_x = 0, .ofs_y = 2},
    {.bitmap_index = 9657, .adv_w = 252, .box_w = 16, .box_h = 10, .ofs_x = 0, .ofs_y = 2},
    {.bitmap_index = 9737, .adv_w = 360, .box_w = 24, .box_h = 15, .ofs_x = -1, .ofs_y = -1},
    {.bitmap_index = 9917, .adv_w = 288, .box_w = 18, .box_h = 14, .ofs_x = 0, .ofs_y = 0},
    {.bitmap_index = 10043, .adv_w = 288, .box_w = 18, .box_h = 19, .ofs_x = 0, .ofs_y = -3},
    {.bitmap_index = 10214, .adv_w = 288, .box_w = 19, .box_h = 19, .ofs_x = -1, .ofs_y = -3},
    {.bitmap_index = 10395, .adv_w = 252, .box_w = 16, .box_h = 17, .ofs_x = 0, .ofs_y = -2},
    {.bitmap_index = 10531, .adv_w = 252, .box_w = 16, .box_h = 19, .ofs_x = 0, .ofs_y = -3},
    {.bitmap_index = 10683, .adv_w = 252, .box_w = 16, .box_h = 17, .ofs_x = 0, .ofs_y = -2},
    {.bitmap_index = 10819, .adv_w = 180, .box_w = 13, .box_h = 19, .ofs_x = -1, .ofs_y = -3},
    {.bitmap_index = 10943, .adv_w = 252, .box_w = 16, .box_h = 19, .ofs_x = 0, .ofs_y = -3},
    {.bitmap_index = 11095, .adv_w = 252, .box_w = 16, .box_h = 19, .ofs_x = 0, .ofs_y = -3},
    {.bitmap_index = 11247, .adv_w = 324, .box_w = 21, .box_h = 14, .ofs_x = 0, .ofs_y = 0},
    {.bitmap_index = 11394, .adv_w = 288, .box_w = 20, .box_h = 20, .ofs_x = -1, .ofs_y = -3},
    {.bitmap_index = 11594, .adv_w = 216, .box_w = 14, .box_h = 17, .ofs_x = 0, .ofs_y = -2},
    {.bitmap_index = 11713, .adv_w = 360, .box_w = 23, .box_h = 18, .ofs_x = 0, .ofs_y = -2},
    {.bitmap_index = 11920, .adv_w = 360, .box_w = 23, .box_h = 12, .ofs_x = 0, .ofs_y = 1},
    {.bitmap_index = 12058, .adv_w = 360, .box_w = 23, .box_h = 12, .ofs_x = 0, .ofs_y = 1},
    {.bitmap_index = 12196, .adv_w = 360, .box_w = 23, .box_h = 12, .ofs_x = 0, .ofs_y = 1},
    {.bitmap_index = 12334, .adv_w = 360, .box_w = 23, .box_h = 12, .ofs_x = 0, .ofs_y = 1},
    {.bitmap_index = 12472, .adv_w = 360, .box_w = 23, .box_h = 12, .ofs_x = 0, .ofs_y = 1},
    {.bitmap_index = 12610, .adv_w = 360, .box_w = 23, .box_h = 15, .ofs_x = 0, .ofs_y = -1},
    {.bitmap_index = 12783, .adv_w = 252, .box_w = 14, .box_h = 19, .ofs_x = 1, .ofs_y = -3},
    {.bitmap_index = 12916, .adv_w = 252, .box_w = 16, .box_h = 19, .ofs_x = 0, .ofs_y = -3},
    {.bitmap_index = 13068, .adv_w = 288, .box_w = 19, .box_h = 19, .ofs_x = -1, .ofs_y = -3},
    {.bitmap_index = 13249, .adv_w = 360, .box_w = 23, .box_h = 14, .ofs_x = 0, .ofs_y = 0},
    {.bitmap_index = 13410, .adv_w = 216, .box_w = 14, .box_h = 19, .ofs_x = 0, .ofs_y = -3},
    {.bitmap_index = 13543, .adv_w = 290, .box_w = 19, .box_h = 12, .ofs_x = 0, .ofs_y = 1}
};

/*---------------------
 *  CHARACTER MAPPING
 *--------------------*/

static const uint16_t unicode_list_1[] = {
    0x0, 0x7, 0xa, 0xb, 0xc, 0x10, 0x12, 0x14,
    0x18, 0x1b, 0x20, 0x25, 0x26, 0x27, 0x3d, 0x47,
    0x4a, 0x4b, 0x4c, 0x50, 0x51, 0x52, 0x53, 0x66,
    0x67, 0x6d, 0x6f, 0x70, 0x73, 0x76, 0x77, 0x78,
    0x7a, 0x92, 0x94, 0xc3, 0xc4, 0xc6, 0xe6, 0xe9,
    0xf2, 0x11b, 0x123, 0x157, 0x1ea, 0x23f, 0x240, 0x241,
    0x242, 0x243, 0x286, 0x292, 0x2ec, 0x303, 0x559, 0x7c1,
    0x8a1
};

/*Collect the unicode lists and glyph_id offsets*/
static const lv_font_fmt_txt_cmap_t cmaps[] =
{
    {
        .range_start = 32, .range_length = 95, .glyph_id_start = 1,
        .unicode_list = NULL, .glyph_id_ofs_list = NULL, .list_length = 0, .type = LV_FONT_FMT_TXT_CMAP_FORMAT0_TINY
    },
    {
        .range_start = 61441, .range_length = 2210, .glyph_id_start = 96,
        .unicode_list = unicode_list_1, .glyph_id_ofs_list = NULL, .list_length = 57, .type = LV_FONT_FMT_TXT_CMAP_SPARSE_TINY
    }
};

/*-----------------
 *    KERNING
 *----------------*/


/*Map glyph_ids to kern left classes*/
static const uint8_t kern_left_class_mapping[] =
{
    0, 0, 0, 0, 0, 0, 1, 0,
    0, 0, 0, 0, 0, 0, 0, 0,
    0, 0, 0, 0, 0, 0, 0, 0,
    0, 0, 0, 0, 0, 0, 0, 0,
    0, 0, 2, 3, 4, 5, 6, 7,
    8, 0, 9, 10, 11, 12, 0, 0,
    0, 13, 0, 14, 15, 16, 17, 18,
    19, 20, 21, 22, 0, 0, 0, 0,
    0, 0, 23, 24, 25, 0, 26, 27,
    28, 29, 30, 0, 31, 32, 29, 29,
    33, 24, 34, 35, 36, 37, 38, 39,
    40, 41, 42, 43, 0, 0, 0, 0,
    0, 0, 0, 0, 0, 0, 0, 0,
    0, 0, 0, 0, 0, 0, 0, 0,
    0, 0, 0, 0, 0, 0, 0, 0,
    0, 0, 0, 0, 0, 0, 0, 0,
    0, 0, 0, 0, 0, 0, 0, 0,
    0, 0, 0, 0, 0, 0, 0, 0,
    0, 0, 0, 0, 0, 0, 0, 0,
    0
};

/*Map glyph_ids to kern right classes*/
static const uint8_t kern_right_class_mapping[] =
{
    0, 0, 1, 2, 0, 0, 0, 3,
    2, 0, 4, 2, 0, 5, 6, 5,
    7, 0, 0, 0, 0, 0, 0, 0,
    0, 0, 0, 8, 8, 0, 0, 0,
    9, 10, 11, 0, 12, 0, 0, 0,
    12, 0, 13, 14, 0, 0, 0, 0,
    12, 0, 12, 0, 15, 16, 17, 18,
    19, 20, 21, 22, 0, 0, 23, 0,
    24, 0, 25, 0, 26, 27, 26, 28,
    29, 0, 30, 31, 0, 32, 33, 33,
    26, 34, 27, 33, 35, 36, 37, 38,
    39, 40, 41, 42, 0, 0, 23, 0,
    0, 0, 0, 0, 0, 0, 0, 0,
    0, 0, 0, 0, 0, 0, 0, 0,
    0, 0, 0, 0, 0, 0, 0, 0,
    0, 0, 0, 0, 0, 0, 0, 0,
    0, 0, 0, 0, 0, 0, 0, 0,
    0, 0, 0, 0, 0, 0, 0, 0,
    0, 0, 0, 0, 0, 0, 0, 0,
    0
};

/*Kern values between classes*/
static const int8_t kern_class_values[] =
{
    0, -17, 0, 0, 0, 0, 0, 0,
    0, 0, 0, 0, 0, 0, 0, 0,
    0, 0, 0, 0, 0, 0, 0, 0,
    0, 0, 0, 0, 0, 0, 0, 0,
    0, 0, 0, 0, 0, 0, 0, 0,
    0, 0, 0, -14, -3, 0, 6, -4,
    0, 0, -14, -6, 3, -9, 0, -4,
    0, -19, -7, -16, -8, 1, -20, 0,
    0, 4, 1, 0, 0, 0, 0, 0,
    0, 0, 0, 0, 0, -5, 0, -9,
    -6, 0, -4, 3, 0, 0, 0, 0,
    -4, 0, -7, 0, 0, 0, -4, 0,
    0, -3, 0, -7, 0, -8, -2, -6,
    -12, 0, 0, -18, 0, 0, 0, -1,
    -1, 0, 0, 0, 0, 0, 0, -1,
    0, -2, -2, -3, -2, 0, 0, 0,
    -3, 0, 0, -3, -6, 0, 0, -3,
    -2, -4, 0, 0, 0, 0, 0, 0,
    0, -6, -3, 0, 0, -13, 0, 0,
    0, 0, 0, 0, 0, 0, 0, 0,
    0, 0, 0, 0, 0, 0, 0, 0,
    0, -3, 0, 0, -12, 4, -13, 0,
    0, 0, -11, 0, 0, -9, 0, -7,
    0, -9, -7, -9, -13, -7, 0, 0,
    0, 0, 0, 0, 0, 0, 0, 0,
    0, 0, 0, 0, 0, 0, 0, 0,
    0, 0, 0, 0, -4, 0, 0, 0,
    0, 0, 0, -3, 0, 0, 0, -6,
    0, 0, 0, 0, 0, 0, 0, 0,
    0, 0, 0, -3, -3, 0, -1, 0,
    0, 0, 0, 0, 0, 0, 0, 0,
    0, 0, 0, 0, 0, 1, -12, 4,
    -29, 0, -24, 0, 0, -9, -25, -9,
    0, -22, 0, 0, 0, 0, 0, 0,
    0, 0, 0, -40, -12, -9, -10, -2,
    -13, 0, -3, 0, -9, -9, -12, -4,
    -7, -6, -4, -12, -6, -7, 0, -3,
    0, 0, 0, 3, 0, 0, 0, 0,
    0, 0, 0, -3, 0, -11, 0, -9,
    -4, -3, -13, 0, 0, 0, 0, 0,
    0, 0, 0, 0, 0, 0, 0, 0,
    0, 0, 0, 0, 0, 0, 0, 0,
    0, 0, 0, 0, 0, -9, 0, 0,
    0, -6, 0, 0, 0, 0, 0, -1,
    0, 0, 0, 0, 0, 0, 0, 0,
    0, -1, -1, 0, 0, 0, 0, 0,
    0, 0, -1, 0, 0, -1, 0, 0,
    -1, 0, 0, 0, 0, 0, -7, 0,
    -10, 0, 0, 0, -6, 0, 0, -3,
    0, 0, 0, 0, 0, -4, 0, 0,
    0, -24, 0, 0, 0, 0, 0, 0,
    0, 0, 0, 0, 0, 0, 0, 0,
    0, 0, 0, 0, 0, -3, -9, 3,
    3, -13, 0, 0, 0, -12, 0, -12,
    0, -6, -3, -7, 0, -7, -3, 0,
    -6, 0, 0, 0, -3, -7, -7, -6,
    -3, 0, 0, -3, -3, -3, 0, -9,
    -6, -6, -6, -1, -6, 3, 0, -26,
    -1, 0, 6, -10, 3, 0, -17, -3,
    5, -12, 0, 0, 0, -21, -10, -21,
    -12, 0, -26, 0, 0, 6, 1, -3,
    -3, 0, 0, 0, 0, 0, 0, 0,
    0, -6, -1, -14, -9, 3, -10, 3,
    0, 1, -9, 0, -29, 0, -26, 0,
    0, -3, -21, 0, 0, -20, -3, 0,
    0, -1, -3, -10, -7, -7, 0, -43,
    -4, -6, -6, 0, -9, 0, 0, 0,
    -3, -4, -4, 0, 0, 0, 1, -4,
    0, 0, 0, 0, -7, 0, 0, -4,
    -6, 0, 0, -6, 0, -3, 0, -10,
    0, -7, -4, -9, -4, 0, -12, 0,
    0, 0, -3, -4, -4, 0, -7, 0,
    0, 0, 0, 0, 0, 0, 0, 0,
    0, 0, -1, 0, 0, 0, -3, 0,
    0, 4, -10, 0, 0, -3, 0, 0,
    0, 0, -4, -7, 0, -5, -5, 0,
    -12, 0, 0, -17, 0, 0, 0, 0,
    0, 0, 0, 0, 0, 0, 0, -1,
    0, 0, 0, 0, 0, 0, 0, 0,
    0, 0, 0, 0, 0, -12, 0, 0,
    0, 0, 0, 0, 0, 0, 0, 0,
    0, 0, 0, 0, 0, 0, 0, 0,
    0, 0, 0, 0, 0, 0, 0, 0,
    0, 0, 0, 0, 0, 0, 0, 0,
    0, 0, -3, 0, -10, 0, -12, 0,
    0, 0, -7, 0, 0, -4, 0, 0,
    0, 0, 0, 0, 0, 0, 0, -20,
    0, 0, 0, 0, -3, 0, 0, 0,
    0, 0, 0, 0, 0, 0, 0, 0,
    0, 0, 0, 0, 0, 0, 0, 0,
    0, -9, 0, 0, 0, 0, 0, 0,
    0, 0, 0, 0, 0, 0, 0, 0,
    0, 0, 0, 0, 0, 0, 0, 0,
    0, 0, 0, 0, 0, 0, 0, 0,
    0, 0, 0, 0, 0, 4, -10, 3,
    -12, -3, -14, 0, 0, -6, -8, -7,
    0, -14, 0, 1, 0, 1, 1, 0,
    0, -1, 0, -14, -9, -7, -7, 0,
    -6, 0, -1, 0, -3, -1, -3, 0,
    -1, 0, -3, -3, 0, -3, 0, 0,
    0, 0, 0, 0, 0, -4, 0, 0,
    0, 0, 0, 0, 0, 0, 0, 0,
    0, 0, 0, 0, 0, 0, 0, 0,
    0, 0, 0, 0, 0, 0, 0, 0,
    0, 0, 0, 0, 0, 0, 0, 0,
    0, 0, 0, 0, 0, 0, 0, -14,
    0, 0, 0, 0, 0, 0, 0, 0,
    0, 0, 0, 0, 0, 0, 0, 0,
    0, 0, 0, 0, 0, 0, 0, 0,
    0, 0, 0, 0, 0, 0, 0, 0,
    0, 0, 0, 1, -3, 3, 9, -12,
    0, 0, 0, -4, 0, -5, 0, -2,
    0, 0, 0, -2, -1, 0, -3, 0,
    0, 4, 0, -1, -1, 0, 0, 0,
    0, 0, 0, 0, 0, -3, -1, 0,
    0, 0, -1, 0, 0, -4, 0, 0,
    3, -1, 6, 0, 0, 0, 2, 0,
    0, 0, 0, -20, 0, -9, -3, 0,
    -13, 2, 0, 3, 0, 0, 0, 0,
    0, 0, 0, 0, 0, 0, 0, -2,
    0, -3, -2, 0, -3, 0, 0, -6,
    0, 0, -4, 3, 0, 0, 0, 0,
    0, 0, -1, 0, 0, -19, 0, -10,
    -7, -6, -17, -1, 0, -14, 0, 0,
    0, -2, 0, 0, 0, 0, 0, 0,
    0, -2, 0, -2, -3, -5, -3, -2,
    0, 0, 0, 0, 0, 0, -1, 0,
    0, 0, 2, 0, 0, 1, 0, -13,
    0, -8, -3, 0, -15, 2, 0, -12,
    0, -1, -1, 0, 0, 0, 0, 0,
    0, 0, 0, 0, 0, 0, 0, 0,
    0, 0, 0, -6, 0, 0, -4, 3,
    0, 0, 0, 0, 0, 0, -1, 0,
    -3, -19, 0, -10, -6, -6, -17, -1,
    0, -17, 0, 0, 0, 0, 0, 0,
    0, 0, 0, 0, 0, 0, 0, -3,
    -1, -5, -2, -1, 6, 9, -4, 7,
    -9, 0, -6, 0, 9, 0, -2, 4,
    0, -7, 0, 7, 0, 10, 7, 4,
    9, 1, 4, -18, 0, -1, -1, 1,
    -1, 4, 0, 0, 0, 0, 0, 0,
    0, 3, 0, 0, 3, 0, 0, 1,
    -1, 8, 2, 0, 7, 0, 0, 0,
    7, 0, 0, -3, 0, -3, 0, -2,
    0, 3, -2, 3, 3, 16, -1, -2,
    -2, 0, 2, 0, 8, 0, 0, 0,
    0, 0, -1, 0, 0, 0, 1, 0,
    0, -4, 0, 0, 0, 0, 0, 0,
    0, 0, 0, 0, 0, 0, 0, -16,
    0, -10, -7, 0, -16, 0, 0, 0,
    0, 0, 0, 0, 0, 0, 0, 0,
    0, 0, 0, 0, 0, -2, -2, 0,
    -2, 0, 0, 0, 0, 0, 0, 0,
    0, 0, 0, 0, 0, 0, 0, -3,
    0, 0, 0, 0, 0, 0, -3, 0,
    0, 0, 0, 0, 0, 0, 0, 0,
    0, 0, 0, 0, 0, 0, 0, 0,
    0, 0, 0, 0, 0, 0, -3, 0,
    0, -10, 0, 0, 0, -3, 4, -4,
    0, -1, -2, -9, 0, -5, -2, 0,
    -13, 5, 0, 6, 0, -8, -6, 0,
    0, 0, 0, 0, 0, 0, -3, -3,
    -3, -3, -1, 0, -1, 0, 0, 0,
    0, 0, 3, -3, 0, 0, 0, 0,
    7, 0, 0, 3, 0, -4, 0, -1,
    0, 4, -4, 4, 0, 7, 0, 0,
    0, 0, 0, 0, 0, -2, 0, 0,
    0, -1, 0, -2, -1, 0, -2, 2,
    0, -6, 0, 0, -4, 3, 0, 0,
    0, 0, 0, 0, -1, 0, 0, -19,
    0, -10, -7, -6, -17, -1, 0, -17,
    0, 0, 0, -2, 0, 0, 0, 0,
    0, 0, 0, -2, 0, -2, -3, -5,
    -3, -2, 0, 0, 0, 0, 0, 0,
    0, 0, 0, 0, 0, 0, 0, 0,
    0, -12, 0, -7, -3, 0, -9, 0,
    0, 0, 0, 0, 0, 0, 0, 0,
    0, 0, 0, 0, 0, 0, 0, 0,
    0, 0, 0, 0, 0, 9, -6, 0,
    -23, 0, -6, 0, 0, 0, -12, 3,
    0, -7, 2, -3, 0, 0, 0, -6,
    -6, -3, 0, -23, -4, -1, -1, 3,
    -4, 0, 0, 0, 0, 0, 0, 1,
    0, 2, 1, 0, 2, 0, 0, -3,
    0, 0, -2, 0, 0, 0, 0, 0,
    1, 0, 0, -1, 0, -19, 0, -10,
    0, -7, -16, 0, 0, -14, 0, 0,
    0, -1, 0, 0, 0, 0, 0, 0,
    -2, -2, 0, -3, -3, -5, -3, -3,
    0, 0, -3, 0, 0, -3, 0, 0,
    0, 0, 2, 0, 0, 0, 0, -7,
    0, 0, 0, 0, -6, 0, 0, 6,
    0, -1, -1, 0, 0, 0, 0, 0,
    0, 0, 0, -1, 0, 0, 0, 0,
    0, 0, 0, 0, 0, 0, 0, 0,
    0, 0, 0, 0, 0, 0, 0, 0,
    0, -13, 0, -7, -3, 0, -14, 0,
    0, 0, 0, 0, 0, 0, 0, 0,
    0, 0, 0, 0, 0, 0, 0, 0,
    0, 0, 0, 0, 0, 7, -6, 0,
    -14, -1, -4, 0, 0, 0, -9, 0,
    -1, -9, 0, -7, 0, -3, 0, 0,
    -10, 0, 0, -20, -3, -2, -2, 2,
    -4, 0, 0, 0, 0, 0, -1, 0,
    0, 0, 0, 0, 0, -1, 0, 6,
    -6, 0, -12, -1, 0, 0, 0, -3,
    -6, 0, 0, -9, 0, -10, 0, -3,
    -3, 0, -12, 0, 0, -14, -4, -3,
    -3, 0, -5, 0, 0, 0, 0, 0,
    -1, 0, 0, 0, 0, 0, 0, 0,
    0, 0, -9, 0, 0, -10, 0, 0,
    0, -6, 0, 0, 0, -4, 0, -10,
    0, -3, -3, 0, -12, 0, 0, 6,
    0, -5, -5, 0, 0, 0, 0, 0,
    0, 0, -1, 0, 0, 0, 0, 0,
    0, 0, 0, 6, -9, 0, -13, -1,
    -1, 0, 0, -3, -4, 0, -1, -9,
    0, -9, 0, -3, 0, 0, -10, 0,
    0, -23, -4, -2, -2, 2, -6, 0,
    0, 0, 0, 0, -3, 0, 0, 0,
    0, 0, 0, -1, 0, 1, -3, 0,
    3, -6, 0, 0, 0, -3, 3, 0,
    0, 0, 0, -10, 0, -3, -1, 3,
    -9, 0, 0, 1, 0, -3, -3, 0,
    0, 0, 0, 0, 0, 0, 0, 0,
    0, 0, 0, 0, 0, 0
};


/*Collect the kern class' data in one place*/
static const lv_font_fmt_txt_kern_classes_t kern_classes =
{
    .class_pair_values   = kern_class_values,
    .left_class_mapping  = kern_left_class_mapping,
    .right_class_mapping = kern_right_class_mapping,
    .left_class_cnt      = 43,
    .right_class_cnt     = 42,
};

/*--------------------
 *  ALL CUSTOM DATA
 *--------------------*/

#if LVGL_VERSION_MAJOR == 8
/*Store all the custom data of the font*/
static  lv_font_fmt_txt_glyph_cache_t cache;
#endif

#if LVGL_VERSION_MAJOR >= 8
static const lv_font_fmt_txt_dsc_t font_dsc = {
#else
static lv_font_fmt_txt_dsc_t font_dsc = {
#endif
    .glyph_bitmap = glyph_bitmap,
    .glyph_dsc = glyph_dsc,
    .cmaps = cmaps,
    .kern_dsc = &kern_classes,
    .kern_scale = 16,
    .cmap_num = 2,
    .bpp = 4,
    .kern_classes = 1,
    .bitmap_format = 0,
#if LVGL_VERSION_MAJOR == 8
    .cache = &cache
#endif
};



/*-----------------
 *  PUBLIC FONT
 *----------------*/

/*Initialize a public general font descriptor*/
#if LVGL_VERSION_MAJOR >= 8
const lv_font_t plex_medium_18 = {
#else
lv_font_t plex_medium_18 = {
#endif
    .get_glyph_dsc = lv_font_get_glyph_dsc_fmt_txt,    /*Function pointer to get glyph's data*/
    .get_glyph_bitmap = lv_font_get_bitmap_fmt_txt,    /*Function pointer to get glyph's bitmap*/
    .line_height = 21,          /*The maximum line height required by the font*/
    .base_line = 4,             /*Baseline measured from the bottom of the line*/
#if !(LVGL_VERSION_MAJOR == 6 && LVGL_VERSION_MINOR == 0)
    .subpx = LV_FONT_SUBPX_NONE,
#endif
#if LV_VERSION_CHECK(7, 4, 0) || LVGL_VERSION_MAJOR >= 8
    .underline_position = -1,
    .underline_thickness = 2,
#endif
    .dsc = &font_dsc,          /*The custom font data. Will be accessed by `get_glyph_bitmap/dsc` */
#if LV_VERSION_CHECK(8, 2, 0) || LVGL_VERSION_MAJOR >= 9
    .fallback = NULL,
#endif
    .user_data = NULL,
};



#endif /*#if PLEX_MEDIUM_18*/

